NEW,O-5,BUY,102,16,1786137004255,5
NEW,O-3,BUY,96,20,1786137004255,3
NEW,O-7,SELL,97,1,1786137004267,7
NEW,O-4,BUY,99,3,1786137004255,4
NEW,O-8,SELL,99,10,1786137004268,8
NEW,O-9,SELL,109,19,1786137004268,9
NEW,O-10,SELL,90,12,1786137004268,10
NEW,O-11,SELL,102,6,1786137004268,11
NEW,O-12,SELL,95,4,1786137004268,12
NEW,O-13,SELL,98,19,1786137004268,13
NEW,O-14,SELL,95,14,1786137004268,14
NEW,O-15,BUY,91,7,1786137004268,15
NEW,O-16,SELL,108,2,1786137004268,16
NEW,O-17,BUY,102,15,1786137004268,17
NEW,O-18,BUY,108,14,1786137004268,18
NEW,O-19,SELL,103,20,1786137004268,19
NEW,O-20,BUY,96,1,1786137004268,20
NEW,O-21,SELL,100,6,1786137004268,21
NEW,O-2,SELL,99,1,1786137004255,2
NEW,O-22,BUY,109,15,1786137004268,22
NEW,O-23,BUY,101,13,1786137004268,23
NEW,O-24,SELL,103,15,1786137004268,24
NEW,O-25,BUY,101,4,1786137004268,25
NEW,O-26,SELL,98,19,1786137004268,26
NEW,O-27,SELL,101,15,1786137004268,27
NEW,O-28,BUY,98,8,1786137004268,28
NEW,O-29,SELL,103,18,1786137004268,29
NEW,O-30,SELL,105,5,1786137004268,30
NEW,O-31,BUY,109,14,1786137004268,31
NEW,O-32,BUY,110,2,1786137004268,32
NEW,O-33,SELL,96,13,1786137004268,33
NEW,O-34,BUY,94,19,1786137004268,34
NEW,O-35,SELL,101,19,1786137004268,35
NEW,O-36,BUY,90,12,1786137004268,36
NEW,O-37,BUY,96,1,1786137004268,37
NEW,O-38,BUY,101,16,1786137004268,38
NEW,O-39,SELL,99,3,1786137004268,39
NEW,O-40,SELL,108,3,1786137004268,40
NEW,O-41,BUY,95,3,1786137004268,41
NEW,O-42,SELL,90,9,1786137004268,42
NEW,O-43,SELL,110,12,1786137004268,43
NEW,O-44,SELL,101,7,1786137004268,44
NEW,O-45,SELL,105,13,1786137004268,45
NEW,O-46,SELL,98,15,1786137004268,46
NEW,O-47,BUY,109,10,1786137004268,47
NEW,O-48,BUY,90,10,1786137004268,48
NEW,O-49,BUY,106,4,1786137004268,49
NEW,O-50,BUY,97,3,1786137004268,50
NEW,O-51,BUY,99,7,1786137004268,51
NEW,O-52,SELL,103,14,1786137004268,52
NEW,O-53,SELL,95,8,1786137004268,53
NEW,O-54,BUY,108,15,1786137004268,54
NEW,O-55,BUY,99,1,1786137004268,55
NEW,O-56,BUY,95,18,1786137004268,56
NEW,O-57,SELL,102,13,1786137004268,57
NEW,O-58,BUY,96,18,1786137004268,58
NEW,O-59,BUY,91,2,1786137004268,59
NEW,O-60,SELL,105,20,1786137004268,60
NEW,O-61,BUY,98,13,1786137004268,61
NEW,O-62,BUY,93,7,1786137004268,62
NEW,O-63,BUY,109,18,1786137004268,63
NEW,O-64,SELL,108,4,1786137004268,64
NEW,O-65,SELL,107,15,1786137004268,65
NEW,O-66,SELL,90,9,1786137004268,66
NEW,O-67,SELL,101,7,1786137004268,67
NEW,O-68,BUY,103,18,1786137004268,68
NEW,O-70,BUY,92,9,1786137004268,70
NEW,O-71,SELL,108,16,1786137004268,71
NEW,O-72,SELL,90,11,1786137004268,72
NEW,O-69,SELL,102,6,1786137004268,69
NEW,O-73,SELL,107,7,1786137004268,73
NEW,O-74,BUY,95,1,1786137004268,74
NEW,O-75,SELL,96,9,1786137004268,75
NEW,O-77,SELL,90,9,1786137004268,77
NEW,O-76,SELL,107,20,1786137004268,76
NEW,O-78,BUY,101,4,1786137004268,78
NEW,O-79,BUY,103,6,1786137004268,79
NEW,O-81,BUY,107,18,1786137004268,81
NEW,O-80,SELL,108,9,1786137004268,80
NEW,O-82,BUY,105,3,1786137004268,82
NEW,O-84,SELL,108,20,1786137004268,84
NEW,O-85,SELL,98,3,1786137004268,85
NEW,O-86,BUY,102,9,1786137004268,86
NEW,O-87,SELL,96,5,1786137004268,87
NEW,O-88,BUY,106,16,1786137004268,88
NEW,O-89,SELL,105,10,1786137004268,89
NEW,O-83,BUY,108,19,1786137004268,83
NEW,O-90,SELL,94,14,1786137004268,90
NEW,O-91,SELL,109,19,1786137004268,91
NEW,O-93,SELL,101,9,1786137004268,93
NEW,O-92,SELL,108,3,1786137004268,92
NEW,O-94,SELL,99,3,1786137004268,94
NEW,O-95,BUY,95,8,1786137004268,95
NEW,O-97,SELL,90,7,1786137004268,97
NEW,O-96,BUY,98,2,1786137004268,96
NEW,O-98,SELL,100,12,1786137004269,98
NEW,O-99,BUY,94,1,1786137004269,99
NEW,O-100,SELL,106,11,1786137004269,100
NEW,O-102,SELL,99,17,1786137004269,102
NEW,O-103,SELL,99,5,1786137004269,103
NEW,O-101,SELL,100,10,1786137004269,101
NEW,O-104,BUY,90,15,1786137004269,104
NEW,O-105,BUY,107,8,1786137004269,105
NEW,O-107,BUY,102,19,1786137004269,107
NEW,O-106,SELL,92,10,1786137004269,106
NEW,O-109,SELL,91,20,1786137004269,109
NEW,O-108,BUY,98,6,1786137004269,108
NEW,O-110,BUY,91,18,1786137004269,110
NEW,O-111,SELL,103,17,1786137004269,111
NEW,O-112,BUY,108,2,1786137004269,112
NEW,O-113,SELL,90,7,1786137004269,113
NEW,O-114,BUY,101,11,1786137004269,114
NEW,O-115,SELL,109,7,1786137004269,115
NEW,O-116,BUY,97,11,1786137004269,116
NEW,O-117,BUY,98,19,1786137004269,117
NEW,O-118,BUY,105,20,1786137004269,118
NEW,O-120,BUY,106,16,1786137004269,120
NEW,O-121,BUY,104,18,1786137004269,121
NEW,O-119,SELL,108,14,1786137004269,119
NEW,O-122,BUY,91,16,1786137004269,122
NEW,O-123,BUY,94,20,1786137004269,123
NEW,O-124,BUY,105,11,1786137004269,124
NEW,O-125,BUY,97,1,1786137004269,125
NEW,O-126,SELL,93,1,1786137004269,126
NEW,O-127,BUY,102,8,1786137004269,127
NEW,O-128,BUY,94,10,1786137004269,128
NEW,O-130,BUY,110,7,1786137004269,130
NEW,O-129,BUY,96,10,1786137004269,129
NEW,O-131,SELL,98,13,1786137004269,131
NEW,O-132,BUY,106,13,1786137004269,132
NEW,O-133,SELL,92,6,1786137004269,133
NEW,O-134,BUY,109,14,1786137004269,134
NEW,O-135,BUY,96,14,1786137004269,135
NEW,O-137,BUY,107,12,1786137004269,137
NEW,O-136,BUY,109,9,1786137004269,136
NEW,O-138,SELL,97,4,1786137004269,138
NEW,O-139,BUY,90,4,1786137004269,139
NEW,O-141,SELL,103,7,1786137004269,141
NEW,O-140,SELL,102,9,1786137004269,140
NEW,O-142,SELL,94,2,1786137004269,142
NEW,O-143,SELL,90,13,1786137004269,143
NEW,O-144,SELL,94,4,1786137004269,144
NEW,O-145,BUY,106,10,1786137004269,145
NEW,O-146,BUY,93,17,1786137004269,146
NEW,O-148,SELL,100,6,1786137004269,148
NEW,O-149,BUY,99,4,1786137004269,149
NEW,O-147,BUY,92,6,1786137004269,147
NEW,O-150,BUY,94,5,1786137004269,150
NEW,O-151,SELL,92,7,1786137004269,151
NEW,O-152,BUY,92,8,1786137004269,152
NEW,O-153,SELL,107,1,1786137004269,153
NEW,O-155,BUY,104,11,1786137004269,155
NEW,O-154,SELL,109,7,1786137004269,154
NEW,O-156,BUY,106,16,1786137004269,156
NEW,O-157,BUY,94,20,1786137004269,157
NEW,O-159,SELL,103,17,1786137004269,159
NEW,O-158,BUY,98,2,1786137004269,158
NEW,O-160,SELL,97,18,1786137004269,160
NEW,O-162,SELL,92,4,1786137004269,162
NEW,O-163,BUY,100,10,1786137004269,163
NEW,O-161,BUY,100,7,1786137004269,161
NEW,O-164,BUY,102,16,1786137004269,164
NEW,O-165,BUY,94,4,1786137004269,165
NEW,O-166,SELL,92,17,1786137004269,166
NEW,O-168,SELL,101,9,1786137004269,168
NEW,O-167,SELL,90,9,1786137004269,167
NEW,O-169,SELL,101,17,1786137004269,169
NEW,O-170,BUY,99,17,1786137004269,170
NEW,O-171,BUY,93,15,1786137004269,171
NEW,O-172,BUY,110,4,1786137004269,172
NEW,O-174,SELL,92,19,1786137004269,174
NEW,O-175,SELL,110,16,1786137004269,175
NEW,O-173,BUY,94,2,1786137004269,173
NEW,O-176,SELL,99,11,1786137004269,176
NEW,O-177,SELL,106,5,1786137004269,177
NEW,O-178,SELL,91,2,1786137004269,178
NEW,O-179,BUY,105,15,1786137004269,179
NEW,O-180,BUY,104,8,1786137004269,180
NEW,O-181,BUY,108,9,1786137004269,181
NEW,O-182,BUY,108,13,1786137004269,182
NEW,O-183,SELL,90,11,1786137004269,183
NEW,O-184,BUY,96,4,1786137004269,184
NEW,O-185,BUY,109,11,1786137004269,185
NEW,O-186,SELL,101,18,1786137004269,186
NEW,O-187,BUY,109,16,1786137004269,187
NEW,O-188,SELL,102,10,1786137004269,188
NEW,O-189,SELL,103,15,1786137004269,189
NEW,O-191,SELL,103,14,1786137004269,191
NEW,O-190,SELL,102,1,1786137004269,190
NEW,O-192,SELL,96,18,1786137004269,192
NEW,O-193,BUY,99,12,1786137004269,193
NEW,O-194,SELL,108,16,1786137004269,194
NEW,O-195,SELL,104,18,1786137004269,195
NEW,O-197,BUY,93,16,1786137004269,197
NEW,O-198,SELL,102,18,1786137004269,198
NEW,O-199,BUY,108,15,1786137004269,199
NEW,O-196,SELL,105,3,1786137004269,196
NEW,O-200,BUY,109,11,1786137004269,200
NEW,O-201,BUY,108,9,1786137004269,201
NEW,O-202,BUY,94,11,1786137004269,202
NEW,O-203,SELL,107,8,1786137004269,203
NEW,O-205,BUY,99,15,1786137004269,205
NEW,O-204,SELL,98,5,1786137004269,204
NEW,O-206,BUY,104,17,1786137004269,206
NEW,O-207,SELL,107,12,1786137004269,207
NEW,O-208,BUY,93,10,1786137004269,208
NEW,O-210,BUY,109,1,1786137004269,210
NEW,O-211,SELL,99,13,1786137004269,211
NEW,O-209,SELL,108,15,1786137004269,209
NEW,O-212,SELL,104,20,1786137004269,212
NEW,O-213,BUY,103,5,1786137004269,213
NEW,O-214,BUY,103,14,1786137004269,214
NEW,O-215,SELL,94,16,1786137004269,215
NEW,O-216,BUY,99,11,1786137004269,216
NEW,O-218,BUY,100,14,1786137004269,218
NEW,O-217,SELL,91,5,1786137004269,217
NEW,O-219,BUY,96,1,1786137004269,219
NEW,O-220,SELL,98,1,1786137004269,220
NEW,O-222,BUY,107,2,1786137004269,222
NEW,O-221,SELL,91,12,1786137004269,221
NEW,O-224,SELL,94,4,1786137004269,224
NEW,O-225,BUY,99,16,1786137004269,225
NEW,O-226,SELL,91,17,1786137004269,226
NEW,O-227,BUY,94,6,1786137004269,227
NEW,O-228,SELL,101,14,1786137004269,228
NEW,O-230,SELL,104,4,1786137004269,230
NEW,O-232,BUY,102,11,1786137004269,232
NEW,O-233,SELL,93,2,1786137004269,233
NEW,O-229,SELL,93,19,1786137004269,229
NEW,O-234,BUY,110,14,1786137004269,234
NEW,O-231,SELL,97,1,1786137004269,231
NEW,O-235,BUY,101,8,1786137004269,235
NEW,O-236,BUY,96,6,1786137004269,236
NEW,O-237,BUY,102,18,1786137004269,237
NEW,O-239,BUY,102,9,1786137004269,239
NEW,O-238,BUY,95,10,1786137004269,238
NEW,O-240,BUY,106,13,1786137004269,240
NEW,O-241,BUY,95,8,1786137004269,241
NEW,O-242,BUY,91,6,1786137004269,242
NEW,O-243,BUY,108,11,1786137004269,243
NEW,O-244,SELL,110,20,1786137004269,244
NEW,O-245,BUY,103,7,1786137004269,245
NEW,O-246,BUY,98,5,1786137004269,246
NEW,O-247,BUY,103,11,1786137004269,247
NEW,O-250,SELL,90,13,1786137004269,250
NEW,O-249,SELL,101,14,1786137004269,249
NEW,O-248,SELL,95,4,1786137004269,248
NEW,O-251,SELL,98,11,1786137004269,251
NEW,O-223,SELL,98,11,1786137004269,223
NEW,O-6,SELL,91,15,1786137004258,6
NEW,O-252,BUY,91,2,1786137004269,252
NEW,O-253,BUY,93,19,1786137004269,253
NEW,O-254,BUY,104,16,1786137004269,254
NEW,O-255,SELL,91,9,1786137004269,255
NEW,O-256,BUY,109,8,1786137004269,256
NEW,O-257,SELL,102,15,1786137004269,257
NEW,O-259,SELL,109,19,1786137004269,259
NEW,O-258,BUY,100,6,1786137004269,258
NEW,O-260,BUY,90,2,1786137004269,260
NEW,O-261,SELL,91,3,1786137004269,261
NEW,O-263,SELL,97,10,1786137004269,263
NEW,O-262,BUY,103,6,1786137004269,262
NEW,O-265,BUY,96,15,1786137004269,265
NEW,O-264,SELL,109,7,1786137004269,264
NEW,O-267,SELL,91,3,1786137004269,267
NEW,O-266,SELL,101,16,1786137004269,266
NEW,O-268,BUY,90,4,1786137004269,268
NEW,O-271,SELL,97,6,1786137004269,271
NEW,O-270,BUY,102,17,1786137004269,270
NEW,O-273,BUY,100,2,1786137004269,273
NEW,O-272,SELL,110,8,1786137004269,272
NEW,O-274,BUY,108,16,1786137004269,274
NEW,O-275,BUY,107,4,1786137004269,275
NEW,O-277,BUY,97,7,1786137004269,277
NEW,O-269,BUY,97,16,1786137004269,269
NEW,O-279,BUY,96,13,1786137004269,279
NEW,O-280,BUY,100,13,1786137004269,280
NEW,O-281,SELL,106,14,1786137004269,281
NEW,O-276,SELL,97,19,1786137004269,276
NEW,O-284,SELL,90,6,1786137004269,284
NEW,O-285,BUY,105,20,1786137004269,285
NEW,O-286,SELL,96,12,1786137004269,286
NEW,O-287,BUY,108,8,1786137004269,287
NEW,O-288,BUY,103,12,1786137004269,288
NEW,O-289,SELL,101,20,1786137004269,289
NEW,O-290,BUY,105,16,1786137004269,290
NEW,O-291,SELL,103,4,1786137004269,291
NEW,O-292,SELL,97,17,1786137004269,292
NEW,O-293,BUY,97,7,1786137004269,293
NEW,O-278,SELL,105,19,1786137004269,278
NEW,O-294,SELL,103,12,1786137004269,294
NEW,O-295,SELL,96,10,1786137004270,295
NEW,O-296,BUY,98,17,1786137004270,296
NEW,O-297,BUY,98,16,1786137004270,297
NEW,O-298,SELL,106,18,1786137004270,298
NEW,O-299,SELL,94,10,1786137004270,299
NEW,O-300,SELL,109,9,1786137004270,300
NEW,O-301,SELL,96,12,1786137004270,301
NEW,O-302,SELL,92,17,1786137004270,302
NEW,O-304,SELL,102,9,1786137004270,304
NEW,O-303,BUY,95,3,1786137004270,303
NEW,O-305,BUY,95,8,1786137004270,305
NEW,O-306,SELL,100,1,1786137004270,306
NEW,O-308,SELL,98,3,1786137004270,308
NEW,O-307,BUY,105,17,1786137004270,307
NEW,O-309,BUY,107,12,1786137004270,309
NEW,O-310,SELL,90,17,1786137004270,310
NEW,O-311,BUY,110,19,1786137004270,311
NEW,O-312,BUY,101,18,1786137004270,312
NEW,O-313,SELL,101,2,1786137004270,313
NEW,O-314,SELL,90,10,1786137004270,314
NEW,O-315,SELL,98,16,1786137004270,315
NEW,O-316,BUY,98,16,1786137004270,316
NEW,O-318,SELL,108,15,1786137004270,318
NEW,O-319,BUY,90,13,1786137004270,319
NEW,O-320,BUY,110,18,1786137004270,320
NEW,O-317,SELL,110,8,1786137004270,317
NEW,O-321,SELL,91,18,1786137004270,321
NEW,O-322,BUY,110,4,1786137004270,322
NEW,O-323,BUY,102,15,1786137004270,323
NEW,O-324,BUY,103,7,1786137004270,324
NEW,O-325,SELL,109,7,1786137004270,325
NEW,O-326,SELL,101,12,1786137004270,326
NEW,O-328,SELL,93,9,1786137004270,328
NEW,O-329,SELL,106,3,1786137004270,329
NEW,O-330,BUY,110,3,1786137004270,330
NEW,O-331,SELL,90,6,1786137004270,331
NEW,O-332,BUY,105,13,1786137004270,332
NEW,O-333,BUY,101,4,1786137004270,333
NEW,O-334,BUY,92,3,1786137004270,334
NEW,O-335,SELL,93,13,1786137004270,335
NEW,O-336,BUY,110,1,1786137004270,336
NEW,O-337,SELL,90,18,1786137004270,337
NEW,O-338,BUY,97,14,1786137004270,338
NEW,O-339,SELL,100,7,1786137004270,339
NEW,O-340,BUY,98,11,1786137004270,340
NEW,O-341,BUY,110,14,1786137004270,341
NEW,O-327,SELL,93,5,1786137004270,327
NEW,O-343,SELL,98,8,1786137004270,343
NEW,O-344,SELL,105,8,1786137004270,344
NEW,O-342,BUY,102,2,1786137004270,342
NEW,O-346,BUY,90,7,1786137004270,346
NEW,O-347,BUY,94,9,1786137004270,347
NEW,O-348,BUY,102,15,1786137004270,348
NEW,O-349,BUY,95,2,1786137004270,349
NEW,O-350,SELL,102,7,1786137004270,350
NEW,O-351,SELL,107,10,1786137004270,351
NEW,O-352,BUY,106,16,1786137004270,352
NEW,O-353,SELL,90,3,1786137004270,353
NEW,O-354,SELL,99,18,1786137004270,354
NEW,O-355,SELL,91,12,1786137004270,355
NEW,O-356,BUY,99,2,1786137004270,356
NEW,O-357,SELL,110,6,1786137004270,357
NEW,O-358,SELL,93,6,1786137004270,358
NEW,O-359,SELL,101,18,1786137004270,359
NEW,O-360,BUY,94,2,1786137004270,360
NEW,O-361,BUY,91,16,1786137004270,361
NEW,O-362,BUY,92,6,1786137004270,362
NEW,O-363,SELL,98,19,1786137004270,363
NEW,O-364,SELL,93,20,1786137004270,364
NEW,O-365,BUY,107,7,1786137004270,365
NEW,O-366,BUY,103,16,1786137004271,366
NEW,O-367,BUY,110,5,1786137004271,367
NEW,O-368,BUY,97,16,1786137004271,368
NEW,O-369,SELL,97,18,1786137004271,369
NEW,O-370,BUY,93,7,1786137004271,370
NEW,O-371,BUY,106,14,1786137004271,371
NEW,O-372,BUY,90,12,1786137004271,372
NEW,O-373,SELL,91,9,1786137004271,373
NEW,O-374,SELL,103,6,1786137004271,374
NEW,O-375,SELL,108,4,1786137004271,375
NEW,O-376,BUY,110,18,1786137004271,376
NEW,O-377,BUY,100,16,1786137004271,377
NEW,O-378,BUY,99,14,1786137004271,378
NEW,O-379,BUY,109,20,1786137004271,379
NEW,O-380,BUY,107,6,1786137004271,380
NEW,O-282,BUY,99,13,1786137004269,282
NEW,O-381,BUY,94,7,1786137004271,381
NEW,O-382,BUY,94,18,1786137004271,382
NEW,O-383,BUY,96,6,1786137004271,383
NEW,O-283,BUY,100,13,1786137004269,283
NEW,O-384,SELL,92,5,1786137004271,384
NEW,O-385,BUY,99,16,1786137004271,385
NEW,O-387,SELL,105,13,1786137004271,387
NEW,O-386,SELL,96,13,1786137004271,386
NEW,O-388,SELL,106,6,1786137004271,388
NEW,O-389,BUY,108,14,1786137004271,389
NEW,O-391,SELL,98,18,1786137004271,391
NEW,O-392,BUY,106,2,1786137004271,392
NEW,O-393,SELL,90,17,1786137004271,393
NEW,O-395,SELL,92,15,1786137004271,395
NEW,O-394,BUY,105,13,1786137004271,394
NEW,O-397,SELL,109,3,1786137004271,397
NEW,O-396,SELL,110,15,1786137004271,396
NEW,O-398,SELL,93,10,1786137004271,398
NEW,O-399,BUY,93,16,1786137004271,399
NEW,O-400,SELL,105,7,1786137004271,400
NEW,O-401,BUY,108,8,1786137004271,401
NEW,O-402,BUY,106,18,1786137004271,402
NEW,O-405,SELL,93,19,1786137004271,405
NEW,O-345,BUY,100,4,1786137004270,345
NEW,O-406,BUY,109,5,1786137004271,406
NEW,O-390,BUY,100,14,1786137004271,390
NEW,O-404,SELL,104,15,1786137004271,404
NEW,O-408,BUY,92,18,1786137004271,408
NEW,O-407,BUY,93,20,1786137004271,407
NEW,O-409,BUY,91,5,1786137004271,409
NEW,O-410,SELL,98,4,1786137004271,410
NEW,O-411,SELL,109,16,1786137004271,411
NEW,O-412,BUY,97,14,1786137004271,412
NEW,O-413,BUY,109,7,1786137004271,413
NEW,O-414,BUY,106,17,1786137004271,414
NEW,O-415,BUY,96,10,1786137004271,415
NEW,O-416,SELL,103,6,1786137004271,416
NEW,O-418,SELL,95,10,1786137004271,418
NEW,O-419,BUY,97,5,1786137004271,419
NEW,O-420,BUY,106,13,1786137004271,420
NEW,O-422,BUY,97,18,1786137004271,422
NEW,O-421,BUY,110,9,1786137004271,421
NEW,O-423,SELL,100,8,1786137004271,423
NEW,O-425,BUY,99,11,1786137004271,425
NEW,O-426,BUY,102,1,1786137004271,426
NEW,O-427,BUY,92,19,1786137004271,427
NEW,O-428,BUY,97,8,1786137004271,428
NEW,O-429,BUY,90,10,1786137004271,429
NEW,O-430,SELL,94,19,1786137004271,430
NEW,O-431,BUY,107,3,1786137004271,431
NEW,O-432,BUY,92,7,1786137004271,432
NEW,O-433,BUY,90,13,1786137004271,433
NEW,O-434,BUY,90,12,1786137004271,434
NEW,O-417,BUY,107,9,1786137004271,417
NEW,O-435,BUY,97,17,1786137004271,435
NEW,O-436,BUY,103,14,1786137004271,436
NEW,O-437,BUY,90,8,1786137004271,437
NEW,O-438,BUY,102,11,1786137004271,438
NEW,O-439,SELL,98,17,1786137004271,439
NEW,O-440,SELL,110,20,1786137004271,440
NEW,O-441,BUY,103,15,1786137004271,441
NEW,O-443,SELL,95,1,1786137004271,443
NEW,O-442,BUY,91,11,1786137004271,442
NEW,O-444,BUY,100,11,1786137004271,444
NEW,O-445,BUY,103,17,1786137004271,445
NEW,O-446,BUY,94,15,1786137004271,446
NEW,O-447,SELL,109,16,1786137004271,447
NEW,O-424,SELL,93,8,1786137004271,424
NEW,O-449,SELL,100,18,1786137004271,449
NEW,O-448,SELL,107,20,1786137004271,448
NEW,O-450,BUY,91,12,1786137004271,450
NEW,O-451,BUY,96,4,1786137004271,451
NEW,O-452,BUY,93,14,1786137004271,452
NEW,O-453,BUY,109,19,1786137004271,453
NEW,O-454,BUY,100,7,1786137004271,454
NEW,O-455,BUY,92,17,1786137004271,455
NEW,O-456,SELL,110,17,1786137004271,456
NEW,O-457,SELL,109,2,1786137004271,457
NEW,O-458,SELL,92,11,1786137004271,458
NEW,O-459,SELL,91,1,1786137004271,459
NEW,O-460,BUY,109,3,1786137004271,460
NEW,O-461,BUY,95,4,1786137004271,461
NEW,O-462,SELL,95,7,1786137004271,462
NEW,O-463,BUY,103,19,1786137004271,463
NEW,O-464,SELL,106,3,1786137004271,464
NEW,O-465,BUY,96,6,1786137004271,465
NEW,O-466,SELL,110,19,1786137004271,466
NEW,O-467,BUY,103,3,1786137004271,467
NEW,O-469,SELL,92,8,1786137004271,469
NEW,O-468,BUY,101,9,1786137004271,468
NEW,O-470,SELL,95,16,1786137004271,470
NEW,O-472,BUY,106,13,1786137004271,472
NEW,O-471,BUY,90,12,1786137004271,471
NEW,O-473,SELL,94,3,1786137004271,473
NEW,O-474,SELL,94,12,1786137004271,474
NEW,O-475,BUY,92,18,1786137004271,475
NEW,O-479,BUY,103,5,1786137004271,479
NEW,O-480,SELL,95,7,1786137004271,480
NEW,O-481,SELL,107,7,1786137004271,481
NEW,O-482,BUY,92,8,1786137004271,482
NEW,O-483,SELL,106,10,1786137004271,483
NEW,O-484,SELL,110,14,1786137004271,484
NEW,O-485,BUY,104,15,1786137004271,485
NEW,O-486,BUY,100,4,1786137004271,486
NEW,O-487,SELL,109,16,1786137004271,487
NEW,O-488,SELL,90,20,1786137004271,488
NEW,O-489,SELL,95,3,1786137004271,489
NEW,O-490,SELL,104,11,1786137004271,490
NEW,O-491,SELL,98,12,1786137004271,491
NEW,O-492,BUY,97,3,1786137004271,492
NEW,O-493,SELL,99,17,1786137004271,493
NEW,O-494,BUY,104,18,1786137004272,494
NEW,O-495,SELL,98,5,1786137004272,495
NEW,O-496,BUY,102,10,1786137004272,496
NEW,O-497,SELL,110,11,1786137004272,497
NEW,O-498,BUY,107,16,1786137004272,498
NEW,O-499,SELL,104,17,1786137004272,499
NEW,O-500,SELL,102,10,1786137004272,500
NEW,O-501,SELL,91,8,1786137004272,501
NEW,O-502,BUY,105,19,1786137004272,502
NEW,O-503,BUY,101,16,1786137004272,503
NEW,O-504,SELL,105,16,1786137004272,504
NEW,O-505,SELL,100,2,1786137004272,505
NEW,O-506,BUY,91,10,1786137004272,506
NEW,O-507,SELL,92,11,1786137004272,507
NEW,O-508,BUY,90,5,1786137004272,508
NEW,O-509,BUY,109,16,1786137004272,509
NEW,O-510,BUY,95,20,1786137004272,510
NEW,O-511,SELL,109,10,1786137004272,511
NEW,O-512,SELL,106,11,1786137004272,512
NEW,O-513,SELL,94,12,1786137004272,513
NEW,O-514,SELL,94,6,1786137004272,514
NEW,O-403,SELL,105,14,1786137004271,403
NEW,O-516,BUY,93,17,1786137004272,516
NEW,O-515,BUY,91,17,1786137004272,515
NEW,O-517,SELL,106,2,1786137004272,517
NEW,O-518,SELL,93,18,1786137004272,518
NEW,O-520,BUY,103,12,1786137004272,520
NEW,O-519,BUY,96,13,1786137004272,519
NEW,O-521,BUY,97,12,1786137004272,521
NEW,O-522,SELL,99,1,1786137004272,522
NEW,O-523,BUY,98,20,1786137004272,523
NEW,O-524,BUY,98,18,1786137004272,524
NEW,O-525,SELL,91,19,1786137004272,525
NEW,O-526,SELL,95,1,1786137004272,526
NEW,O-527,BUY,92,13,1786137004272,527
NEW,O-528,SELL,93,8,1786137004272,528
NEW,O-530,BUY,108,19,1786137004272,530
NEW,O-531,BUY,90,9,1786137004272,531
NEW,O-532,SELL,97,15,1786137004272,532
NEW,O-533,BUY,100,19,1786137004272,533
NEW,O-534,SELL,92,8,1786137004272,534
NEW,O-535,SELL,91,17,1786137004272,535
NEW,O-536,BUY,100,8,1786137004272,536
NEW,O-537,SELL,105,19,1786137004272,537
NEW,O-529,SELL,109,1,1786137004272,529
NEW,O-538,SELL,98,11,1786137004272,538
NEW,O-539,SELL,100,6,1786137004272,539
NEW,O-540,BUY,96,19,1786137004272,540
NEW,O-542,BUY,99,16,1786137004272,542
NEW,O-541,SELL,102,4,1786137004272,541
NEW,O-543,SELL,97,8,1786137004272,543
NEW,O-544,SELL,109,11,1786137004272,544
NEW,O-546,BUY,110,15,1786137004272,546
NEW,O-545,SELL,107,17,1786137004272,545
NEW,O-547,SELL,91,13,1786137004272,547
NEW,O-548,BUY,97,13,1786137004273,548
NEW,O-550,BUY,107,18,1786137004273,550
NEW,O-549,BUY,108,14,1786137004273,549
NEW,O-551,SELL,97,6,1786137004273,551
NEW,O-552,SELL,92,11,1786137004273,552
NEW,O-553,BUY,96,9,1786137004273,553
NEW,O-554,BUY,96,8,1786137004273,554
NEW,O-555,BUY,97,2,1786137004273,555
NEW,O-556,BUY,92,4,1786137004273,556
NEW,O-557,BUY,95,7,1786137004273,557
NEW,O-558,BUY,98,1,1786137004273,558
NEW,O-559,SELL,97,20,1786137004273,559
NEW,O-560,BUY,109,11,1786137004273,560
NEW,O-561,SELL,103,2,1786137004273,561
NEW,O-562,BUY,105,17,1786137004273,562
NEW,O-563,SELL,99,11,1786137004273,563
NEW,O-564,SELL,106,18,1786137004273,564
NEW,O-566,BUY,102,6,1786137004273,566
NEW,O-565,SELL,107,19,1786137004273,565
NEW,O-567,SELL,95,8,1786137004273,567
NEW,O-569,SELL,94,4,1786137004273,569
NEW,O-570,SELL,108,18,1786137004273,570
NEW,O-571,BUY,90,19,1786137004273,571
NEW,O-572,SELL,98,19,1786137004273,572
NEW,O-573,SELL,95,6,1786137004273,573
NEW,O-574,SELL,104,14,1786137004273,574
NEW,O-575,BUY,108,17,1786137004273,575
NEW,O-576,SELL,104,4,1786137004273,576
NEW,O-577,SELL,98,3,1786137004273,577
NEW,O-578,SELL,98,18,1786137004273,578
NEW,O-579,BUY,90,5,1786137004273,579
NEW,O-580,BUY,96,20,1786137004273,580
NEW,O-581,BUY,99,1,1786137004273,581
NEW,O-582,BUY,101,12,1786137004273,582
NEW,O-583,SELL,97,1,1786137004273,583
NEW,O-584,SELL,101,9,1786137004273,584
NEW,O-585,BUY,101,11,1786137004273,585
NEW,O-586,SELL,96,10,1786137004273,586
NEW,O-587,SELL,96,17,1786137004273,587
NEW,O-588,SELL,106,14,1786137004273,588
NEW,O-589,SELL,95,16,1786137004273,589
NEW,O-590,SELL,99,11,1786137004273,590
NEW,O-568,BUY,93,3,1786137004273,568
NEW,O-591,SELL,101,19,1786137004274,591
NEW,O-592,BUY,107,18,1786137004274,592
NEW,O-593,BUY,99,16,1786137004274,593
NEW,O-594,BUY,92,14,1786137004274,594
NEW,O-595,BUY,106,7,1786137004274,595
NEW,O-596,BUY,100,19,1786137004274,596
NEW,O-597,SELL,100,20,1786137004274,597
NEW,O-598,SELL,91,11,1786137004274,598
NEW,O-599,BUY,109,3,1786137004274,599
NEW,O-600,BUY,107,9,1786137004274,600
NEW,O-601,SELL,95,5,1786137004274,601
NEW,O-602,BUY,104,8,1786137004274,602
NEW,O-603,BUY,100,15,1786137004274,603
NEW,O-604,SELL,95,16,1786137004274,604
NEW,O-605,BUY,95,4,1786137004274,605
NEW,O-606,SELL,109,9,1786137004274,606
NEW,O-607,BUY,102,17,1786137004274,607
NEW,O-609,BUY,100,8,1786137004274,609
NEW,O-608,BUY,98,10,1786137004274,608
NEW,O-610,SELL,92,12,1786137004274,610
NEW,O-611,BUY,104,7,1786137004274,611
NEW,O-612,BUY,105,19,1786137004274,612
NEW,O-613,SELL,110,17,1786137004274,613
NEW,O-614,BUY,96,11,1786137004274,614
NEW,O-615,BUY,110,17,1786137004274,615
NEW,O-616,SELL,104,17,1786137004274,616
NEW,O-617,SELL,107,15,1786137004274,617
NEW,O-618,SELL,98,5,1786137004274,618
NEW,O-619,BUY,94,10,1786137004274,619
NEW,O-621,SELL,92,4,1786137004274,621
NEW,O-622,SELL,101,10,1786137004274,622
NEW,O-623,BUY,106,17,1786137004274,623
NEW,O-624,BUY,93,20,1786137004274,624
NEW,O-625,BUY,94,10,1786137004274,625
NEW,O-626,BUY,91,12,1786137004274,626
NEW,O-627,SELL,95,6,1786137004274,627
NEW,O-628,BUY,95,19,1786137004274,628
NEW,O-629,SELL,103,18,1786137004274,629
NEW,O-630,SELL,98,9,1786137004274,630
NEW,O-631,SELL,95,5,1786137004274,631
NEW,O-632,SELL,102,1,1786137004274,632
NEW,O-633,SELL,96,8,1786137004274,633
NEW,O-634,SELL,99,4,1786137004274,634
NEW,O-635,SELL,100,9,1786137004274,635
NEW,O-636,SELL,91,15,1786137004274,636
NEW,O-637,SELL,97,14,1786137004274,637
NEW,O-638,BUY,96,8,1786137004274,638
NEW,O-639,SELL,99,9,1786137004274,639
NEW,O-640,BUY,101,2,1786137004274,640
NEW,O-641,BUY,94,14,1786137004274,641
NEW,O-642,BUY,94,11,1786137004274,642
NEW,O-643,SELL,110,9,1786137004274,643
NEW,O-644,SELL,102,11,1786137004274,644
NEW,O-645,BUY,104,15,1786137004274,645
NEW,O-646,BUY,99,19,1786137004274,646
NEW,O-647,BUY,94,7,1786137004274,647
NEW,O-648,SELL,105,8,1786137004275,648
NEW,O-649,BUY,95,4,1786137004275,649
NEW,O-650,BUY,102,12,1786137004275,650
NEW,O-651,SELL,106,14,1786137004275,651
NEW,O-652,SELL,109,9,1786137004275,652
NEW,O-653,BUY,99,18,1786137004275,653
NEW,O-654,SELL,108,15,1786137004275,654
NEW,O-655,SELL,96,7,1786137004275,655
NEW,O-656,SELL,97,4,1786137004275,656
NEW,O-657,SELL,102,9,1786137004275,657
NEW,O-658,SELL,97,7,1786137004275,658
NEW,O-659,SELL,100,20,1786137004275,659
NEW,O-660,SELL,103,19,1786137004275,660
NEW,O-661,SELL,98,15,1786137004275,661
NEW,O-662,BUY,103,6,1786137004275,662
NEW,O-663,BUY,97,10,1786137004275,663
NEW,O-664,BUY,91,1,1786137004275,664
NEW,O-665,BUY,94,6,1786137004275,665
NEW,O-666,SELL,100,20,1786137004275,666
NEW,O-667,BUY,99,14,1786137004275,667
NEW,O-668,BUY,91,12,1786137004275,668
NEW,O-669,BUY,91,18,1786137004275,669
NEW,O-670,BUY,92,14,1786137004275,670
NEW,O-671,SELL,98,20,1786137004275,671
NEW,O-672,SELL,97,19,1786137004275,672
NEW,O-673,SELL,103,3,1786137004275,673
NEW,O-674,BUY,92,7,1786137004275,674
NEW,O-675,BUY,95,1,1786137004275,675
NEW,O-676,SELL,108,20,1786137004275,676
NEW,O-677,SELL,98,6,1786137004275,677
NEW,O-678,SELL,95,18,1786137004275,678
NEW,O-679,BUY,90,17,1786137004275,679
NEW,O-680,BUY,104,6,1786137004275,680
NEW,O-681,SELL,97,19,1786137004275,681
NEW,O-682,BUY,110,9,1786137004275,682
NEW,O-683,BUY,105,12,1786137004275,683
NEW,O-684,BUY,108,11,1786137004275,684
NEW,O-685,SELL,110,15,1786137004275,685
NEW,O-686,BUY,108,6,1786137004275,686
NEW,O-687,BUY,96,16,1786137004275,687
NEW,O-688,SELL,94,18,1786137004275,688
NEW,O-689,BUY,93,19,1786137004275,689
NEW,O-690,SELL,96,12,1786137004275,690
NEW,O-691,SELL,93,20,1786137004275,691
NEW,O-692,SELL,92,17,1786137004275,692
NEW,O-693,SELL,108,7,1786137004275,693
NEW,O-694,BUY,91,14,1786137004275,694
NEW,O-695,SELL,104,10,1786137004275,695
NEW,O-696,BUY,90,3,1786137004275,696
NEW,O-697,SELL,100,11,1786137004275,697
NEW,O-698,SELL,103,18,1786137004275,698
NEW,O-699,BUY,98,1,1786137004275,699
NEW,O-700,BUY,90,7,1786137004275,700
NEW,O-701,SELL,105,16,1786137004275,701
NEW,O-702,BUY,96,15,1786137004275,702
NEW,O-703,BUY,94,7,1786137004275,703
NEW,O-704,SELL,102,18,1786137004275,704
NEW,O-705,SELL,108,2,1786137004275,705
NEW,O-706,BUY,105,18,1786137004275,706
NEW,O-707,BUY,107,6,1786137004275,707
NEW,O-708,SELL,100,15,1786137004275,708
NEW,O-709,BUY,95,2,1786137004275,709
NEW,O-710,SELL,98,3,1786137004275,710
NEW,O-711,BUY,109,14,1786137004275,711
NEW,O-712,BUY,90,17,1786137004275,712
NEW,O-713,BUY,97,17,1786137004275,713
NEW,O-714,BUY,98,4,1786137004275,714
NEW,O-715,SELL,98,4,1786137004275,715
NEW,O-716,SELL,104,15,1786137004275,716
NEW,O-717,BUY,104,15,1786137004275,717
NEW,O-718,SELL,101,20,1786137004275,718
NEW,O-719,SELL,94,8,1786137004275,719
NEW,O-720,BUY,96,10,1786137004275,720
NEW,O-721,BUY,98,20,1786137004275,721
NEW,O-722,BUY,90,16,1786137004275,722
NEW,O-723,BUY,91,11,1786137004275,723
NEW,O-724,BUY,107,2,1786137004275,724
NEW,O-725,SELL,104,17,1786137004275,725
NEW,O-726,BUY,99,17,1786137004275,726
NEW,O-727,BUY,102,16,1786137004275,727
NEW,O-728,SELL,101,4,1786137004275,728
NEW,O-729,SELL,109,2,1786137004275,729
NEW,O-730,BUY,99,3,1786137004275,730
NEW,O-731,BUY,103,10,1786137004275,731
NEW,O-732,BUY,105,8,1786137004275,732
NEW,O-733,SELL,110,16,1786137004275,733
NEW,O-734,BUY,95,18,1786137004275,734
NEW,O-735,BUY,99,19,1786137004275,735
NEW,O-736,SELL,95,11,1786137004275,736
NEW,O-737,BUY,94,8,1786137004275,737
NEW,O-738,SELL,109,3,1786137004275,738
NEW,O-739,SELL,96,6,1786137004275,739
NEW,O-740,SELL,93,5,1786137004275,740
NEW,O-741,BUY,101,2,1786137004275,741
NEW,O-742,SELL,98,3,1786137004275,742
NEW,O-743,BUY,91,17,1786137004275,743
NEW,O-744,BUY,106,12,1786137004275,744
NEW,O-745,SELL,90,18,1786137004275,745
NEW,O-746,BUY,104,10,1786137004275,746
NEW,O-747,BUY,108,7,1786137004275,747
NEW,O-748,BUY,99,18,1786137004275,748
NEW,O-749,SELL,103,16,1786137004275,749
NEW,O-750,BUY,95,12,1786137004275,750
NEW,O-751,BUY,99,14,1786137004275,751
NEW,O-752,SELL,101,1,1786137004275,752
NEW,O-753,SELL,110,11,1786137004275,753
NEW,O-754,SELL,108,19,1786137004275,754
NEW,O-755,SELL,90,4,1786137004275,755
NEW,O-756,BUY,92,9,1786137004275,756
NEW,O-757,SELL,90,9,1786137004275,757
NEW,O-758,SELL,102,6,1786137004275,758
NEW,O-759,SELL,103,13,1786137004275,759
NEW,O-760,SELL,103,12,1786137004275,760
NEW,O-761,BUY,101,12,1786137004275,761
NEW,O-762,SELL,106,18,1786137004275,762
NEW,O-763,BUY,106,18,1786137004275,763
NEW,O-764,SELL,104,20,1786137004276,764
NEW,O-765,BUY,97,7,1786137004276,765
NEW,O-766,SELL,106,7,1786137004276,766
NEW,O-767,BUY,95,7,1786137004276,767
NEW,O-768,SELL,101,20,1786137004276,768
NEW,O-769,SELL,106,17,1786137004276,769
NEW,O-770,SELL,95,11,1786137004276,770
NEW,O-771,BUY,103,1,1786137004276,771
NEW,O-772,SELL,110,14,1786137004276,772
NEW,O-773,SELL,102,19,1786137004276,773
NEW,O-774,SELL,104,9,1786137004276,774
NEW,O-775,BUY,100,11,1786137004276,775
NEW,O-776,SELL,105,13,1786137004276,776
NEW,O-777,BUY,90,1,1786137004276,777
NEW,O-778,SELL,92,7,1786137004276,778
NEW,O-779,SELL,92,16,1786137004276,779
NEW,O-780,SELL,106,11,1786137004276,780
NEW,O-781,SELL,110,17,1786137004276,781
NEW,O-782,SELL,90,3,1786137004276,782
NEW,O-783,SELL,98,18,1786137004276,783
NEW,O-784,BUY,98,19,1786137004276,784
NEW,O-785,BUY,90,13,1786137004276,785
NEW,O-786,BUY,102,20,1786137004276,786
NEW,O-787,BUY,102,16,1786137004276,787
NEW,O-788,BUY,99,19,1786137004276,788
NEW,O-789,BUY,97,12,1786137004276,789
NEW,O-790,SELL,110,1,1786137004276,790
NEW,O-791,SELL,102,16,1786137004276,791
NEW,O-792,BUY,101,10,1786137004276,792
NEW,O-793,SELL,94,1,1786137004276,793
NEW,O-794,SELL,107,12,1786137004276,794
NEW,O-795,SELL,104,1,1786137004276,795
NEW,O-796,SELL,101,10,1786137004276,796
NEW,O-797,BUY,108,17,1786137004276,797
NEW,O-798,BUY,107,11,1786137004276,798
NEW,O-799,SELL,109,16,1786137004276,799
NEW,O-800,SELL,107,18,1786137004276,800
NEW,O-801,BUY,93,4,1786137004276,801
NEW,O-802,BUY,110,18,1786137004276,802
NEW,O-803,SELL,94,18,1786137004276,803
NEW,O-804,BUY,100,13,1786137004276,804
NEW,O-805,SELL,91,15,1786137004276,805
NEW,O-806,SELL,106,18,1786137004276,806
NEW,O-807,SELL,103,11,1786137004276,807
NEW,O-808,SELL,105,16,1786137004276,808
NEW,O-809,SELL,96,19,1786137004276,809
NEW,O-810,BUY,96,10,1786137004276,810
NEW,O-811,SELL,91,4,1786137004276,811
NEW,O-812,BUY,99,10,1786137004276,812
NEW,O-813,SELL,106,12,1786137004276,813
NEW,O-814,BUY,99,12,1786137004276,814
NEW,O-815,BUY,110,17,1786137004276,815
NEW,O-816,SELL,97,7,1786137004276,816
NEW,O-817,BUY,110,13,1786137004276,817
NEW,O-818,BUY,103,12,1786137004276,818
NEW,O-819,SELL,105,2,1786137004276,819
NEW,O-820,BUY,93,7,1786137004276,820
NEW,O-821,SELL,105,6,1786137004276,821
NEW,O-822,BUY,105,3,1786137004276,822
NEW,O-823,BUY,108,6,1786137004276,823
NEW,O-824,SELL,104,7,1786137004276,824
NEW,O-825,BUY,97,19,1786137004276,825
NEW,O-826,SELL,105,8,1786137004276,826
NEW,O-827,BUY,100,2,1786137004276,827
NEW,O-828,BUY,92,3,1786137004276,828
NEW,O-829,SELL,98,9,1786137004276,829
NEW,O-830,BUY,104,14,1786137004276,830
NEW,O-831,BUY,97,1,1786137004276,831
NEW,O-832,SELL,91,20,1786137004276,832
NEW,O-833,SELL,90,5,1786137004276,833
NEW,O-834,SELL,92,7,1786137004276,834
NEW,O-835,SELL,98,5,1786137004276,835
NEW,O-836,BUY,110,10,1786137004276,836
NEW,O-837,SELL,110,14,1786137004276,837
NEW,O-838,BUY,104,1,1786137004276,838
NEW,O-839,BUY,95,6,1786137004276,839
NEW,O-840,BUY,105,2,1786137004276,840
NEW,O-841,SELL,102,15,1786137004276,841
NEW,O-842,BUY,102,11,1786137004276,842
NEW,O-843,BUY,108,10,1786137004276,843
NEW,O-844,BUY,96,9,1786137004276,844
NEW,O-845,BUY,90,9,1786137004276,845
NEW,O-846,BUY,99,4,1786137004276,846
NEW,O-847,BUY,99,15,1786137004276,847
NEW,O-848,SELL,99,9,1786137004276,848
NEW,O-849,BUY,102,20,1786137004276,849
NEW,O-850,SELL,91,6,1786137004276,850
NEW,O-851,SELL,102,19,1786137004276,851
NEW,O-852,SELL,92,6,1786137004276,852
NEW,O-853,SELL,104,18,1786137004276,853
NEW,O-854,BUY,109,3,1786137004276,854
NEW,O-855,BUY,94,10,1786137004276,855
NEW,O-856,BUY,91,18,1786137004276,856
NEW,O-857,SELL,97,13,1786137004276,857
NEW,O-858,BUY,109,15,1786137004276,858
NEW,O-859,SELL,93,1,1786137004276,859
NEW,O-860,SELL,92,15,1786137004276,860
NEW,O-861,BUY,93,8,1786137004276,861
NEW,O-862,BUY,95,15,1786137004276,862
NEW,O-863,BUY,104,19,1786137004276,863
NEW,O-864,BUY,99,15,1786137004276,864
NEW,O-865,BUY,110,9,1786137004276,865
NEW,O-866,SELL,102,2,1786137004276,866
NEW,O-867,SELL,97,19,1786137004276,867
NEW,O-868,BUY,107,6,1786137004276,868
NEW,O-869,BUY,98,3,1786137004276,869
NEW,O-870,BUY,93,10,1786137004276,870
NEW,O-871,BUY,95,12,1786137004277,871
NEW,O-872,BUY,95,18,1786137004277,872
NEW,O-873,BUY,107,17,1786137004277,873
NEW,O-874,SELL,102,3,1786137004277,874
NEW,O-875,SELL,90,7,1786137004277,875
NEW,O-876,SELL,102,1,1786137004277,876
NEW,O-877,SELL,97,13,1786137004277,877
NEW,O-878,SELL,105,14,1786137004277,878
NEW,O-879,BUY,103,7,1786137004277,879
NEW,O-880,BUY,93,6,1786137004277,880
NEW,O-881,SELL,110,5,1786137004277,881
NEW,O-882,BUY,109,19,1786137004277,882
NEW,O-883,SELL,108,2,1786137004277,883
NEW,O-884,BUY,95,7,1786137004277,884
NEW,O-885,SELL,104,20,1786137004277,885
NEW,O-886,BUY,97,6,1786137004277,886
NEW,O-887,SELL,106,16,1786137004277,887
NEW,O-888,SELL,94,7,1786137004277,888
NEW,O-889,BUY,93,8,1786137004277,889
NEW,O-890,SELL,107,20,1786137004277,890
NEW,O-891,BUY,96,7,1786137004277,891
NEW,O-892,SELL,101,20,1786137004277,892
NEW,O-893,BUY,107,5,1786137004277,893
NEW,O-894,SELL,106,2,1786137004277,894
NEW,O-895,BUY,109,17,1786137004277,895
NEW,O-896,SELL,103,10,1786137004277,896
NEW,O-897,BUY,93,20,1786137004277,897
NEW,O-898,BUY,102,20,1786137004277,898
NEW,O-899,BUY,95,12,1786137004277,899
NEW,O-900,BUY,105,9,1786137004277,900
NEW,O-901,BUY,108,19,1786137004277,901
NEW,O-902,BUY,99,19,1786137004277,902
NEW,O-903,SELL,106,12,1786137004277,903
NEW,O-904,BUY,99,9,1786137004277,904
NEW,O-905,BUY,96,10,1786137004277,905
NEW,O-906,SELL,98,10,1786137004277,906
NEW,O-907,BUY,102,6,1786137004277,907
NEW,O-908,BUY,93,4,1786137004277,908
NEW,O-909,SELL,98,19,1786137004277,909
NEW,O-910,BUY,101,19,1786137004277,910
NEW,O-911,BUY,92,9,1786137004277,911
NEW,O-912,SELL,102,14,1786137004277,912
NEW,O-913,BUY,109,5,1786137004277,913
NEW,O-914,SELL,104,18,1786137004277,914
NEW,O-915,SELL,97,12,1786137004277,915
NEW,O-916,BUY,102,11,1786137004277,916
NEW,O-917,SELL,93,5,1786137004277,917
NEW,O-918,SELL,90,20,1786137004277,918
NEW,O-919,BUY,110,6,1786137004277,919
NEW,O-920,SELL,96,11,1786137004277,920
NEW,O-921,SELL,106,7,1786137004277,921
NEW,O-922,SELL,105,12,1786137004277,922
NEW,O-923,SELL,101,7,1786137004277,923
NEW,O-924,SELL,95,17,1786137004277,924
NEW,O-925,BUY,94,20,1786137004277,925
NEW,O-926,BUY,103,16,1786137004277,926
NEW,O-927,BUY,91,20,1786137004277,927
NEW,O-928,BUY,106,14,1786137004277,928
NEW,O-929,BUY,97,12,1786137004277,929
NEW,O-930,SELL,90,16,1786137004277,930
NEW,O-931,BUY,106,19,1786137004277,931
NEW,O-932,SELL,101,18,1786137004277,932
NEW,O-933,SELL,101,5,1786137004277,933
NEW,O-934,BUY,108,1,1786137004277,934
NEW,O-935,SELL,100,14,1786137004277,935
NEW,O-936,SELL,105,14,1786137004277,936
NEW,O-937,BUY,101,10,1786137004277,937
NEW,O-938,BUY,102,15,1786137004277,938
NEW,O-939,SELL,93,12,1786137004277,939
NEW,O-940,SELL,94,14,1786137004277,940
NEW,O-941,BUY,101,8,1786137004277,941
NEW,O-942,SELL,105,2,1786137004277,942
NEW,O-943,SELL,97,14,1786137004277,943
NEW,O-944,SELL,110,16,1786137004277,944
NEW,O-945,BUY,101,15,1786137004277,945
NEW,O-946,BUY,101,3,1786137004277,946
NEW,O-947,BUY,101,13,1786137004277,947
NEW,O-948,SELL,99,9,1786137004277,948
NEW,O-949,SELL,110,4,1786137004277,949
NEW,O-950,BUY,108,12,1786137004277,950
NEW,O-951,BUY,95,9,1786137004277,951
NEW,O-952,SELL,110,10,1786137004277,952
NEW,O-953,SELL,91,8,1786137004277,953
NEW,O-954,BUY,97,6,1786137004277,954
NEW,O-955,SELL,90,18,1786137004277,955
NEW,O-956,SELL,92,4,1786137004277,956
NEW,O-957,SELL,106,14,1786137004277,957
NEW,O-958,SELL,95,9,1786137004277,958
NEW,O-959,BUY,103,11,1786137004277,959
NEW,O-960,BUY,98,9,1786137004277,960
NEW,O-961,SELL,101,12,1786137004277,961
NEW,O-962,BUY,103,11,1786137004277,962
NEW,O-963,SELL,107,1,1786137004277,963
NEW,O-964,SELL,98,13,1786137004277,964
NEW,O-965,SELL,100,10,1786137004277,965
NEW,O-966,BUY,93,7,1786137004277,966
NEW,O-967,SELL,105,7,1786137004277,967
NEW,O-968,BUY,95,6,1786137004277,968
NEW,O-969,BUY,108,4,1786137004277,969
NEW,O-970,SELL,100,14,1786137004277,970
NEW,O-971,BUY,99,20,1786137004278,971
NEW,O-972,BUY,96,18,1786137004278,972
NEW,O-973,BUY,106,11,1786137004278,973
NEW,O-974,BUY,103,20,1786137004278,974
NEW,O-975,SELL,102,2,1786137004278,975
NEW,O-976,SELL,110,8,1786137004278,976
NEW,O-977,BUY,95,19,1786137004278,977
NEW,O-978,SELL,101,15,1786137004278,978
NEW,O-979,SELL,90,3,1786137004278,979
NEW,O-980,BUY,106,18,1786137004278,980
NEW,O-981,BUY,107,2,1786137004278,981
NEW,O-982,SELL,108,2,1786137004278,982
NEW,O-983,BUY,106,19,1786137004278,983
NEW,O-984,SELL,91,3,1786137004278,984
NEW,O-985,BUY,100,15,1786137004278,985
NEW,O-986,SELL,94,15,1786137004278,986
NEW,O-476,BUY,97,7,1786137004271,476
NEW,O-987,BUY,99,8,1786137004278,987
NEW,O-988,SELL,103,8,1786137004278,988
NEW,O-989,BUY,102,6,1786137004278,989
NEW,O-990,SELL,97,12,1786137004278,990
NEW,O-991,SELL,100,10,1786137004278,991
NEW,O-992,BUY,103,1,1786137004278,992
NEW,O-993,SELL,107,5,1786137004278,993
NEW,O-994,BUY,100,17,1786137004278,994
NEW,O-995,SELL,98,4,1786137004278,995
NEW,O-996,BUY,109,14,1786137004278,996
NEW,O-997,SELL,100,4,1786137004278,997
NEW,O-998,SELL,104,9,1786137004278,998
NEW,O-999,BUY,100,14,1786137004278,999
NEW,O-1000,SELL,104,16,1786137004278,1000
NEW,O-1001,SELL,107,13,1786137004278,1001
NEW,O-1002,BUY,109,18,1786137004278,1002
NEW,O-1003,BUY,101,1,1786137004278,1003
NEW,O-1004,SELL,96,3,1786137004278,1004
NEW,O-1005,SELL,105,19,1786137004278,1005
NEW,O-1006,SELL,92,6,1786137004278,1006
NEW,O-1007,SELL,104,11,1786137004278,1007
NEW,O-1008,SELL,102,8,1786137004278,1008
NEW,O-1009,BUY,98,5,1786137004278,1009
NEW,O-1010,BUY,96,11,1786137004278,1010
NEW,O-1011,SELL,102,9,1786137004278,1011
NEW,O-1012,BUY,104,18,1786137004278,1012
NEW,O-1013,SELL,94,12,1786137004278,1013
NEW,O-1014,BUY,92,6,1786137004278,1014
NEW,O-1015,SELL,96,11,1786137004278,1015
NEW,O-1016,BUY,110,12,1786137004278,1016
NEW,O-1017,BUY,92,7,1786137004278,1017
NEW,O-1018,BUY,107,19,1786137004278,1018
NEW,O-1019,SELL,100,1,1786137004278,1019
NEW,O-1020,SELL,96,5,1786137004278,1020
NEW,O-1021,BUY,98,18,1786137004278,1021
NEW,O-1022,BUY,101,2,1786137004278,1022
NEW,O-1023,SELL,108,9,1786137004278,1023
NEW,O-1024,BUY,105,9,1786137004278,1024
NEW,O-1025,SELL,101,13,1786137004278,1025
NEW,O-1026,SELL,109,16,1786137004278,1026
NEW,O-1027,BUY,98,10,1786137004278,1027
NEW,O-1028,BUY,109,13,1786137004278,1028
NEW,O-1029,BUY,94,12,1786137004278,1029
NEW,O-1030,SELL,105,1,1786137004278,1030
NEW,O-1031,BUY,103,10,1786137004278,1031
NEW,O-1032,SELL,93,11,1786137004278,1032
NEW,O-1033,BUY,91,18,1786137004278,1033
NEW,O-1034,BUY,109,19,1786137004278,1034
NEW,O-1035,SELL,110,11,1786137004278,1035
NEW,O-1036,BUY,96,13,1786137004278,1036
NEW,O-1037,BUY,105,16,1786137004278,1037
NEW,O-1038,BUY,95,5,1786137004278,1038
NEW,O-1040,BUY,100,20,1786137004278,1040
NEW,O-1039,BUY,92,20,1786137004278,1039
NEW,O-1041,SELL,93,1,1786137004278,1041
NEW,O-1042,SELL,104,13,1786137004278,1042
NEW,O-1044,SELL,105,11,1786137004278,1044
NEW,O-1045,BUY,90,16,1786137004278,1045
NEW,O-1046,BUY,104,3,1786137004278,1046
NEW,O-1047,BUY,109,11,1786137004278,1047
NEW,O-1043,SELL,95,2,1786137004278,1043
NEW,O-1048,SELL,99,14,1786137004278,1048
NEW,O-1049,BUY,103,8,1786137004278,1049
NEW,O-1050,SELL,93,17,1786137004278,1050
NEW,O-1051,SELL,109,12,1786137004278,1051
NEW,O-1052,BUY,100,15,1786137004278,1052
NEW,O-1053,BUY,96,5,1786137004278,1053
NEW,O-1054,SELL,103,8,1786137004278,1054
NEW,O-1055,SELL,97,6,1786137004278,1055
NEW,O-1057,BUY,101,18,1786137004278,1057
NEW,O-1056,BUY,93,3,1786137004278,1056
NEW,O-1058,SELL,97,1,1786137004278,1058
NEW,O-1059,SELL,94,8,1786137004278,1059
NEW,O-1060,SELL,95,1,1786137004278,1060
NEW,O-1061,BUY,93,12,1786137004278,1061
NEW,O-1063,SELL,94,6,1786137004278,1063
NEW,O-1062,BUY,107,7,1786137004278,1062
NEW,O-1064,SELL,101,9,1786137004278,1064
NEW,O-1066,SELL,98,5,1786137004278,1066
NEW,O-1065,SELL,102,13,1786137004278,1065
NEW,O-1067,SELL,92,5,1786137004278,1067
NEW,O-1069,SELL,98,4,1786137004278,1069
NEW,O-1068,BUY,106,20,1786137004278,1068
NEW,O-1070,BUY,91,17,1786137004278,1070
NEW,O-1071,BUY,109,14,1786137004278,1071
NEW,O-1072,BUY,95,3,1786137004278,1072
NEW,O-1073,BUY,106,11,1786137004278,1073
NEW,O-1074,BUY,93,1,1786137004278,1074
NEW,O-1075,SELL,91,16,1786137004278,1075
NEW,O-1076,SELL,103,20,1786137004278,1076
NEW,O-1077,SELL,105,18,1786137004278,1077
NEW,O-1078,BUY,110,18,1786137004278,1078
NEW,O-1079,SELL,96,13,1786137004278,1079
NEW,O-1080,BUY,93,1,1786137004278,1080
NEW,O-1081,SELL,90,7,1786137004278,1081
NEW,O-1082,SELL,92,15,1786137004278,1082
NEW,O-1083,SELL,107,3,1786137004278,1083
NEW,O-1084,BUY,102,8,1786137004278,1084
NEW,O-1085,BUY,94,8,1786137004278,1085
NEW,O-1086,BUY,108,7,1786137004278,1086
NEW,O-1087,SELL,110,15,1786137004278,1087
NEW,O-1088,BUY,91,13,1786137004278,1088
NEW,O-1089,SELL,106,18,1786137004278,1089
NEW,O-1090,SELL,93,6,1786137004278,1090
NEW,O-1091,SELL,99,12,1786137004278,1091
NEW,O-1092,SELL,93,17,1786137004278,1092
NEW,O-1093,BUY,100,18,1786137004278,1093
NEW,O-1094,SELL,100,14,1786137004278,1094
NEW,O-1095,SELL,93,7,1786137004278,1095
NEW,O-1096,BUY,91,14,1786137004278,1096
NEW,O-1097,BUY,93,3,1786137004278,1097
NEW,O-1099,SELL,92,15,1786137004278,1099
NEW,O-1098,BUY,95,15,1786137004278,1098
NEW,O-1100,SELL,91,10,1786137004278,1100
NEW,O-1101,BUY,98,8,1786137004278,1101
NEW,O-1102,SELL,101,20,1786137004278,1102
NEW,O-1103,SELL,91,3,1786137004278,1103
NEW,O-1104,SELL,107,4,1786137004278,1104
NEW,O-1105,BUY,92,8,1786137004278,1105
NEW,O-1106,SELL,106,15,1786137004278,1106
NEW,O-1107,BUY,102,12,1786137004278,1107
NEW,O-1108,BUY,95,12,1786137004278,1108
NEW,O-1109,SELL,99,4,1786137004278,1109
NEW,O-1110,SELL,95,13,1786137004278,1110
NEW,O-1111,SELL,90,9,1786137004278,1111
NEW,O-1112,SELL,110,3,1786137004278,1112
NEW,O-1114,SELL,104,1,1786137004278,1114
NEW,O-1113,SELL,98,11,1786137004278,1113
NEW,O-1115,SELL,103,4,1786137004278,1115
NEW,O-1116,SELL,100,3,1786137004278,1116
NEW,O-1117,SELL,103,10,1786137004278,1117
NEW,O-1118,SELL,91,2,1786137004278,1118
NEW,O-1119,BUY,92,17,1786137004278,1119
NEW,O-1120,BUY,109,11,1786137004278,1120
NEW,O-1121,SELL,109,16,1786137004278,1121
NEW,O-1122,BUY,105,4,1786137004278,1122
NEW,O-1123,BUY,94,12,1786137004278,1123
NEW,O-1124,BUY,92,4,1786137004278,1124
NEW,O-1125,BUY,99,2,1786137004278,1125
NEW,O-1126,SELL,102,19,1786137004278,1126
NEW,O-1127,BUY,91,17,1786137004278,1127
NEW,O-1128,SELL,90,19,1786137004278,1128
NEW,O-1129,BUY,99,19,1786137004278,1129
NEW,O-1130,BUY,92,14,1786137004278,1130
NEW,O-1131,BUY,107,17,1786137004278,1131
NEW,O-1132,BUY,94,6,1786137004278,1132
NEW,O-1133,SELL,94,7,1786137004278,1133
NEW,O-1134,SELL,102,18,1786137004278,1134
NEW,O-1135,SELL,101,13,1786137004278,1135
NEW,O-1136,BUY,102,13,1786137004278,1136
NEW,O-1137,SELL,105,11,1786137004278,1137
NEW,O-1138,SELL,94,12,1786137004278,1138
NEW,O-1139,SELL,108,14,1786137004278,1139
NEW,O-1140,BUY,93,1,1786137004278,1140
NEW,O-1141,SELL,107,16,1786137004278,1141
NEW,O-1142,SELL,91,14,1786137004278,1142
NEW,O-1143,BUY,101,4,1786137004278,1143
NEW,O-1144,BUY,107,10,1786137004278,1144
NEW,O-1145,BUY,99,1,1786137004278,1145
NEW,O-1146,BUY,94,20,1786137004278,1146
NEW,O-1147,BUY,91,10,1786137004278,1147
NEW,O-1148,BUY,92,8,1786137004278,1148
NEW,O-1149,BUY,93,13,1786137004278,1149
NEW,O-1150,SELL,96,8,1786137004278,1150
NEW,O-1151,SELL,97,19,1786137004278,1151
NEW,O-1152,SELL,105,8,1786137004278,1152
NEW,O-1153,BUY,108,19,1786137004278,1153
NEW,O-1154,BUY,100,7,1786137004278,1154
NEW,O-1155,BUY,97,7,1786137004278,1155
NEW,O-1156,SELL,110,17,1786137004278,1156
NEW,O-1157,SELL,97,17,1786137004278,1157
NEW,O-1158,SELL,104,4,1786137004278,1158
NEW,O-1159,SELL,93,9,1786137004278,1159
NEW,O-1160,BUY,94,5,1786137004278,1160
NEW,O-1161,SELL,100,19,1786137004278,1161
NEW,O-1162,SELL,104,17,1786137004278,1162
NEW,O-1163,BUY,103,13,1786137004278,1163
NEW,O-1164,SELL,97,20,1786137004278,1164
NEW,O-1165,SELL,103,13,1786137004278,1165
NEW,O-1166,BUY,92,11,1786137004278,1166
NEW,O-1167,BUY,94,1,1786137004278,1167
NEW,O-1168,SELL,107,20,1786137004278,1168
NEW,O-1169,SELL,110,6,1786137004278,1169
NEW,O-1170,BUY,109,9,1786137004278,1170
NEW,O-1171,SELL,98,7,1786137004278,1171
NEW,O-1172,SELL,102,16,1786137004279,1172
NEW,O-1173,SELL,93,6,1786137004279,1173
NEW,O-1174,BUY,93,17,1786137004279,1174
NEW,O-1175,SELL,106,12,1786137004279,1175
NEW,O-1176,SELL,105,18,1786137004279,1176
NEW,O-1177,SELL,91,6,1786137004279,1177
NEW,O-1178,BUY,102,11,1786137004279,1178
NEW,O-1179,BUY,99,12,1786137004279,1179
NEW,O-1181,SELL,90,9,1786137004279,1181
NEW,O-1182,BUY,93,2,1786137004279,1182
NEW,O-1183,BUY,91,4,1786137004279,1183
NEW,O-1184,SELL,100,3,1786137004279,1184
NEW,O-1185,SELL,101,8,1786137004279,1185
NEW,O-1186,SELL,90,4,1786137004279,1186
NEW,O-1187,SELL,103,9,1786137004279,1187
NEW,O-1188,SELL,91,15,1786137004279,1188
NEW,O-1189,SELL,96,4,1786137004279,1189
NEW,O-1190,SELL,108,6,1786137004279,1190
NEW,O-1180,SELL,103,4,1786137004279,1180
NEW,O-1191,SELL,95,18,1786137004279,1191
NEW,O-1192,BUY,101,7,1786137004279,1192
NEW,O-1193,SELL,92,7,1786137004279,1193
NEW,O-1194,SELL,103,18,1786137004279,1194
NEW,O-1196,SELL,100,13,1786137004279,1196
NEW,O-1195,BUY,91,8,1786137004279,1195
NEW,O-1197,SELL,105,1,1786137004279,1197
NEW,O-1199,SELL,92,11,1786137004279,1199
NEW,O-1198,SELL,99,12,1786137004279,1198
NEW,O-1200,SELL,110,4,1786137004279,1200
NEW,O-1202,BUY,103,9,1786137004279,1202
NEW,O-1201,BUY,91,15,1786137004279,1201
NEW,O-1203,SELL,95,7,1786137004279,1203
NEW,O-1204,BUY,110,9,1786137004279,1204
NEW,O-1205,BUY,109,3,1786137004279,1205
NEW,O-1206,BUY,102,6,1786137004279,1206
NEW,O-1207,BUY,95,2,1786137004279,1207
NEW,O-1208,BUY,98,8,1786137004279,1208
NEW,O-1209,BUY,109,20,1786137004279,1209
NEW,O-1210,SELL,109,5,1786137004279,1210
NEW,O-1211,SELL,95,18,1786137004279,1211
NEW,O-1212,SELL,93,6,1786137004279,1212
NEW,O-1213,BUY,101,8,1786137004279,1213
NEW,O-1214,SELL,105,14,1786137004279,1214
NEW,O-1215,BUY,90,20,1786137004279,1215
NEW,O-1216,BUY,106,6,1786137004279,1216
NEW,O-1217,SELL,100,18,1786137004279,1217
NEW,O-1218,SELL,103,19,1786137004279,1218
NEW,O-1219,BUY,97,15,1786137004279,1219
NEW,O-1220,SELL,96,11,1786137004279,1220
NEW,O-1221,SELL,108,16,1786137004279,1221
NEW,O-1222,SELL,110,3,1786137004279,1222
NEW,O-1223,BUY,105,12,1786137004279,1223
NEW,O-1224,SELL,101,9,1786137004279,1224
NEW,O-1225,BUY,107,5,1786137004279,1225
NEW,O-1226,SELL,101,6,1786137004279,1226
NEW,O-1227,BUY,104,5,1786137004279,1227
NEW,O-1228,BUY,95,16,1786137004279,1228
NEW,O-1229,BUY,97,8,1786137004279,1229
NEW,O-1230,SELL,97,12,1786137004279,1230
NEW,O-1231,SELL,91,8,1786137004279,1231
NEW,O-1232,BUY,97,7,1786137004279,1232
NEW,O-1233,BUY,110,7,1786137004279,1233
NEW,O-1234,BUY,96,17,1786137004279,1234
NEW,O-1235,SELL,103,11,1786137004279,1235
NEW,O-1236,BUY,99,7,1786137004279,1236
NEW,O-1237,BUY,93,7,1786137004279,1237
NEW,O-1238,SELL,106,17,1786137004279,1238
NEW,O-1239,SELL,97,10,1786137004279,1239
NEW,O-1240,SELL,91,10,1786137004279,1240
NEW,O-1241,SELL,108,20,1786137004279,1241
NEW,O-1242,SELL,91,9,1786137004279,1242
NEW,O-1243,SELL,106,10,1786137004279,1243
NEW,O-1244,BUY,109,7,1786137004279,1244
NEW,O-1246,BUY,97,2,1786137004279,1246
NEW,O-1245,BUY,98,1,1786137004279,1245
NEW,O-1247,SELL,107,10,1786137004279,1247
NEW,O-1248,BUY,108,2,1786137004279,1248
NEW,O-1249,BUY,90,8,1786137004279,1249
NEW,O-1251,BUY,101,8,1786137004279,1251
NEW,O-1250,BUY,96,17,1786137004279,1250
NEW,O-1252,SELL,90,19,1786137004279,1252
NEW,O-1254,BUY,106,4,1786137004279,1254
NEW,O-1253,SELL,91,15,1786137004279,1253
NEW,O-1255,SELL,102,12,1786137004279,1255
NEW,O-1257,SELL,91,16,1786137004279,1257
NEW,O-1256,SELL,109,2,1786137004279,1256
NEW,O-1258,BUY,105,5,1786137004279,1258
NEW,O-1259,BUY,107,19,1786137004279,1259
NEW,O-1260,BUY,98,20,1786137004279,1260
NEW,O-1261,BUY,93,19,1786137004279,1261
NEW,O-1262,SELL,94,15,1786137004279,1262
NEW,O-1263,BUY,101,6,1786137004279,1263
NEW,O-1264,BUY,106,8,1786137004279,1264
NEW,O-1265,BUY,105,1,1786137004279,1265
NEW,O-1266,SELL,110,10,1786137004279,1266
NEW,O-1267,SELL,107,2,1786137004279,1267
NEW,O-1268,SELL,109,16,1786137004279,1268
NEW,O-1270,SELL,100,7,1786137004279,1270
NEW,O-1269,SELL,108,13,1786137004279,1269
NEW,O-1271,SELL,104,7,1786137004279,1271
NEW,O-1272,SELL,98,13,1786137004279,1272
NEW,O-1273,BUY,109,11,1786137004279,1273
NEW,O-1274,SELL,90,1,1786137004279,1274
NEW,O-1275,BUY,94,2,1786137004279,1275
NEW,O-1276,BUY,110,17,1786137004279,1276
NEW,O-1277,BUY,109,4,1786137004279,1277
NEW,O-1278,SELL,104,10,1786137004279,1278
NEW,O-1279,SELL,100,13,1786137004279,1279
NEW,O-1280,SELL,92,4,1786137004279,1280
NEW,O-1281,SELL,97,5,1786137004279,1281
NEW,O-1282,SELL,103,9,1786137004279,1282
NEW,O-1283,SELL,110,11,1786137004279,1283
NEW,O-1284,SELL,108,2,1786137004279,1284
NEW,O-1285,SELL,103,19,1786137004279,1285
NEW,O-1286,BUY,95,5,1786137004279,1286
NEW,O-1288,BUY,103,20,1786137004279,1288
NEW,O-1289,SELL,101,18,1786137004279,1289
NEW,O-1290,BUY,109,3,1786137004279,1290
NEW,O-1291,SELL,91,13,1786137004279,1291
NEW,O-1292,BUY,108,5,1786137004279,1292
NEW,O-1293,SELL,92,20,1786137004279,1293
NEW,O-1294,BUY,102,1,1786137004279,1294
NEW,O-1295,BUY,101,3,1786137004279,1295
NEW,O-1296,SELL,104,7,1786137004279,1296
NEW,O-477,BUY,97,7,1786137004271,477
NEW,O-1297,BUY,107,1,1786137004279,1297
NEW,O-1298,BUY,109,6,1786137004279,1298
NEW,O-1299,SELL,102,20,1786137004279,1299
NEW,O-1300,BUY,98,17,1786137004279,1300
NEW,O-1301,SELL,95,5,1786137004279,1301
NEW,O-1302,BUY,101,1,1786137004279,1302
NEW,O-1303,BUY,109,6,1786137004279,1303
NEW,O-1304,SELL,104,17,1786137004279,1304
NEW,O-1305,BUY,90,13,1786137004279,1305
NEW,O-1306,SELL,107,6,1786137004279,1306
NEW,O-1307,SELL,100,5,1786137004279,1307
NEW,O-1308,SELL,97,6,1786137004279,1308
NEW,O-1309,SELL,90,9,1786137004279,1309
NEW,O-1310,BUY,92,14,1786137004279,1310
NEW,O-1311,SELL,106,16,1786137004279,1311
NEW,O-1312,BUY,104,6,1786137004279,1312
NEW,O-1313,SELL,101,18,1786137004279,1313
NEW,O-1314,BUY,105,14,1786137004279,1314
NEW,O-1315,BUY,104,15,1786137004279,1315
NEW,O-1316,BUY,96,16,1786137004279,1316
NEW,O-1317,BUY,99,12,1786137004279,1317
NEW,O-1318,SELL,96,10,1786137004279,1318
NEW,O-1319,SELL,93,3,1786137004279,1319
NEW,O-1320,BUY,92,18,1786137004279,1320
NEW,O-1321,SELL,100,16,1786137004279,1321
NEW,O-1322,SELL,98,1,1786137004279,1322
NEW,O-1323,SELL,105,11,1786137004279,1323
NEW,O-1324,SELL,95,18,1786137004279,1324
NEW,O-1325,BUY,91,10,1786137004279,1325
NEW,O-1326,BUY,108,18,1786137004279,1326
NEW,O-1327,BUY,98,14,1786137004279,1327
NEW,O-1328,BUY,110,16,1786137004279,1328
NEW,O-1329,BUY,90,19,1786137004279,1329
NEW,O-1330,BUY,91,12,1786137004279,1330
NEW,O-1331,SELL,101,10,1786137004279,1331
NEW,O-1332,BUY,95,5,1786137004279,1332
NEW,O-1333,SELL,97,8,1786137004279,1333
NEW,O-1334,SELL,93,1,1786137004279,1334
NEW,O-1335,BUY,96,9,1786137004279,1335
NEW,O-1336,SELL,94,17,1786137004279,1336
NEW,O-1337,SELL,108,15,1786137004279,1337
NEW,O-1338,SELL,109,11,1786137004279,1338
NEW,O-1339,BUY,96,19,1786137004279,1339
NEW,O-1340,SELL,108,5,1786137004279,1340
NEW,O-1341,SELL,91,20,1786137004279,1341
NEW,O-1342,BUY,99,9,1786137004280,1342
NEW,O-1343,SELL,92,13,1786137004280,1343
NEW,O-1344,BUY,107,16,1786137004280,1344
NEW,O-1345,SELL,101,13,1786137004280,1345
NEW,O-1346,BUY,90,17,1786137004280,1346
NEW,O-1347,BUY,92,2,1786137004280,1347
NEW,O-1348,BUY,94,9,1786137004280,1348
NEW,O-1349,BUY,105,16,1786137004280,1349
NEW,O-1350,SELL,90,6,1786137004280,1350
NEW,O-1351,BUY,96,16,1786137004280,1351
NEW,O-1352,BUY,97,11,1786137004280,1352
NEW,O-1353,SELL,110,20,1786137004280,1353
NEW,O-1354,SELL,93,11,1786137004280,1354
NEW,O-1355,BUY,105,3,1786137004280,1355
NEW,O-1356,SELL,97,6,1786137004280,1356
NEW,O-1357,SELL,93,15,1786137004280,1357
NEW,O-1358,BUY,108,14,1786137004280,1358
NEW,O-1359,SELL,92,8,1786137004280,1359
NEW,O-1360,BUY,104,19,1786137004280,1360
NEW,O-1361,BUY,96,7,1786137004280,1361
NEW,O-1362,BUY,102,1,1786137004280,1362
NEW,O-1363,BUY,100,18,1786137004280,1363
NEW,O-1364,BUY,105,12,1786137004280,1364
NEW,O-1365,BUY,103,20,1786137004280,1365
NEW,O-1366,BUY,100,20,1786137004280,1366
NEW,O-1367,SELL,107,19,1786137004280,1367
NEW,O-1368,BUY,100,13,1786137004280,1368
NEW,O-1369,BUY,107,8,1786137004280,1369
NEW,O-1370,SELL,99,19,1786137004280,1370
NEW,O-1372,BUY,97,18,1786137004280,1372
NEW,O-1371,BUY,98,3,1786137004280,1371
NEW,O-1373,SELL,97,7,1786137004280,1373
NEW,O-1374,BUY,94,10,1786137004280,1374
NEW,O-1376,BUY,91,13,1786137004280,1376
NEW,O-1375,SELL,99,8,1786137004280,1375
NEW,O-1377,SELL,102,19,1786137004280,1377
NEW,O-1378,BUY,105,2,1786137004280,1378
NEW,O-1379,BUY,98,17,1786137004280,1379
NEW,O-1380,BUY,110,3,1786137004280,1380
NEW,O-1381,BUY,109,12,1786137004280,1381
NEW,O-1382,BUY,90,9,1786137004280,1382
NEW,O-1383,BUY,94,3,1786137004280,1383
NEW,O-1384,BUY,97,14,1786137004280,1384
NEW,O-1385,SELL,91,16,1786137004280,1385
NEW,O-1386,SELL,102,12,1786137004280,1386
NEW,O-1387,SELL,98,6,1786137004280,1387
NEW,O-1388,SELL,92,3,1786137004280,1388
NEW,O-1389,BUY,104,6,1786137004280,1389
NEW,O-1390,BUY,109,13,1786137004280,1390
NEW,O-1392,SELL,108,16,1786137004280,1392
NEW,O-1391,BUY,107,8,1786137004280,1391
NEW,O-1393,SELL,101,4,1786137004280,1393
NEW,O-1394,SELL,105,6,1786137004280,1394
NEW,O-1395,SELL,105,1,1786137004280,1395
NEW,O-1396,SELL,97,6,1786137004280,1396
NEW,O-1397,BUY,99,1,1786137004280,1397
NEW,O-1398,SELL,105,4,1786137004280,1398
NEW,O-1399,BUY,96,11,1786137004280,1399
NEW,O-1400,BUY,94,9,1786137004280,1400
NEW,O-1401,SELL,100,8,1786137004280,1401
NEW,O-1402,SELL,102,11,1786137004280,1402
NEW,O-1403,BUY,94,15,1786137004280,1403
NEW,O-1404,SELL,95,3,1786137004280,1404
NEW,O-1405,SELL,92,13,1786137004280,1405
NEW,O-1406,SELL,109,2,1786137004280,1406
NEW,O-1407,SELL,92,5,1786137004280,1407
NEW,O-1408,BUY,107,20,1786137004280,1408
NEW,O-1409,SELL,94,18,1786137004280,1409
NEW,O-1410,SELL,109,18,1786137004280,1410
NEW,O-1411,SELL,101,19,1786137004280,1411
NEW,O-1412,BUY,93,1,1786137004280,1412
NEW,O-1413,SELL,101,9,1786137004280,1413
NEW,O-1414,SELL,104,1,1786137004280,1414
NEW,O-1415,SELL,90,14,1786137004280,1415
NEW,O-1416,SELL,97,11,1786137004280,1416
NEW,O-1417,SELL,107,8,1786137004280,1417
NEW,O-1418,SELL,109,4,1786137004280,1418
NEW,O-1419,BUY,104,13,1786137004280,1419
NEW,O-1420,BUY,102,14,1786137004280,1420
NEW,O-1421,BUY,97,7,1786137004280,1421
NEW,O-1422,BUY,100,4,1786137004280,1422
NEW,O-1424,BUY,103,9,1786137004280,1424
NEW,O-1423,SELL,107,6,1786137004280,1423
NEW,O-1425,BUY,102,17,1786137004280,1425
NEW,O-1426,BUY,100,16,1786137004280,1426
NEW,O-1427,BUY,98,9,1786137004280,1427
NEW,O-1428,SELL,94,19,1786137004280,1428
NEW,O-1429,BUY,102,12,1786137004280,1429
NEW,O-1430,SELL,91,9,1786137004280,1430
NEW,O-1431,SELL,102,9,1786137004280,1431
NEW,O-1432,BUY,104,14,1786137004280,1432
NEW,O-1433,SELL,99,12,1786137004280,1433
NEW,O-1434,SELL,109,12,1786137004280,1434
NEW,O-1436,SELL,95,17,1786137004280,1436
NEW,O-1435,SELL,106,4,1786137004280,1435
NEW,O-1437,SELL,96,17,1786137004280,1437
NEW,O-1439,SELL,92,9,1786137004280,1439
NEW,O-1438,BUY,97,20,1786137004280,1438
NEW,O-1440,BUY,91,9,1786137004280,1440
NEW,O-1441,BUY,96,3,1786137004280,1441
NEW,O-1442,BUY,98,1,1786137004280,1442
NEW,O-1443,BUY,108,6,1786137004280,1443
NEW,O-1444,SELL,108,7,1786137004280,1444
NEW,O-1445,BUY,93,19,1786137004280,1445
NEW,O-1446,BUY,110,13,1786137004280,1446
NEW,O-1447,SELL,96,15,1786137004280,1447
NEW,O-1448,BUY,106,16,1786137004280,1448
NEW,O-1449,BUY,106,14,1786137004280,1449
NEW,O-1450,BUY,108,5,1786137004280,1450
NEW,O-1451,SELL,93,12,1786137004280,1451
NEW,O-1452,SELL,108,15,1786137004280,1452
NEW,O-1453,BUY,101,11,1786137004280,1453
NEW,O-1454,BUY,93,3,1786137004280,1454
NEW,O-1455,BUY,109,12,1786137004280,1455
NEW,O-1456,SELL,91,18,1786137004280,1456
NEW,O-1457,BUY,91,19,1786137004280,1457
NEW,O-1458,SELL,108,2,1786137004280,1458
NEW,O-1459,BUY,99,8,1786137004280,1459
NEW,O-1460,SELL,104,7,1786137004280,1460
NEW,O-1461,SELL,102,15,1786137004280,1461
NEW,O-1462,SELL,94,17,1786137004280,1462
NEW,O-1463,BUY,101,2,1786137004280,1463
NEW,O-1465,SELL,96,18,1786137004280,1465
NEW,O-1464,BUY,100,9,1786137004280,1464
NEW,O-1466,SELL,97,20,1786137004280,1466
NEW,O-1467,BUY,103,14,1786137004280,1467
NEW,O-1468,SELL,92,19,1786137004280,1468
NEW,O-1469,SELL,94,17,1786137004280,1469
NEW,O-1470,BUY,94,10,1786137004280,1470
NEW,O-1471,SELL,107,4,1786137004280,1471
NEW,O-1473,BUY,101,9,1786137004280,1473
NEW,O-1472,BUY,107,20,1786137004280,1472
NEW,O-1474,BUY,102,4,1786137004280,1474
NEW,O-1475,SELL,93,4,1786137004280,1475
NEW,O-1476,SELL,109,17,1786137004280,1476
NEW,O-1477,BUY,101,8,1786137004280,1477
NEW,O-1478,SELL,91,3,1786137004280,1478
NEW,O-1479,BUY,96,14,1786137004280,1479
NEW,O-1480,BUY,109,3,1786137004280,1480
NEW,O-1481,SELL,102,9,1786137004280,1481
NEW,O-1482,SELL,100,16,1786137004280,1482
NEW,O-1483,SELL,104,5,1786137004280,1483
NEW,O-1484,BUY,95,18,1786137004280,1484
NEW,O-1485,BUY,110,17,1786137004280,1485
NEW,O-1486,SELL,97,14,1786137004280,1486
NEW,O-1487,BUY,105,3,1786137004280,1487
NEW,O-1488,BUY,107,16,1786137004280,1488
NEW,O-1489,BUY,104,15,1786137004280,1489
NEW,O-1490,BUY,90,15,1786137004280,1490
NEW,O-1491,BUY,100,13,1786137004280,1491
NEW,O-1492,BUY,95,14,1786137004280,1492
NEW,O-1493,SELL,95,5,1786137004280,1493
NEW,O-1495,SELL,97,6,1786137004280,1495
NEW,O-1494,SELL,106,4,1786137004280,1494
NEW,O-1496,SELL,96,3,1786137004280,1496
NEW,O-1498,SELL,96,4,1786137004280,1498
NEW,O-1497,SELL,93,1,1786137004280,1497
NEW,O-1499,BUY,102,17,1786137004280,1499
NEW,O-1500,SELL,94,9,1786137004280,1500
NEW,O-1501,SELL,100,6,1786137004280,1501
NEW,O-1502,SELL,98,15,1786137004280,1502
NEW,O-1503,BUY,96,16,1786137004280,1503
NEW,O-1504,SELL,97,10,1786137004280,1504
NEW,O-1505,BUY,109,2,1786137004280,1505
NEW,O-1506,SELL,93,10,1786137004280,1506
NEW,O-1507,BUY,97,9,1786137004280,1507
NEW,O-1508,BUY,91,18,1786137004280,1508
NEW,O-1509,BUY,100,9,1786137004280,1509
NEW,O-1510,SELL,105,17,1786137004280,1510
NEW,O-1511,SELL,99,1,1786137004280,1511
NEW,O-1512,SELL,90,11,1786137004280,1512
NEW,O-1513,SELL,99,11,1786137004280,1513
NEW,O-1514,SELL,93,12,1786137004280,1514
NEW,O-1515,BUY,98,18,1786137004280,1515
NEW,O-1516,BUY,98,20,1786137004280,1516
NEW,O-1517,BUY,90,4,1786137004280,1517
NEW,O-1518,BUY,101,10,1786137004280,1518
NEW,O-1519,SELL,95,11,1786137004280,1519
NEW,O-1520,SELL,106,14,1786137004280,1520
NEW,O-1521,SELL,96,9,1786137004280,1521
NEW,O-1522,SELL,99,6,1786137004280,1522
NEW,O-1523,SELL,97,11,1786137004280,1523
NEW,O-1524,BUY,99,17,1786137004280,1524
NEW,O-1525,BUY,98,13,1786137004280,1525
NEW,O-1526,SELL,107,4,1786137004280,1526
NEW,O-1527,SELL,96,14,1786137004280,1527
NEW,O-1528,SELL,95,10,1786137004280,1528
NEW,O-1529,BUY,98,20,1786137004280,1529
NEW,O-1530,SELL,99,2,1786137004280,1530
NEW,O-1531,SELL,104,7,1786137004280,1531
NEW,O-478,BUY,100,8,1786137004271,478
NEW,O-1532,SELL,90,14,1786137004280,1532
NEW,O-1533,BUY,104,20,1786137004281,1533
NEW,O-620,SELL,92,18,1786137004274,620
NEW,O-1534,SELL,92,8,1786137004281,1534
NEW,O-1535,SELL,96,3,1786137004281,1535
NEW,O-1536,BUY,105,5,1786137004281,1536
NEW,O-1537,BUY,103,18,1786137004281,1537
NEW,O-1538,SELL,96,19,1786137004281,1538
NEW,O-1540,SELL,108,9,1786137004281,1540
NEW,O-1539,BUY,104,6,1786137004281,1539
NEW,O-1541,SELL,101,6,1786137004281,1541
NEW,O-1542,BUY,95,9,1786137004281,1542
NEW,O-1543,SELL,103,11,1786137004281,1543
NEW,O-1544,SELL,102,6,1786137004281,1544
NEW,O-1545,BUY,108,4,1786137004281,1545
NEW,O-1546,SELL,100,2,1786137004281,1546
NEW,O-1547,SELL,93,11,1786137004281,1547
NEW,O-1548,BUY,106,14,1786137004281,1548
NEW,O-1549,SELL,107,16,1786137004281,1549
NEW,O-1550,SELL,94,5,1786137004281,1550
NEW,O-1551,BUY,106,6,1786137004281,1551
NEW,O-1552,SELL,99,4,1786137004281,1552
NEW,O-1553,SELL,105,8,1786137004281,1553
NEW,O-1554,BUY,97,17,1786137004281,1554
NEW,O-1555,BUY,96,2,1786137004281,1555
NEW,O-1556,SELL,98,5,1786137004281,1556
NEW,O-1557,BUY,101,10,1786137004281,1557
NEW,O-1558,BUY,103,20,1786137004281,1558
NEW,O-1559,SELL,104,13,1786137004281,1559
NEW,O-1560,SELL,103,10,1786137004281,1560
NEW,O-1561,SELL,90,19,1786137004281,1561
NEW,O-1562,BUY,93,7,1786137004281,1562
NEW,O-1563,SELL,93,10,1786137004281,1563
NEW,O-1564,BUY,90,1,1786137004281,1564
NEW,O-1565,SELL,110,19,1786137004281,1565
NEW,O-1566,BUY,98,18,1786137004281,1566
NEW,O-1567,BUY,110,10,1786137004281,1567
NEW,O-1568,BUY,92,17,1786137004281,1568
NEW,O-1569,BUY,90,9,1786137004281,1569
NEW,O-1570,BUY,94,15,1786137004281,1570
NEW,O-1571,SELL,100,8,1786137004281,1571
NEW,O-1572,BUY,98,14,1786137004281,1572
NEW,O-1573,SELL,104,19,1786137004281,1573
NEW,O-1574,SELL,99,16,1786137004281,1574
NEW,O-1576,SELL,104,14,1786137004281,1576
NEW,O-1577,SELL,95,8,1786137004281,1577
NEW,O-1575,BUY,90,5,1786137004281,1575
NEW,O-1578,SELL,90,3,1786137004281,1578
NEW,O-1579,SELL,90,8,1786137004281,1579
NEW,O-1581,BUY,110,5,1786137004281,1581
NEW,O-1580,SELL,95,7,1786137004281,1580
NEW,O-1582,SELL,102,10,1786137004281,1582
NEW,O-1584,SELL,97,16,1786137004281,1584
NEW,O-1585,BUY,101,9,1786137004281,1585
NEW,O-1586,SELL,91,2,1786137004281,1586
NEW,O-1587,BUY,100,5,1786137004281,1587
NEW,O-1588,BUY,101,13,1786137004281,1588
NEW,O-1589,SELL,94,4,1786137004281,1589
NEW,O-1590,SELL,92,9,1786137004281,1590
NEW,O-1591,SELL,96,13,1786137004281,1591
NEW,O-1592,SELL,95,8,1786137004281,1592
NEW,O-1593,SELL,109,13,1786137004281,1593
NEW,O-1594,BUY,101,18,1786137004281,1594
NEW,O-1595,SELL,96,13,1786137004281,1595
NEW,O-1596,BUY,94,5,1786137004281,1596
NEW,O-1597,SELL,91,17,1786137004281,1597
NEW,O-1598,BUY,103,12,1786137004281,1598
NEW,O-1599,SELL,98,13,1786137004281,1599
NEW,O-1600,BUY,106,13,1786137004281,1600
NEW,O-1601,SELL,100,4,1786137004281,1601
NEW,O-1602,BUY,92,17,1786137004281,1602
NEW,O-1603,BUY,101,2,1786137004281,1603
NEW,O-1604,BUY,95,4,1786137004281,1604
NEW,O-1605,BUY,99,19,1786137004281,1605
NEW,O-1606,SELL,94,10,1786137004281,1606
NEW,O-1607,SELL,97,11,1786137004281,1607
NEW,O-1608,SELL,94,11,1786137004281,1608
NEW,O-1609,BUY,95,5,1786137004281,1609
NEW,O-1610,SELL,101,4,1786137004281,1610
NEW,O-1611,BUY,108,18,1786137004281,1611
NEW,O-1612,BUY,109,20,1786137004281,1612
NEW,O-1613,BUY,104,1,1786137004281,1613
NEW,O-1614,SELL,98,8,1786137004281,1614
NEW,O-1615,BUY,108,10,1786137004281,1615
NEW,O-1616,BUY,93,8,1786137004281,1616
NEW,O-1583,BUY,91,2,1786137004281,1583
NEW,O-1617,BUY,103,9,1786137004281,1617
NEW,O-1618,BUY,99,4,1786137004281,1618
NEW,O-1619,SELL,92,18,1786137004281,1619
NEW,O-1620,BUY,98,15,1786137004281,1620
NEW,O-1621,BUY,108,16,1786137004281,1621
NEW,O-1622,SELL,103,4,1786137004281,1622
NEW,O-1623,BUY,91,7,1786137004281,1623
NEW,O-1624,SELL,97,5,1786137004281,1624
NEW,O-1625,SELL,103,12,1786137004281,1625
NEW,O-1626,SELL,102,10,1786137004281,1626
NEW,O-1627,SELL,94,17,1786137004281,1627
NEW,O-1629,SELL,106,8,1786137004281,1629
NEW,O-1628,SELL,100,6,1786137004281,1628
NEW,O-1630,SELL,95,19,1786137004281,1630
NEW,O-1631,SELL,104,6,1786137004281,1631
NEW,O-1632,BUY,98,12,1786137004281,1632
NEW,O-1633,BUY,103,15,1786137004281,1633
NEW,O-1634,BUY,90,18,1786137004281,1634
NEW,O-1635,SELL,99,16,1786137004281,1635
NEW,O-1636,BUY,109,11,1786137004281,1636
NEW,O-1637,SELL,98,9,1786137004281,1637
NEW,O-1638,SELL,102,9,1786137004281,1638
NEW,O-1640,SELL,97,14,1786137004281,1640
NEW,O-1639,BUY,103,20,1786137004281,1639
NEW,O-1641,SELL,90,4,1786137004281,1641
NEW,O-1642,SELL,91,7,1786137004281,1642
NEW,O-1643,SELL,99,10,1786137004281,1643
NEW,O-1644,BUY,100,15,1786137004281,1644
NEW,O-1645,SELL,109,1,1786137004281,1645
NEW,O-1647,BUY,97,12,1786137004281,1647
NEW,O-1646,SELL,101,11,1786137004281,1646
NEW,O-1648,BUY,103,6,1786137004281,1648
NEW,O-1650,SELL,98,17,1786137004281,1650
NEW,O-1649,SELL,100,20,1786137004281,1649
NEW,O-1651,SELL,108,12,1786137004281,1651
NEW,O-1653,SELL,96,17,1786137004281,1653
NEW,O-1652,BUY,109,8,1786137004281,1652
NEW,O-1655,SELL,104,17,1786137004281,1655
NEW,O-1654,SELL,92,13,1786137004281,1654
NEW,O-1656,BUY,100,3,1786137004281,1656
NEW,O-1657,BUY,92,5,1786137004281,1657
NEW,O-1658,BUY,94,3,1786137004281,1658
NEW,O-1659,BUY,108,4,1786137004281,1659
NEW,O-1660,SELL,93,13,1786137004281,1660
NEW,O-1661,SELL,96,6,1786137004281,1661
NEW,O-1662,SELL,98,16,1786137004281,1662
NEW,O-1664,SELL,98,14,1786137004281,1664
NEW,O-1663,BUY,105,19,1786137004281,1663
NEW,O-1665,SELL,93,11,1786137004281,1665
NEW,O-1666,BUY,106,20,1786137004281,1666
NEW,O-1667,SELL,100,19,1786137004281,1667
NEW,O-1668,SELL,101,10,1786137004281,1668
NEW,O-1669,SELL,100,18,1786137004281,1669
NEW,O-1670,BUY,100,5,1786137004281,1670
NEW,O-1671,SELL,107,16,1786137004281,1671
NEW,O-1672,BUY,98,2,1786137004281,1672
NEW,O-1673,BUY,109,9,1786137004281,1673
NEW,O-1287,SELL,98,7,1786137004279,1287
NEW,O-1674,BUY,96,14,1786137004281,1674
NEW,O-1675,SELL,109,6,1786137004281,1675
NEW,O-1676,BUY,110,20,1786137004281,1676
NEW,O-1677,BUY,98,4,1786137004281,1677
NEW,O-1679,SELL,97,17,1786137004281,1679
NEW,O-1680,SELL,105,1,1786137004281,1680
NEW,O-1681,BUY,95,15,1786137004281,1681
NEW,O-1682,BUY,100,16,1786137004281,1682
NEW,O-1678,SELL,100,2,1786137004281,1678
NEW,O-1683,BUY,103,19,1786137004281,1683
NEW,O-1684,BUY,101,4,1786137004281,1684
NEW,O-1685,BUY,107,18,1786137004281,1685
NEW,O-1686,BUY,91,11,1786137004281,1686
NEW,O-1687,SELL,96,11,1786137004281,1687
NEW,O-1688,SELL,96,18,1786137004281,1688
NEW,O-1689,BUY,106,19,1786137004281,1689
NEW,O-1690,SELL,106,13,1786137004281,1690
NEW,O-1691,SELL,106,7,1786137004281,1691
NEW,O-1692,SELL,101,6,1786137004281,1692
NEW,O-1693,BUY,91,20,1786137004281,1693
NEW,O-1694,SELL,108,3,1786137004281,1694
NEW,O-1695,BUY,106,10,1786137004281,1695
NEW,O-1696,SELL,108,9,1786137004281,1696
NEW,O-1697,BUY,97,10,1786137004281,1697
NEW,O-1698,BUY,109,6,1786137004281,1698
NEW,O-1700,BUY,103,6,1786137004281,1700
NEW,O-1699,BUY,102,11,1786137004281,1699
NEW,O-1702,BUY,100,14,1786137004281,1702
NEW,O-1701,BUY,109,13,1786137004281,1701
NEW,O-1703,BUY,105,8,1786137004281,1703
NEW,O-1704,BUY,100,20,1786137004281,1704
NEW,O-1705,BUY,95,1,1786137004281,1705
NEW,O-1706,BUY,108,9,1786137004281,1706
NEW,O-1707,SELL,110,7,1786137004281,1707
NEW,O-1708,SELL,96,6,1786137004281,1708
NEW,O-1709,SELL,91,11,1786137004281,1709
NEW,O-1710,BUY,107,8,1786137004281,1710
NEW,O-1711,SELL,103,12,1786137004281,1711
NEW,O-1712,SELL,101,18,1786137004281,1712
NEW,O-1713,SELL,109,16,1786137004281,1713
NEW,O-1714,SELL,90,14,1786137004281,1714
NEW,O-1715,BUY,94,8,1786137004281,1715
NEW,O-1716,SELL,102,9,1786137004281,1716
NEW,O-1717,SELL,104,13,1786137004281,1717
NEW,O-1718,BUY,90,20,1786137004281,1718
NEW,O-1719,SELL,108,12,1786137004281,1719
NEW,O-1720,SELL,110,7,1786137004281,1720
NEW,O-1721,BUY,94,10,1786137004281,1721
NEW,O-1722,SELL,105,2,1786137004281,1722
NEW,O-1723,BUY,103,16,1786137004281,1723
NEW,O-1724,BUY,95,9,1786137004281,1724
NEW,O-1725,BUY,96,6,1786137004281,1725
NEW,O-1726,SELL,99,13,1786137004281,1726
NEW,O-1727,SELL,110,7,1786137004281,1727
NEW,O-1728,SELL,103,19,1786137004281,1728
NEW,O-1729,BUY,102,20,1786137004281,1729
NEW,O-1730,BUY,90,8,1786137004281,1730
NEW,O-1731,SELL,102,16,1786137004281,1731
NEW,O-1732,SELL,110,5,1786137004281,1732
NEW,O-1733,BUY,97,9,1786137004281,1733
NEW,O-1734,BUY,106,13,1786137004281,1734
NEW,O-1735,BUY,107,6,1786137004281,1735
NEW,O-1736,BUY,100,20,1786137004281,1736
NEW,O-1737,SELL,102,7,1786137004281,1737
NEW,O-1738,BUY,98,13,1786137004281,1738
NEW,O-1739,BUY,101,3,1786137004281,1739
NEW,O-1740,SELL,106,20,1786137004281,1740
NEW,O-1741,SELL,97,6,1786137004281,1741
NEW,O-1742,SELL,108,12,1786137004281,1742
NEW,O-1743,SELL,105,15,1786137004281,1743
NEW,O-1744,SELL,104,9,1786137004281,1744
NEW,O-1745,BUY,103,13,1786137004281,1745
NEW,O-1746,SELL,109,4,1786137004281,1746
NEW,O-1747,SELL,108,20,1786137004281,1747
NEW,O-1748,SELL,92,15,1786137004281,1748
NEW,O-1749,BUY,93,11,1786137004281,1749
NEW,O-1750,SELL,90,20,1786137004281,1750
NEW,O-1751,SELL,107,7,1786137004281,1751
NEW,O-1752,SELL,108,10,1786137004281,1752
NEW,O-1753,BUY,96,13,1786137004281,1753
NEW,O-1754,SELL,102,15,1786137004281,1754
NEW,O-1755,SELL,105,15,1786137004281,1755
NEW,O-1756,BUY,98,5,1786137004281,1756
NEW,O-1757,BUY,97,12,1786137004281,1757
NEW,O-1758,BUY,96,13,1786137004281,1758
NEW,O-1759,BUY,93,6,1786137004281,1759
NEW,O-1760,BUY,93,10,1786137004281,1760
NEW,O-1761,SELL,94,6,1786137004281,1761
NEW,O-1762,BUY,106,1,1786137004281,1762
NEW,O-1763,BUY,95,5,1786137004281,1763
NEW,O-1764,BUY,104,2,1786137004281,1764
NEW,O-1765,BUY,94,10,1786137004281,1765
NEW,O-1766,SELL,94,17,1786137004281,1766
NEW,O-1767,SELL,93,1,1786137004281,1767
NEW,O-1768,BUY,100,8,1786137004281,1768
NEW,O-1769,SELL,92,3,1786137004281,1769
NEW,O-1770,SELL,110,16,1786137004281,1770
NEW,O-1771,SELL,110,20,1786137004281,1771
NEW,O-1772,BUY,108,6,1786137004281,1772
NEW,O-1773,BUY,93,14,1786137004281,1773
NEW,O-1774,SELL,107,19,1786137004281,1774
NEW,O-1775,BUY,99,17,1786137004281,1775
NEW,O-1776,BUY,95,11,1786137004281,1776
NEW,O-1777,SELL,94,4,1786137004281,1777
NEW,O-1779,BUY,100,8,1786137004281,1779
NEW,O-1778,BUY,106,2,1786137004281,1778
NEW,O-1780,SELL,105,13,1786137004281,1780
NEW,O-1781,SELL,104,19,1786137004281,1781
NEW,O-1782,SELL,101,5,1786137004281,1782
NEW,O-1783,BUY,95,8,1786137004281,1783
NEW,O-1784,BUY,94,12,1786137004281,1784
NEW,O-1785,SELL,96,7,1786137004281,1785
NEW,O-1786,BUY,110,15,1786137004281,1786
NEW,O-1787,BUY,98,4,1786137004281,1787
NEW,O-1788,BUY,101,19,1786137004281,1788
NEW,O-1789,SELL,107,20,1786137004281,1789
NEW,O-1790,BUY,93,10,1786137004281,1790
NEW,O-1791,SELL,108,1,1786137004281,1791
NEW,O-1792,SELL,102,3,1786137004281,1792
NEW,O-1793,SELL,93,7,1786137004281,1793
NEW,O-1794,SELL,107,11,1786137004281,1794
NEW,O-1795,SELL,107,7,1786137004281,1795
NEW,O-1797,SELL,91,4,1786137004281,1797
NEW,O-1796,SELL,102,12,1786137004281,1796
NEW,O-1798,SELL,104,6,1786137004281,1798
NEW,O-1799,SELL,107,14,1786137004281,1799
NEW,O-1800,SELL,105,2,1786137004281,1800
NEW,O-1801,BUY,100,17,1786137004281,1801
NEW,O-1802,BUY,98,2,1786137004281,1802
NEW,O-1803,BUY,103,12,1786137004281,1803
NEW,O-1804,SELL,93,20,1786137004281,1804
NEW,O-1805,BUY,102,12,1786137004281,1805
NEW,O-1806,SELL,99,9,1786137004281,1806
NEW,O-1807,BUY,102,5,1786137004281,1807
NEW,O-1808,SELL,106,13,1786137004281,1808
NEW,O-1809,SELL,91,12,1786137004281,1809
NEW,O-1811,BUY,105,12,1786137004281,1811
NEW,O-1810,SELL,110,19,1786137004281,1810
NEW,O-1812,SELL,107,17,1786137004281,1812
NEW,O-1813,SELL,100,6,1786137004281,1813
NEW,O-1814,BUY,99,10,1786137004281,1814
NEW,O-1815,SELL,106,13,1786137004281,1815
NEW,O-1816,BUY,92,10,1786137004281,1816
NEW,O-1817,BUY,93,19,1786137004281,1817
NEW,O-1818,BUY,104,14,1786137004281,1818
NEW,O-1819,BUY,97,5,1786137004281,1819
NEW,O-1820,BUY,91,12,1786137004281,1820
NEW,O-1821,SELL,110,5,1786137004281,1821
NEW,O-1822,BUY,107,14,1786137004281,1822
NEW,O-1823,BUY,104,3,1786137004281,1823
NEW,O-1824,SELL,103,4,1786137004281,1824
NEW,O-1825,BUY,109,20,1786137004281,1825
NEW,O-1827,BUY,94,6,1786137004281,1827
NEW,O-1826,SELL,100,17,1786137004281,1826
NEW,O-1828,BUY,102,7,1786137004281,1828
NEW,O-1829,BUY,107,5,1786137004281,1829
NEW,O-1830,SELL,90,12,1786137004281,1830
NEW,O-1831,BUY,110,3,1786137004281,1831
NEW,O-1832,SELL,102,13,1786137004281,1832
NEW,O-1833,BUY,101,15,1786137004281,1833
NEW,O-1834,SELL,96,10,1786137004281,1834
NEW,O-1835,BUY,100,14,1786137004281,1835
NEW,O-1836,SELL,95,12,1786137004281,1836
NEW,O-1837,BUY,106,1,1786137004281,1837
NEW,O-1838,BUY,95,16,1786137004281,1838
NEW,O-1839,SELL,110,16,1786137004281,1839
NEW,O-1840,SELL,90,11,1786137004281,1840
NEW,O-1841,BUY,100,12,1786137004281,1841
NEW,O-1842,SELL,99,3,1786137004281,1842
NEW,O-1843,SELL,101,11,1786137004281,1843
NEW,O-1844,BUY,92,8,1786137004281,1844
NEW,O-1845,BUY,100,18,1786137004281,1845
NEW,O-1846,SELL,97,16,1786137004281,1846
NEW,O-1847,BUY,105,13,1786137004281,1847
NEW,O-1848,SELL,99,17,1786137004281,1848
NEW,O-1849,BUY,96,14,1786137004281,1849
NEW,O-1851,BUY,101,5,1786137004281,1851
NEW,O-1850,BUY,98,6,1786137004281,1850
NEW,O-1852,BUY,98,9,1786137004281,1852
NEW,O-1853,BUY,104,4,1786137004281,1853
NEW,O-1854,BUY,108,20,1786137004281,1854
NEW,O-1855,BUY,101,3,1786137004281,1855
NEW,O-1856,BUY,101,7,1786137004281,1856
NEW,O-1857,BUY,97,2,1786137004281,1857
NEW,O-1858,BUY,97,9,1786137004281,1858
NEW,O-1859,BUY,105,6,1786137004281,1859
NEW,O-1860,BUY,100,10,1786137004281,1860
NEW,O-1861,BUY,106,11,1786137004282,1861
NEW,O-1862,BUY,91,11,1786137004282,1862
NEW,O-1863,BUY,102,17,1786137004282,1863
NEW,O-1864,SELL,101,10,1786137004282,1864
NEW,O-1865,BUY,109,13,1786137004282,1865
NEW,O-1866,BUY,97,18,1786137004282,1866
NEW,O-1867,BUY,96,5,1786137004282,1867
NEW,O-1868,BUY,92,20,1786137004282,1868
NEW,O-1869,SELL,95,17,1786137004282,1869
NEW,O-1870,SELL,95,12,1786137004282,1870
NEW,O-1871,SELL,91,18,1786137004282,1871
NEW,O-1872,BUY,90,2,1786137004282,1872
NEW,O-1873,BUY,104,20,1786137004282,1873
NEW,O-1874,BUY,106,11,1786137004282,1874
NEW,O-1875,SELL,108,14,1786137004282,1875
NEW,O-1877,BUY,96,18,1786137004282,1877
NEW,O-1876,BUY,105,15,1786137004282,1876
NEW,O-1878,SELL,104,6,1786137004282,1878
NEW,O-1879,BUY,108,19,1786137004282,1879
NEW,O-1880,SELL,91,19,1786137004282,1880
NEW,O-1881,SELL,106,4,1786137004282,1881
NEW,O-1882,SELL,100,17,1786137004282,1882
NEW,O-1883,BUY,106,7,1786137004282,1883
NEW,O-1884,BUY,105,14,1786137004282,1884
NEW,O-1885,SELL,91,2,1786137004282,1885
NEW,O-1886,BUY,95,1,1786137004282,1886
NEW,O-1887,SELL,106,10,1786137004282,1887
NEW,O-1888,BUY,90,17,1786137004282,1888
NEW,O-1889,SELL,104,14,1786137004282,1889
NEW,O-1890,SELL,103,12,1786137004282,1890
NEW,O-1891,SELL,103,15,1786137004282,1891
NEW,O-1892,BUY,98,13,1786137004282,1892
NEW,O-1893,SELL,97,12,1786137004282,1893
NEW,O-1894,SELL,95,7,1786137004282,1894
NEW,O-1895,SELL,100,20,1786137004282,1895
NEW,O-1896,SELL,106,16,1786137004282,1896
NEW,O-1897,SELL,107,7,1786137004282,1897
NEW,O-1898,SELL,107,8,1786137004282,1898
NEW,O-1899,SELL,110,12,1786137004282,1899
NEW,O-1900,SELL,107,16,1786137004282,1900
NEW,O-1901,BUY,107,8,1786137004282,1901
NEW,O-1902,SELL,95,18,1786137004282,1902
NEW,O-1903,BUY,110,7,1786137004282,1903
NEW,O-1904,BUY,104,1,1786137004282,1904
NEW,O-1905,SELL,96,11,1786137004282,1905
NEW,O-1906,BUY,95,1,1786137004282,1906
NEW,O-1907,BUY,96,3,1786137004282,1907
NEW,O-1908,SELL,108,14,1786137004282,1908
NEW,O-1909,BUY,96,14,1786137004282,1909
NEW,O-1910,SELL,103,7,1786137004282,1910
NEW,O-1911,BUY,107,11,1786137004282,1911
NEW,O-1912,SELL,102,20,1786137004282,1912
NEW,O-1913,BUY,108,3,1786137004282,1913
NEW,O-1914,BUY,90,18,1786137004282,1914
NEW,O-1915,BUY,107,5,1786137004282,1915
NEW,O-1916,BUY,100,16,1786137004282,1916
NEW,O-1917,BUY,104,6,1786137004282,1917
NEW,O-1919,SELL,95,20,1786137004282,1919
NEW,O-1918,BUY,90,13,1786137004282,1918
NEW,O-1920,BUY,105,13,1786137004282,1920
NEW,O-1922,SELL,103,3,1786137004282,1922
NEW,O-1921,SELL,105,1,1786137004282,1921
NEW,O-1923,BUY,102,6,1786137004282,1923
NEW,O-1925,SELL,98,5,1786137004282,1925
NEW,O-1926,BUY,105,19,1786137004282,1926
NEW,O-1924,SELL,100,10,1786137004282,1924
NEW,O-1927,BUY,96,8,1786137004282,1927
NEW,O-1929,SELL,94,14,1786137004282,1929
NEW,O-1928,SELL,110,1,1786137004282,1928
NEW,O-1930,SELL,108,2,1786137004282,1930
NEW,O-1931,BUY,91,11,1786137004282,1931
NEW,O-1932,BUY,104,17,1786137004282,1932
NEW,O-1933,BUY,96,7,1786137004282,1933
NEW,O-1934,SELL,96,2,1786137004282,1934
NEW,O-1935,SELL,109,16,1786137004282,1935
NEW,O-1936,BUY,109,20,1786137004282,1936
NEW,O-1937,SELL,90,3,1786137004282,1937
NEW,O-1938,SELL,105,7,1786137004282,1938
NEW,O-1939,BUY,105,4,1786137004282,1939
NEW,O-1940,SELL,109,20,1786137004282,1940
NEW,O-1941,SELL,94,11,1786137004282,1941
NEW,O-1942,BUY,107,1,1786137004282,1942
NEW,O-1943,SELL,103,18,1786137004282,1943
NEW,O-1944,SELL,100,6,1786137004282,1944
NEW,O-1945,BUY,110,15,1786137004282,1945
NEW,O-1946,SELL,91,3,1786137004282,1946
NEW,O-1947,SELL,94,14,1786137004282,1947
NEW,O-1948,SELL,110,5,1786137004282,1948
NEW,O-1949,BUY,106,3,1786137004282,1949
NEW,O-1950,BUY,95,5,1786137004282,1950
NEW,O-1951,BUY,105,18,1786137004282,1951
NEW,O-1952,BUY,107,16,1786137004282,1952
NEW,O-1953,BUY,99,14,1786137004282,1953
NEW,O-1954,BUY,101,7,1786137004282,1954
NEW,O-1955,SELL,95,4,1786137004282,1955
NEW,O-1956,SELL,103,18,1786137004282,1956
NEW,O-1957,SELL,99,16,1786137004282,1957
NEW,O-1958,BUY,95,18,1786137004282,1958
NEW,O-1959,BUY,104,19,1786137004282,1959
NEW,O-1960,BUY,107,11,1786137004282,1960
NEW,O-1961,SELL,105,3,1786137004282,1961
NEW,O-1962,BUY,104,5,1786137004282,1962
NEW,O-1963,SELL,104,7,1786137004282,1963
NEW,O-1964,SELL,109,7,1786137004282,1964
NEW,O-1965,BUY,100,8,1786137004282,1965
NEW,O-1966,BUY,91,13,1786137004282,1966
NEW,O-1967,BUY,97,2,1786137004282,1967
NEW,O-1968,SELL,95,19,1786137004282,1968
NEW,O-1969,SELL,99,8,1786137004282,1969
NEW,O-1970,BUY,97,6,1786137004282,1970
NEW,O-1971,SELL,100,2,1786137004282,1971
NEW,O-1972,BUY,96,4,1786137004282,1972
NEW,O-1973,BUY,103,14,1786137004282,1973
NEW,O-1974,SELL,102,7,1786137004282,1974
NEW,O-1975,SELL,95,13,1786137004282,1975
NEW,O-1976,SELL,100,16,1786137004282,1976
NEW,O-1977,BUY,92,6,1786137004282,1977
NEW,O-1978,SELL,107,6,1786137004282,1978
NEW,O-1979,BUY,99,15,1786137004282,1979
NEW,O-1980,SELL,96,18,1786137004282,1980
NEW,O-1981,SELL,108,16,1786137004282,1981
NEW,O-1982,BUY,92,16,1786137004282,1982
NEW,O-1983,BUY,96,3,1786137004282,1983
NEW,O-1984,SELL,99,8,1786137004282,1984
NEW,O-1986,SELL,98,4,1786137004282,1986
NEW,O-1985,SELL,105,6,1786137004282,1985
NEW,O-1987,BUY,104,9,1786137004282,1987
NEW,O-1989,SELL,105,1,1786137004282,1989
NEW,O-1988,BUY,108,4,1786137004282,1988
NEW,O-1990,BUY,95,18,1786137004282,1990
NEW,O-1991,BUY,92,14,1786137004282,1991
NEW,O-1993,SELL,94,11,1786137004282,1993
NEW,O-1992,SELL,109,18,1786137004282,1992
NEW,O-1994,BUY,98,19,1786137004282,1994
NEW,O-1996,BUY,91,7,1786137004282,1996
NEW,O-1995,BUY,94,10,1786137004282,1995
NEW,O-1997,BUY,91,4,1786137004282,1997
NEW,O-1998,SELL,105,13,1786137004282,1998
NEW,O-1999,BUY,92,5,1786137004282,1999
NEW,O-2000,SELL,90,13,1786137004282,2000
NEW,O-2002,SELL,106,13,1786137004282,2002
NEW,O-2001,BUY,103,16,1786137004282,2001
NEW,O-2003,SELL,93,20,1786137004282,2003
NEW,O-2004,BUY,102,9,1786137004282,2004
NEW,O-2005,BUY,95,12,1786137004282,2005
NEW,O-2006,SELL,98,5,1786137004282,2006
NEW,O-2008,BUY,101,1,1786137004282,2008
NEW,O-2007,SELL,100,4,1786137004282,2007
NEW,O-2009,BUY,98,4,1786137004282,2009
NEW,O-2011,SELL,91,9,1786137004282,2011
NEW,O-2010,BUY,105,12,1786137004282,2010
NEW,O-2012,SELL,93,13,1786137004282,2012
NEW,O-2013,SELL,103,8,1786137004282,2013
NEW,O-2014,BUY,107,16,1786137004282,2014
NEW,O-2015,BUY,102,16,1786137004282,2015
NEW,O-2016,BUY,93,19,1786137004282,2016
NEW,O-2017,SELL,109,17,1786137004282,2017
NEW,O-2018,BUY,92,1,1786137004282,2018
NEW,O-2019,BUY,107,6,1786137004282,2019
NEW,O-2020,SELL,96,1,1786137004282,2020
NEW,O-2021,BUY,100,9,1786137004282,2021
NEW,O-2022,SELL,92,2,1786137004282,2022
NEW,O-2023,SELL,105,17,1786137004282,2023
NEW,O-2024,SELL,99,16,1786137004282,2024
NEW,O-2025,BUY,91,13,1786137004282,2025
NEW,O-2026,BUY,93,19,1786137004282,2026
NEW,O-2027,BUY,93,19,1786137004282,2027
NEW,O-2028,SELL,108,4,1786137004282,2028
NEW,O-2029,BUY,109,16,1786137004282,2029
NEW,O-2030,SELL,100,10,1786137004282,2030
NEW,O-2031,BUY,110,17,1786137004282,2031
NEW,O-2032,SELL,91,19,1786137004282,2032
NEW,O-2033,SELL,92,8,1786137004282,2033
NEW,O-2034,BUY,96,10,1786137004282,2034
NEW,O-2035,BUY,109,19,1786137004282,2035
NEW,O-2036,SELL,90,6,1786137004282,2036
NEW,O-2037,SELL,100,16,1786137004282,2037
NEW,O-2038,SELL,100,19,1786137004282,2038
NEW,O-2039,BUY,108,1,1786137004282,2039
NEW,O-2040,BUY,93,20,1786137004282,2040
NEW,O-2041,BUY,93,7,1786137004282,2041
NEW,O-2042,SELL,91,16,1786137004282,2042
NEW,O-2043,SELL,108,7,1786137004282,2043
NEW,O-2044,BUY,101,14,1786137004282,2044
NEW,O-2045,SELL,95,2,1786137004282,2045
NEW,O-2046,BUY,110,20,1786137004282,2046
NEW,O-2047,SELL,95,7,1786137004282,2047
NEW,O-2048,BUY,91,10,1786137004282,2048
NEW,O-2049,BUY,104,18,1786137004282,2049
NEW,O-2050,BUY,106,6,1786137004282,2050
NEW,O-2051,BUY,93,9,1786137004282,2051
NEW,O-2052,SELL,93,4,1786137004282,2052
NEW,O-2053,SELL,91,7,1786137004282,2053
NEW,O-2054,BUY,108,10,1786137004282,2054
NEW,O-2055,BUY,105,20,1786137004282,2055
NEW,O-2056,BUY,103,1,1786137004282,2056
NEW,O-2057,SELL,106,5,1786137004282,2057
NEW,O-2058,BUY,106,5,1786137004282,2058
NEW,O-2059,SELL,106,4,1786137004282,2059
NEW,O-2060,BUY,97,1,1786137004282,2060
NEW,O-2061,BUY,106,7,1786137004282,2061
NEW,O-2062,BUY,109,19,1786137004282,2062
NEW,O-2063,BUY,90,19,1786137004282,2063
NEW,O-2064,BUY,109,19,1786137004282,2064
NEW,O-2065,SELL,109,13,1786137004282,2065
NEW,O-2066,SELL,94,5,1786137004282,2066
NEW,O-2067,BUY,93,4,1786137004282,2067
NEW,O-2068,BUY,93,14,1786137004282,2068
NEW,O-2069,BUY,103,11,1786137004282,2069
NEW,O-2070,BUY,95,2,1786137004282,2070
NEW,O-2071,BUY,99,2,1786137004282,2071
NEW,O-2072,SELL,107,15,1786137004282,2072
NEW,O-2073,BUY,96,9,1786137004282,2073
NEW,O-2074,BUY,108,13,1786137004282,2074
NEW,O-2075,BUY,90,5,1786137004282,2075
NEW,O-2076,SELL,94,13,1786137004282,2076
NEW,O-2077,SELL,90,4,1786137004282,2077
NEW,O-2078,BUY,98,9,1786137004282,2078
NEW,O-2079,BUY,108,12,1786137004282,2079
NEW,O-2080,SELL,94,18,1786137004282,2080
NEW,O-2081,SELL,103,16,1786137004282,2081
NEW,O-2082,BUY,102,17,1786137004282,2082
NEW,O-2083,BUY,92,10,1786137004282,2083
NEW,O-2084,SELL,96,20,1786137004282,2084
NEW,O-2085,SELL,102,11,1786137004282,2085
NEW,O-2087,BUY,97,4,1786137004282,2087
NEW,O-2086,BUY,103,18,1786137004282,2086
NEW,O-2088,BUY,106,2,1786137004282,2088
NEW,O-2089,BUY,109,17,1786137004282,2089
NEW,O-2090,SELL,109,14,1786137004282,2090
NEW,O-2092,SELL,99,16,1786137004282,2092
NEW,O-2091,SELL,92,13,1786137004282,2091
NEW,O-2093,SELL,106,4,1786137004282,2093
NEW,O-2094,SELL,93,12,1786137004282,2094
NEW,O-2095,SELL,92,7,1786137004282,2095
NEW,O-2096,BUY,93,8,1786137004282,2096
NEW,O-2097,SELL,109,19,1786137004282,2097
NEW,O-2098,SELL,104,10,1786137004282,2098
NEW,O-2099,BUY,90,17,1786137004282,2099
NEW,O-2100,SELL,101,19,1786137004282,2100
NEW,O-2101,SELL,106,3,1786137004282,2101
NEW,O-2102,BUY,92,9,1786137004282,2102
NEW,O-2103,BUY,91,7,1786137004282,2103
NEW,O-2104,SELL,92,12,1786137004283,2104
NEW,O-2105,SELL,102,3,1786137004283,2105
NEW,O-2106,BUY,100,11,1786137004283,2106
NEW,O-2107,BUY,94,10,1786137004283,2107
NEW,O-2108,BUY,101,7,1786137004283,2108
NEW,O-2109,BUY,104,20,1786137004283,2109
NEW,O-2110,SELL,104,18,1786137004283,2110
NEW,O-2111,SELL,107,3,1786137004283,2111
NEW,O-2112,BUY,98,20,1786137004283,2112
NEW,O-2113,BUY,98,1,1786137004283,2113
NEW,O-2114,SELL,91,4,1786137004283,2114
NEW,O-2116,SELL,91,12,1786137004283,2116
NEW,O-2117,SELL,104,20,1786137004283,2117
NEW,O-2118,SELL,96,1,1786137004283,2118
NEW,O-2119,SELL,102,19,1786137004283,2119
NEW,O-2120,SELL,99,8,1786137004283,2120
NEW,O-2121,BUY,103,3,1786137004283,2121
NEW,O-2122,BUY,99,20,1786137004283,2122
NEW,O-2115,BUY,90,9,1786137004283,2115
NEW,O-2123,BUY,95,14,1786137004283,2123
NEW,O-2124,BUY,109,20,1786137004283,2124
NEW,O-2125,SELL,99,5,1786137004283,2125
NEW,O-2126,SELL,99,13,1786137004283,2126
NEW,O-2127,BUY,101,2,1786137004283,2127
NEW,O-2128,BUY,103,5,1786137004283,2128
NEW,O-2129,SELL,100,3,1786137004283,2129
NEW,O-2131,BUY,93,19,1786137004283,2131
NEW,O-2130,BUY,110,8,1786137004283,2130
NEW,O-2132,SELL,100,20,1786137004283,2132
NEW,O-2133,SELL,90,6,1786137004283,2133
NEW,O-2134,BUY,92,15,1786137004283,2134
NEW,O-2135,SELL,98,20,1786137004283,2135
NEW,O-2136,SELL,107,20,1786137004283,2136
NEW,O-2137,SELL,103,7,1786137004283,2137
NEW,O-2139,SELL,90,7,1786137004283,2139
NEW,O-2138,SELL,94,15,1786137004283,2138
NEW,O-2140,BUY,93,16,1786137004283,2140
NEW,O-2142,BUY,102,4,1786137004283,2142
NEW,O-2141,BUY,104,3,1786137004283,2141
NEW,O-2143,SELL,98,2,1786137004283,2143
NEW,O-2144,BUY,104,7,1786137004283,2144
NEW,O-2145,SELL,91,9,1786137004283,2145
NEW,O-2146,SELL,108,12,1786137004283,2146
NEW,O-2147,BUY,93,19,1786137004283,2147
NEW,O-2148,SELL,109,17,1786137004283,2148
NEW,O-2149,SELL,103,3,1786137004283,2149
NEW,O-2150,SELL,103,7,1786137004283,2150
NEW,O-2151,BUY,110,14,1786137004283,2151
NEW,O-2153,SELL,103,5,1786137004283,2153
NEW,O-2152,BUY,101,18,1786137004283,2152
NEW,O-2154,BUY,104,11,1786137004283,2154
NEW,O-2155,BUY,103,17,1786137004283,2155
NEW,O-2156,BUY,105,5,1786137004283,2156
NEW,O-2157,BUY,103,11,1786137004283,2157
NEW,O-2158,BUY,90,20,1786137004283,2158
NEW,O-2160,SELL,98,4,1786137004283,2160
NEW,O-2161,SELL,95,3,1786137004283,2161
NEW,O-2162,SELL,98,17,1786137004283,2162
NEW,O-2163,BUY,110,15,1786137004283,2163
NEW,O-2164,BUY,98,14,1786137004283,2164
NEW,O-2165,SELL,102,6,1786137004283,2165
NEW,O-2166,SELL,96,11,1786137004283,2166
NEW,O-2167,SELL,100,5,1786137004283,2167
NEW,O-2168,SELL,103,15,1786137004283,2168
NEW,O-2169,SELL,97,19,1786137004283,2169
NEW,O-2159,BUY,108,14,1786137004283,2159
NEW,O-2170,BUY,98,4,1786137004283,2170
NEW,O-2171,SELL,102,6,1786137004283,2171
NEW,O-2172,BUY,100,19,1786137004283,2172
NEW,O-2173,SELL,92,10,1786137004283,2173
NEW,O-2174,SELL,99,14,1786137004283,2174
NEW,O-2175,BUY,91,5,1786137004283,2175
NEW,O-2176,SELL,90,1,1786137004283,2176
NEW,O-2177,BUY,91,16,1786137004283,2177
NEW,O-2179,SELL,102,12,1786137004283,2179
NEW,O-2178,SELL,108,10,1786137004283,2178
NEW,O-2180,BUY,93,2,1786137004283,2180
NEW,O-2182,BUY,101,17,1786137004283,2182
NEW,O-2181,SELL,101,18,1786137004283,2181
NEW,O-2183,SELL,101,9,1786137004283,2183
NEW,O-2184,BUY,95,1,1786137004283,2184
NEW,O-2186,SELL,110,10,1786137004283,2186
NEW,O-2187,BUY,101,1,1786137004283,2187
NEW,O-2188,BUY,99,6,1786137004283,2188
NEW,O-2189,BUY,92,8,1786137004283,2189
NEW,O-2191,SELL,99,10,1786137004283,2191
NEW,O-2190,SELL,107,15,1786137004283,2190
NEW,O-2192,BUY,107,19,1786137004283,2192
NEW,O-2193,SELL,100,17,1786137004283,2193
NEW,O-2194,SELL,93,12,1786137004283,2194
NEW,O-2195,BUY,95,17,1786137004283,2195
NEW,O-2196,SELL,90,16,1786137004283,2196
NEW,O-2198,SELL,95,8,1786137004283,2198
NEW,O-2197,SELL,100,6,1786137004283,2197
NEW,O-2199,BUY,105,1,1786137004283,2199
NEW,O-2200,SELL,102,9,1786137004283,2200
NEW,O-2185,SELL,105,2,1786137004283,2185
NEW,O-2201,BUY,94,2,1786137004283,2201
NEW,O-2202,BUY,92,14,1786137004283,2202
NEW,O-2203,SELL,107,4,1786137004283,2203
NEW,O-2206,BUY,98,13,1786137004283,2206
NEW,O-2208,BUY,95,2,1786137004283,2208
NEW,O-2204,BUY,99,19,1786137004283,2204
NEW,O-2209,BUY,99,9,1786137004283,2209
NEW,O-2210,BUY,96,12,1786137004283,2210
NEW,O-2211,BUY,101,16,1786137004283,2211
NEW,O-2212,BUY,104,13,1786137004283,2212
NEW,O-2213,BUY,90,3,1786137004283,2213
NEW,O-2214,SELL,110,9,1786137004283,2214
NEW,O-2215,SELL,96,17,1786137004283,2215
NEW,O-2207,BUY,101,12,1786137004283,2207
NEW,O-2216,BUY,106,6,1786137004283,2216
NEW,O-2217,BUY,96,10,1786137004283,2217
NEW,O-2218,SELL,99,6,1786137004283,2218
NEW,O-2219,BUY,99,7,1786137004283,2219
NEW,O-2220,SELL,98,18,1786137004283,2220
NEW,O-2221,BUY,97,7,1786137004283,2221
NEW,O-2222,BUY,100,13,1786137004283,2222
NEW,O-2223,BUY,103,14,1786137004283,2223
NEW,O-2224,SELL,91,11,1786137004283,2224
NEW,O-2225,SELL,102,15,1786137004283,2225
NEW,O-2226,BUY,92,8,1786137004283,2226
NEW,O-2227,SELL,110,20,1786137004283,2227
NEW,O-2228,BUY,96,2,1786137004283,2228
NEW,O-2205,BUY,96,6,1786137004283,2205
NEW,O-2229,BUY,104,6,1786137004283,2229
NEW,O-2230,BUY,106,4,1786137004283,2230
NEW,O-2231,BUY,96,15,1786137004283,2231
NEW,O-2232,SELL,103,11,1786137004283,2232
NEW,O-2233,SELL,106,9,1786137004283,2233
NEW,O-2234,BUY,102,11,1786137004283,2234
NEW,O-2235,BUY,108,4,1786137004283,2235
NEW,O-2236,SELL,106,20,1786137004283,2236
NEW,O-2237,SELL,90,1,1786137004283,2237
NEW,O-2238,SELL,105,5,1786137004283,2238
NEW,O-2239,BUY,95,2,1786137004283,2239
NEW,O-2240,SELL,95,11,1786137004283,2240
NEW,O-2241,SELL,100,13,1786137004283,2241
NEW,O-2242,SELL,104,20,1786137004283,2242
NEW,O-2243,BUY,96,5,1786137004283,2243
NEW,O-2244,SELL,91,10,1786137004283,2244
NEW,O-2245,SELL,103,7,1786137004283,2245
NEW,O-2246,BUY,104,12,1786137004283,2246
NEW,O-2247,SELL,94,5,1786137004283,2247
NEW,O-2248,SELL,95,14,1786137004283,2248
NEW,O-2249,BUY,101,9,1786137004283,2249
NEW,O-2250,BUY,92,10,1786137004283,2250
NEW,O-2251,BUY,102,19,1786137004283,2251
NEW,O-2252,SELL,91,5,1786137004283,2252
NEW,O-2253,SELL,95,14,1786137004283,2253
NEW,O-2254,BUY,101,18,1786137004283,2254
NEW,O-2255,BUY,93,2,1786137004283,2255
NEW,O-2256,BUY,109,3,1786137004283,2256
NEW,O-2257,BUY,92,19,1786137004283,2257
NEW,O-2258,BUY,105,10,1786137004283,2258
NEW,O-2259,SELL,98,8,1786137004283,2259
NEW,O-2260,SELL,93,12,1786137004283,2260
NEW,O-2261,SELL,96,1,1786137004283,2261
NEW,O-2262,SELL,93,2,1786137004283,2262
NEW,O-2263,BUY,102,16,1786137004283,2263
NEW,O-2264,BUY,109,18,1786137004283,2264
NEW,O-2265,SELL,97,6,1786137004283,2265
NEW,O-2266,BUY,101,1,1786137004283,2266
NEW,O-2267,SELL,102,11,1786137004283,2267
NEW,O-2268,BUY,98,2,1786137004283,2268
NEW,O-2269,BUY,100,16,1786137004283,2269
NEW,O-2270,SELL,94,3,1786137004283,2270
NEW,O-2271,BUY,108,5,1786137004283,2271
NEW,O-2272,SELL,104,6,1786137004283,2272
NEW,O-2273,BUY,95,14,1786137004283,2273
NEW,O-2274,BUY,90,7,1786137004283,2274
NEW,O-2275,BUY,98,13,1786137004283,2275
NEW,O-2276,BUY,96,10,1786137004283,2276
NEW,O-2277,SELL,104,8,1786137004283,2277
NEW,O-2278,SELL,108,12,1786137004283,2278
NEW,O-2279,BUY,97,20,1786137004283,2279
NEW,O-2280,SELL,102,8,1786137004283,2280
NEW,O-2281,SELL,108,2,1786137004283,2281
NEW,O-2282,SELL,106,11,1786137004283,2282
NEW,O-2283,BUY,97,11,1786137004283,2283
NEW,O-2284,SELL,104,20,1786137004283,2284
NEW,O-2285,BUY,106,15,1786137004283,2285
NEW,O-2286,SELL,95,18,1786137004283,2286
NEW,O-2288,SELL,98,10,1786137004283,2288
NEW,O-2289,SELL,102,19,1786137004283,2289
NEW,O-2290,SELL,95,8,1786137004283,2290
NEW,O-2287,BUY,107,9,1786137004283,2287
NEW,O-2291,BUY,96,20,1786137004283,2291
NEW,O-2292,SELL,108,15,1786137004283,2292
NEW,O-2293,SELL,97,11,1786137004283,2293
NEW,O-2294,SELL,96,4,1786137004283,2294
NEW,O-2295,BUY,99,1,1786137004283,2295
NEW,O-2297,BUY,93,18,1786137004283,2297
NEW,O-2296,SELL,109,4,1786137004283,2296
NEW,O-2298,BUY,98,18,1786137004283,2298
NEW,O-2299,BUY,95,6,1786137004283,2299
NEW,O-2300,BUY,90,20,1786137004283,2300
NEW,O-2301,SELL,100,5,1786137004283,2301
NEW,O-2302,BUY,106,8,1786137004283,2302
NEW,O-2303,BUY,97,4,1786137004283,2303
NEW,O-2304,BUY,109,16,1786137004283,2304
NEW,O-2305,BUY,90,18,1786137004283,2305
NEW,O-2306,SELL,108,6,1786137004283,2306
NEW,O-2308,SELL,93,20,1786137004283,2308
NEW,O-2309,BUY,92,8,1786137004283,2309
NEW,O-2307,BUY,110,8,1786137004283,2307
NEW,O-2310,BUY,96,16,1786137004283,2310
NEW,O-2311,SELL,97,1,1786137004283,2311
NEW,O-2313,SELL,98,7,1786137004283,2313
NEW,O-2312,BUY,108,14,1786137004283,2312
NEW,O-2314,BUY,107,18,1786137004283,2314
NEW,O-2315,BUY,93,2,1786137004283,2315
NEW,O-2316,SELL,108,1,1786137004283,2316
NEW,O-2317,SELL,94,17,1786137004283,2317
NEW,O-2318,BUY,94,1,1786137004283,2318
NEW,O-2320,SELL,95,3,1786137004283,2320
NEW,O-2319,BUY,91,11,1786137004283,2319
NEW,O-2321,BUY,106,6,1786137004283,2321
NEW,O-2322,SELL,101,1,1786137004283,2322
NEW,O-2323,BUY,109,10,1786137004283,2323
NEW,O-2324,SELL,105,11,1786137004283,2324
NEW,O-2326,BUY,109,12,1786137004283,2326
NEW,O-2325,SELL,96,6,1786137004283,2325
NEW,O-2327,BUY,94,19,1786137004283,2327
NEW,O-2329,SELL,109,18,1786137004283,2329
NEW,O-2328,BUY,101,8,1786137004283,2328
NEW,O-2330,SELL,108,12,1786137004283,2330
NEW,O-2331,BUY,100,13,1786137004283,2331
NEW,O-2332,SELL,105,6,1786137004283,2332
NEW,O-2333,SELL,107,6,1786137004283,2333
NEW,O-2334,BUY,93,13,1786137004283,2334
NEW,O-2335,SELL,97,5,1786137004283,2335
NEW,O-2336,SELL,90,20,1786137004283,2336
NEW,O-2337,SELL,106,4,1786137004283,2337
NEW,O-2338,BUY,105,10,1786137004283,2338
NEW,O-2339,SELL,96,1,1786137004283,2339
NEW,O-2340,SELL,99,6,1786137004283,2340
NEW,O-2341,SELL,94,11,1786137004283,2341
NEW,O-2342,SELL,91,18,1786137004283,2342
NEW,O-2343,SELL,92,7,1786137004283,2343
NEW,O-2345,BUY,100,6,1786137004283,2345
NEW,O-2344,SELL,100,19,1786137004283,2344
NEW,O-2346,SELL,100,19,1786137004283,2346
NEW,O-2347,SELL,94,14,1786137004283,2347
NEW,O-2348,BUY,103,8,1786137004283,2348
NEW,O-2349,BUY,95,1,1786137004283,2349
NEW,O-2350,SELL,102,1,1786137004283,2350
NEW,O-2351,SELL,103,7,1786137004283,2351
NEW,O-2352,SELL,95,4,1786137004283,2352
NEW,O-2354,SELL,109,17,1786137004283,2354
NEW,O-2353,BUY,108,12,1786137004283,2353
NEW,O-2356,SELL,102,5,1786137004283,2356
NEW,O-2355,BUY,96,2,1786137004283,2355
NEW,O-2357,BUY,104,18,1786137004283,2357
NEW,O-2358,BUY,109,5,1786137004283,2358
NEW,O-2359,BUY,103,10,1786137004283,2359
NEW,O-2360,BUY,108,6,1786137004283,2360
NEW,O-2362,SELL,104,5,1786137004283,2362
NEW,O-2361,SELL,102,8,1786137004283,2361
NEW,O-2363,SELL,95,8,1786137004283,2363
NEW,O-2365,SELL,99,2,1786137004283,2365
NEW,O-2364,BUY,95,9,1786137004283,2364
NEW,O-2366,SELL,90,17,1786137004283,2366
NEW,O-2367,BUY,98,17,1786137004283,2367
NEW,O-2369,BUY,105,4,1786137004283,2369
NEW,O-2368,BUY,94,5,1786137004283,2368
NEW,O-2370,SELL,108,11,1786137004283,2370
NEW,O-2371,BUY,102,19,1786137004283,2371
NEW,O-2372,SELL,100,17,1786137004283,2372
NEW,O-2373,SELL,95,13,1786137004283,2373
NEW,O-2374,SELL,102,16,1786137004283,2374
NEW,O-2375,BUY,95,15,1786137004283,2375
NEW,O-2376,SELL,109,17,1786137004283,2376
NEW,O-2377,BUY,103,14,1786137004283,2377
NEW,O-2378,BUY,104,1,1786137004283,2378
NEW,O-2379,BUY,104,12,1786137004283,2379
NEW,O-2380,BUY,98,11,1786137004283,2380
NEW,O-2381,SELL,98,4,1786137004283,2381
NEW,O-2382,BUY,110,18,1786137004283,2382
NEW,O-2383,SELL,96,4,1786137004283,2383
NEW,O-2384,SELL,92,17,1786137004283,2384
NEW,O-2385,SELL,93,13,1786137004283,2385
NEW,O-2386,SELL,109,13,1786137004283,2386
NEW,O-2387,SELL,97,15,1786137004283,2387
NEW,O-2388,SELL,108,2,1786137004283,2388
NEW,O-2389,SELL,96,4,1786137004283,2389
NEW,O-2390,SELL,100,18,1786137004283,2390
NEW,O-2391,BUY,109,15,1786137004283,2391
NEW,O-2392,SELL,90,13,1786137004283,2392
NEW,O-2393,SELL,107,3,1786137004283,2393
NEW,O-2394,SELL,93,4,1786137004283,2394
NEW,O-2395,SELL,110,19,1786137004283,2395
NEW,O-2397,BUY,92,13,1786137004283,2397
NEW,O-2396,SELL,93,17,1786137004283,2396
NEW,O-2398,BUY,105,6,1786137004283,2398
NEW,O-2399,SELL,93,15,1786137004283,2399
NEW,O-2400,SELL,94,10,1786137004283,2400
NEW,O-2401,SELL,108,4,1786137004283,2401
NEW,O-2402,BUY,91,12,1786137004283,2402
NEW,O-2403,SELL,104,17,1786137004283,2403
NEW,O-2404,BUY,96,10,1786137004283,2404
NEW,O-2405,BUY,98,18,1786137004283,2405
NEW,O-2406,SELL,102,12,1786137004283,2406
NEW,O-2407,BUY,97,12,1786137004283,2407
NEW,O-2408,BUY,101,20,1786137004283,2408
NEW,O-2409,SELL,97,4,1786137004283,2409
NEW,O-2410,SELL,95,15,1786137004283,2410
NEW,O-2411,SELL,105,1,1786137004283,2411
NEW,O-2412,BUY,102,15,1786137004283,2412
NEW,O-2414,SELL,110,13,1786137004283,2414
NEW,O-2413,SELL,102,4,1786137004283,2413
NEW,O-2415,SELL,106,6,1786137004283,2415
NEW,O-2416,BUY,104,1,1786137004283,2416
NEW,O-2417,SELL,93,16,1786137004283,2417
NEW,O-2418,BUY,107,6,1786137004283,2418
NEW,O-2419,SELL,90,4,1786137004283,2419
NEW,O-2421,BUY,100,3,1786137004283,2421
NEW,O-2420,BUY,98,10,1786137004283,2420
NEW,O-2422,SELL,108,1,1786137004283,2422
NEW,O-2423,BUY,92,8,1786137004283,2423
NEW,O-2424,SELL,108,1,1786137004283,2424
NEW,O-2426,SELL,108,1,1786137004283,2426
NEW,O-2425,BUY,94,2,1786137004283,2425
NEW,O-2427,SELL,93,16,1786137004283,2427
NEW,O-2429,SELL,107,8,1786137004283,2429
NEW,O-2428,SELL,95,11,1786137004283,2428
NEW,O-2431,BUY,107,20,1786137004283,2431
NEW,O-2430,BUY,105,17,1786137004283,2430
NEW,O-2432,BUY,102,4,1786137004283,2432
NEW,O-2433,SELL,99,12,1786137004283,2433
NEW,O-2434,SELL,100,7,1786137004283,2434
NEW,O-2435,SELL,106,4,1786137004283,2435
NEW,O-2436,SELL,90,20,1786137004283,2436
NEW,O-2437,SELL,92,7,1786137004283,2437
NEW,O-2438,BUY,92,8,1786137004283,2438
NEW,O-2439,BUY,93,1,1786137004283,2439
NEW,O-2440,BUY,95,8,1786137004283,2440
NEW,O-2441,SELL,108,15,1786137004283,2441
NEW,O-2442,BUY,101,17,1786137004283,2442
NEW,O-2443,SELL,103,8,1786137004283,2443
NEW,O-2444,SELL,91,2,1786137004283,2444
NEW,O-2445,BUY,110,9,1786137004283,2445
NEW,O-2447,BUY,100,14,1786137004283,2447
NEW,O-2446,SELL,106,11,1786137004283,2446
NEW,O-2448,SELL,99,9,1786137004283,2448
NEW,O-2449,BUY,94,19,1786137004283,2449
NEW,O-2450,SELL,104,11,1786137004283,2450
NEW,O-2451,SELL,93,9,1786137004283,2451
NEW,O-2452,SELL,102,17,1786137004283,2452
NEW,O-2453,BUY,93,19,1786137004283,2453
NEW,O-2454,BUY,103,1,1786137004283,2454
NEW,O-2455,BUY,104,5,1786137004283,2455
NEW,O-2456,SELL,103,15,1786137004283,2456
NEW,O-2457,SELL,98,19,1786137004283,2457
NEW,O-2458,SELL,99,14,1786137004283,2458
NEW,O-2459,SELL,102,7,1786137004283,2459
NEW,O-2460,SELL,99,2,1786137004283,2460
NEW,O-2461,BUY,106,5,1786137004283,2461
NEW,O-2462,SELL,90,9,1786137004283,2462
NEW,O-2464,SELL,103,17,1786137004283,2464
NEW,O-2463,SELL,106,7,1786137004283,2463
NEW,O-2465,BUY,109,11,1786137004283,2465
NEW,O-2466,BUY,91,16,1786137004283,2466
NEW,O-2468,SELL,91,16,1786137004283,2468
NEW,O-2467,SELL,95,4,1786137004283,2467
NEW,O-2469,SELL,107,8,1786137004283,2469
NEW,O-2470,BUY,103,17,1786137004283,2470
NEW,O-2471,BUY,99,15,1786137004283,2471
NEW,O-2472,BUY,100,1,1786137004283,2472
NEW,O-2473,BUY,94,17,1786137004283,2473
NEW,O-2475,SELL,103,1,1786137004283,2475
NEW,O-2474,BUY,95,6,1786137004283,2474
NEW,O-2476,SELL,92,11,1786137004283,2476
NEW,O-2477,BUY,110,17,1786137004283,2477
NEW,O-2478,SELL,110,20,1786137004283,2478
NEW,O-2479,BUY,95,10,1786137004283,2479
NEW,O-2480,BUY,94,6,1786137004283,2480
NEW,O-2481,SELL,106,18,1786137004283,2481
NEW,O-2482,BUY,109,10,1786137004283,2482
NEW,O-2483,BUY,103,10,1786137004283,2483
NEW,O-2484,SELL,109,8,1786137004283,2484
NEW,O-2486,BUY,101,19,1786137004283,2486
NEW,O-2485,SELL,100,18,1786137004283,2485
NEW,O-2487,SELL,104,14,1786137004283,2487
NEW,O-2488,BUY,109,6,1786137004283,2488
NEW,O-2489,SELL,96,12,1786137004283,2489
NEW,O-2491,BUY,103,1,1786137004283,2491
NEW,O-2490,BUY,109,2,1786137004283,2490
NEW,O-2492,BUY,105,10,1786137004283,2492
NEW,O-2493,BUY,98,18,1786137004283,2493
NEW,O-2494,SELL,98,9,1786137004283,2494
NEW,O-2496,SELL,106,9,1786137004283,2496
NEW,O-2495,BUY,105,17,1786137004283,2495
NEW,O-2497,SELL,100,11,1786137004283,2497
NEW,O-2498,BUY,110,5,1786137004283,2498
NEW,O-2499,BUY,108,3,1786137004283,2499
NEW,O-2500,SELL,97,18,1786137004283,2500
NEW,O-2501,BUY,104,4,1786137004283,2501
NEW,O-2502,BUY,97,7,1786137004283,2502
NEW,O-2503,BUY,101,5,1786137004283,2503
NEW,O-2504,SELL,97,11,1786137004283,2504
NEW,O-2505,BUY,108,18,1786137004283,2505
NEW,O-2506,SELL,100,4,1786137004283,2506
NEW,O-2507,SELL,109,12,1786137004283,2507
NEW,O-2508,BUY,100,12,1786137004283,2508
NEW,O-2509,SELL,110,19,1786137004283,2509
NEW,O-2510,BUY,91,19,1786137004283,2510
NEW,O-2511,BUY,98,1,1786137004283,2511
NEW,O-2512,BUY,102,13,1786137004283,2512
NEW,O-2513,SELL,107,12,1786137004283,2513
NEW,O-2514,SELL,99,6,1786137004283,2514
NEW,O-2515,SELL,90,15,1786137004283,2515
NEW,O-2516,SELL,97,18,1786137004283,2516
NEW,O-2518,SELL,96,12,1786137004283,2518
NEW,O-2520,SELL,95,11,1786137004283,2520
NEW,O-2521,SELL,109,11,1786137004283,2521
NEW,O-2517,BUY,109,17,1786137004283,2517
NEW,O-2522,SELL,109,8,1786137004283,2522
NEW,O-2523,SELL,104,7,1786137004283,2523
NEW,O-2524,SELL,94,8,1786137004283,2524
NEW,O-2525,SELL,91,20,1786137004283,2525
NEW,O-2526,BUY,109,16,1786137004283,2526
NEW,O-2527,BUY,92,4,1786137004283,2527
NEW,O-2528,BUY,90,2,1786137004283,2528
NEW,O-2529,SELL,100,2,1786137004283,2529
NEW,O-2530,BUY,107,2,1786137004283,2530
NEW,O-2531,SELL,94,6,1786137004283,2531
NEW,O-2519,SELL,104,7,1786137004283,2519
NEW,O-2532,SELL,97,1,1786137004283,2532
NEW,O-2533,SELL,110,13,1786137004283,2533
NEW,O-2534,SELL,102,19,1786137004283,2534
NEW,O-2535,BUY,110,12,1786137004283,2535
NEW,O-2536,SELL,109,13,1786137004283,2536
NEW,O-2538,BUY,94,1,1786137004283,2538
NEW,O-2537,SELL,98,10,1786137004283,2537
NEW,O-2539,BUY,110,5,1786137004283,2539
NEW,O-2540,BUY,108,11,1786137004283,2540
NEW,O-2541,SELL,103,19,1786137004283,2541
NEW,O-2542,SELL,91,5,1786137004283,2542
NEW,O-2543,SELL,105,1,1786137004283,2543
NEW,O-2544,BUY,98,11,1786137004285,2544
NEW,O-2545,SELL,91,1,1786137004285,2545
NEW,O-2546,SELL,100,9,1786137004285,2546
NEW,O-2547,SELL,105,8,1786137004285,2547
NEW,O-2548,BUY,104,13,1786137004285,2548
NEW,O-2549,BUY,91,18,1786137004285,2549
NEW,O-2550,BUY,90,13,1786137004285,2550
NEW,O-2551,SELL,105,11,1786137004285,2551
NEW,O-2552,BUY,101,8,1786137004285,2552
NEW,O-2553,BUY,110,17,1786137004285,2553
NEW,O-2554,BUY,103,7,1786137004285,2554
NEW,O-2555,SELL,105,8,1786137004285,2555
NEW,O-2556,BUY,103,17,1786137004285,2556
NEW,O-2557,BUY,108,12,1786137004285,2557
NEW,O-2558,SELL,95,9,1786137004285,2558
NEW,O-2559,BUY,96,15,1786137004285,2559
NEW,O-2560,BUY,99,19,1786137004285,2560
NEW,O-2561,SELL,105,12,1786137004285,2561
NEW,O-2562,BUY,95,5,1786137004285,2562
NEW,O-2563,BUY,92,18,1786137004285,2563
NEW,O-2564,SELL,91,1,1786137004285,2564
NEW,O-2565,SELL,97,5,1786137004285,2565
NEW,O-2566,BUY,91,20,1786137004285,2566
NEW,O-2567,SELL,94,18,1786137004285,2567
NEW,O-2568,BUY,91,12,1786137004285,2568
NEW,O-2569,BUY,97,6,1786137004285,2569
NEW,O-2570,SELL,103,15,1786137004285,2570
NEW,O-2571,SELL,105,5,1786137004285,2571
NEW,O-2572,BUY,91,4,1786137004285,2572
NEW,O-2573,SELL,92,16,1786137004285,2573
NEW,O-2574,SELL,101,1,1786137004285,2574
NEW,O-2575,BUY,103,6,1786137004285,2575
NEW,O-2576,BUY,108,9,1786137004285,2576
NEW,O-2577,BUY,102,3,1786137004285,2577
NEW,O-2578,SELL,91,15,1786137004285,2578
NEW,O-2579,SELL,105,6,1786137004285,2579
NEW,O-2580,SELL,96,17,1786137004285,2580
NEW,O-2581,BUY,94,11,1786137004285,2581
NEW,O-2582,SELL,100,15,1786137004285,2582
NEW,O-2583,BUY,105,16,1786137004285,2583
NEW,O-2584,BUY,90,13,1786137004285,2584
NEW,O-2585,SELL,101,10,1786137004285,2585
NEW,O-2586,BUY,97,9,1786137004285,2586
NEW,O-2587,BUY,100,18,1786137004285,2587
NEW,O-2588,BUY,101,7,1786137004285,2588
NEW,O-2589,BUY,98,18,1786137004285,2589
NEW,O-2590,BUY,109,17,1786137004285,2590
NEW,O-2591,SELL,107,2,1786137004285,2591
NEW,O-2592,SELL,100,9,1786137004285,2592
NEW,O-2593,SELL,105,4,1786137004285,2593
NEW,O-2594,BUY,92,2,1786137004285,2594
NEW,O-2595,SELL,99,7,1786137004285,2595
NEW,O-2596,SELL,97,12,1786137004285,2596
NEW,O-2597,SELL,108,14,1786137004285,2597
NEW,O-2598,BUY,94,14,1786137004285,2598
NEW,O-2599,SELL,108,8,1786137004285,2599
NEW,O-2600,SELL,91,4,1786137004285,2600
NEW,O-2601,SELL,107,19,1786137004285,2601
NEW,O-2602,SELL,94,13,1786137004285,2602
NEW,O-2603,BUY,103,2,1786137004285,2603
NEW,O-2604,BUY,110,14,1786137004285,2604
NEW,O-2605,SELL,93,3,1786137004285,2605
NEW,O-2606,BUY,93,11,1786137004285,2606
NEW,O-2607,SELL,100,16,1786137004285,2607
NEW,O-2608,SELL,105,14,1786137004285,2608
NEW,O-2609,SELL,106,20,1786137004285,2609
NEW,O-2610,SELL,104,11,1786137004285,2610
NEW,O-2611,BUY,92,9,1786137004285,2611
NEW,O-2612,SELL,103,12,1786137004285,2612
NEW,O-2613,BUY,104,3,1786137004285,2613
NEW,O-2614,SELL,93,14,1786137004285,2614
NEW,O-2615,SELL,106,1,1786137004285,2615
NEW,O-2616,SELL,106,7,1786137004285,2616
NEW,O-2617,SELL,109,11,1786137004285,2617
NEW,O-2618,SELL,105,7,1786137004285,2618
NEW,O-2619,SELL,92,15,1786137004285,2619
NEW,O-2621,BUY,110,1,1786137004285,2621
NEW,O-2620,SELL,91,17,1786137004285,2620
NEW,O-2622,SELL,108,18,1786137004285,2622
NEW,O-2623,BUY,104,6,1786137004285,2623
NEW,O-2624,BUY,92,20,1786137004285,2624
NEW,O-2625,BUY,107,14,1786137004285,2625
NEW,O-2626,BUY,98,9,1786137004285,2626
NEW,O-2627,BUY,90,8,1786137004285,2627
NEW,O-2628,BUY,94,7,1786137004285,2628
NEW,O-2629,BUY,107,7,1786137004285,2629
NEW,O-2630,BUY,99,20,1786137004285,2630
NEW,O-2631,BUY,107,16,1786137004285,2631
NEW,O-2632,BUY,109,15,1786137004285,2632
NEW,O-2633,BUY,98,4,1786137004285,2633
NEW,O-2634,BUY,100,20,1786137004285,2634
NEW,O-2635,BUY,97,1,1786137004285,2635
NEW,O-2636,BUY,98,18,1786137004285,2636
NEW,O-2637,BUY,91,14,1786137004285,2637
NEW,O-2638,BUY,92,18,1786137004285,2638
NEW,O-2639,BUY,99,1,1786137004285,2639
NEW,O-2640,SELL,103,3,1786137004285,2640
NEW,O-2641,BUY,92,18,1786137004285,2641
NEW,O-2642,BUY,99,13,1786137004285,2642
NEW,O-2643,SELL,103,10,1786137004285,2643
NEW,O-2644,SELL,107,19,1786137004285,2644
NEW,O-2645,SELL,98,20,1786137004285,2645
NEW,O-2646,SELL,105,10,1786137004285,2646
NEW,O-2647,BUY,106,18,1786137004285,2647
NEW,O-2648,SELL,103,4,1786137004285,2648
NEW,O-2649,SELL,90,8,1786137004285,2649
NEW,O-2650,BUY,104,3,1786137004285,2650
NEW,O-2651,SELL,99,4,1786137004285,2651
NEW,O-2652,BUY,97,17,1786137004285,2652
NEW,O-2653,BUY,93,4,1786137004285,2653
NEW,O-2654,BUY,97,16,1786137004285,2654
NEW,O-2655,BUY,98,10,1786137004285,2655
NEW,O-2656,BUY,97,16,1786137004285,2656
NEW,O-2657,SELL,92,16,1786137004285,2657
NEW,O-2658,BUY,105,13,1786137004285,2658
NEW,O-2659,BUY,101,12,1786137004285,2659
NEW,O-2660,SELL,95,5,1786137004285,2660
NEW,O-2661,SELL,100,5,1786137004285,2661
NEW,O-2662,BUY,107,9,1786137004285,2662
NEW,O-2663,SELL,97,20,1786137004285,2663
NEW,O-2664,BUY,103,20,1786137004285,2664
NEW,O-2665,BUY,90,1,1786137004285,2665
NEW,O-2666,SELL,109,18,1786137004285,2666
NEW,O-2667,BUY,108,2,1786137004285,2667
NEW,O-2668,BUY,93,9,1786137004285,2668
NEW,O-2669,BUY,94,5,1786137004285,2669
NEW,O-2670,SELL,96,12,1786137004285,2670
NEW,O-2671,SELL,96,18,1786137004285,2671
NEW,O-2672,BUY,101,6,1786137004285,2672
NEW,O-2673,SELL,109,4,1786137004285,2673
NEW,O-2674,BUY,103,19,1786137004285,2674
NEW,O-2675,BUY,109,8,1786137004285,2675
NEW,O-2676,SELL,104,7,1786137004285,2676
NEW,O-2677,SELL,101,15,1786137004285,2677
NEW,O-2678,SELL,92,6,1786137004285,2678
NEW,O-2679,SELL,104,2,1786137004285,2679
NEW,O-2680,SELL,91,11,1786137004285,2680
NEW,O-2681,BUY,106,5,1786137004285,2681
NEW,O-2682,SELL,98,6,1786137004285,2682
NEW,O-2683,SELL,107,6,1786137004285,2683
NEW,O-2684,BUY,105,15,1786137004285,2684
NEW,O-2685,SELL,110,4,1786137004285,2685
NEW,O-2686,BUY,96,6,1786137004285,2686
NEW,O-2687,SELL,106,15,1786137004285,2687
NEW,O-2688,SELL,108,7,1786137004285,2688
NEW,O-2689,BUY,110,20,1786137004285,2689
NEW,O-2690,SELL,100,17,1786137004285,2690
NEW,O-2691,BUY,109,19,1786137004285,2691
NEW,O-2692,BUY,104,17,1786137004285,2692
NEW,O-2693,SELL,99,6,1786137004285,2693
NEW,O-2694,SELL,96,13,1786137004285,2694
NEW,O-2695,SELL,104,12,1786137004285,2695
NEW,O-2696,SELL,104,13,1786137004285,2696
NEW,O-2697,SELL,102,3,1786137004285,2697
NEW,O-2698,BUY,106,18,1786137004285,2698
NEW,O-2699,BUY,94,5,1786137004285,2699
NEW,O-2700,SELL,101,3,1786137004285,2700
NEW,O-2701,SELL,105,20,1786137004285,2701
NEW,O-2702,SELL,91,4,1786137004285,2702
NEW,O-2703,BUY,110,11,1786137004285,2703
NEW,O-2704,BUY,104,3,1786137004285,2704
NEW,O-2707,BUY,90,1,1786137004285,2707
NEW,O-2706,BUY,91,4,1786137004285,2706
NEW,O-2705,BUY,104,4,1786137004285,2705
NEW,O-2708,SELL,95,13,1786137004285,2708
NEW,O-2709,BUY,96,11,1786137004285,2709
NEW,O-2710,SELL,109,5,1786137004285,2710
NEW,O-2711,SELL,102,10,1786137004285,2711
NEW,O-2712,BUY,98,15,1786137004285,2712
NEW,O-2713,SELL,94,5,1786137004285,2713
NEW,O-2714,BUY,105,19,1786137004285,2714
NEW,O-2715,BUY,90,19,1786137004285,2715
NEW,O-2717,SELL,103,13,1786137004285,2717
NEW,O-2716,SELL,110,12,1786137004285,2716
NEW,O-2718,SELL,99,14,1786137004285,2718
NEW,O-2719,SELL,110,5,1786137004285,2719
NEW,O-2720,BUY,93,7,1786137004285,2720
NEW,O-2721,SELL,104,15,1786137004285,2721
NEW,O-2722,BUY,105,5,1786137004285,2722
NEW,O-2723,BUY,109,3,1786137004285,2723
NEW,O-2724,BUY,100,15,1786137004285,2724
NEW,O-2725,SELL,108,20,1786137004285,2725
NEW,O-2726,SELL,108,8,1786137004285,2726
NEW,O-2727,SELL,109,13,1786137004285,2727
NEW,O-2728,BUY,100,2,1786137004285,2728
NEW,O-2729,SELL,91,4,1786137004285,2729
NEW,O-2730,BUY,110,5,1786137004285,2730
NEW,O-2731,BUY,106,2,1786137004285,2731
NEW,O-2733,SELL,103,2,1786137004285,2733
NEW,O-2734,SELL,95,11,1786137004285,2734
NEW,O-2735,SELL,102,6,1786137004285,2735
NEW,O-2736,SELL,95,5,1786137004285,2736
NEW,O-2737,SELL,105,10,1786137004285,2737
NEW,O-2738,BUY,96,11,1786137004285,2738
NEW,O-2732,BUY,101,17,1786137004285,2732
NEW,O-2739,SELL,104,18,1786137004285,2739
NEW,O-2740,BUY,105,18,1786137004285,2740
NEW,O-2741,BUY,105,1,1786137004285,2741
NEW,O-2742,SELL,98,7,1786137004285,2742
NEW,O-2743,BUY,107,17,1786137004285,2743
NEW,O-2744,BUY,107,7,1786137004285,2744
NEW,O-2745,SELL,98,4,1786137004285,2745
NEW,O-2746,BUY,105,12,1786137004285,2746
NEW,O-2747,SELL,98,20,1786137004285,2747
NEW,O-2748,SELL,97,13,1786137004285,2748
NEW,O-2749,BUY,103,11,1786137004285,2749
NEW,O-2750,SELL,96,1,1786137004285,2750
NEW,O-2751,BUY,104,15,1786137004285,2751
NEW,O-2752,SELL,94,16,1786137004285,2752
NEW,O-2753,BUY,104,14,1786137004286,2753
NEW,O-2754,BUY,110,14,1786137004286,2754
NEW,O-2755,SELL,104,17,1786137004286,2755
NEW,O-2756,SELL,102,1,1786137004286,2756
NEW,O-2758,SELL,103,13,1786137004286,2758
NEW,O-2757,BUY,96,5,1786137004286,2757
NEW,O-2759,BUY,108,3,1786137004286,2759
NEW,O-2760,SELL,106,14,1786137004286,2760
NEW,O-2761,BUY,99,19,1786137004286,2761
NEW,O-2762,BUY,93,4,1786137004286,2762
NEW,O-2763,SELL,103,1,1786137004286,2763
NEW,O-2764,BUY,95,9,1786137004286,2764
NEW,O-2765,SELL,99,4,1786137004286,2765
NEW,O-2766,SELL,100,14,1786137004286,2766
NEW,O-2767,BUY,102,19,1786137004286,2767
NEW,O-2769,BUY,106,20,1786137004286,2769
NEW,O-2768,SELL,107,19,1786137004286,2768
NEW,O-2770,SELL,93,14,1786137004286,2770
NEW,O-2771,BUY,104,8,1786137004286,2771
NEW,O-2772,BUY,108,12,1786137004286,2772
NEW,O-2773,BUY,99,3,1786137004286,2773
NEW,O-2774,SELL,106,10,1786137004286,2774
NEW,O-2775,SELL,108,18,1786137004286,2775
NEW,O-2776,BUY,99,19,1786137004286,2776
NEW,O-2777,SELL,102,10,1786137004286,2777
NEW,O-2778,SELL,109,12,1786137004286,2778
NEW,O-2779,SELL,106,17,1786137004286,2779
NEW,O-2780,BUY,100,16,1786137004286,2780
NEW,O-2781,BUY,110,5,1786137004286,2781
NEW,O-2782,SELL,107,17,1786137004286,2782
NEW,O-2783,BUY,93,15,1786137004286,2783
NEW,O-2784,SELL,100,17,1786137004286,2784
NEW,O-2785,SELL,99,9,1786137004286,2785
NEW,O-2786,BUY,105,15,1786137004286,2786
NEW,O-2787,SELL,100,6,1786137004286,2787
NEW,O-2788,BUY,98,4,1786137004286,2788
NEW,O-2789,SELL,108,6,1786137004286,2789
NEW,O-2790,BUY,104,3,1786137004286,2790
NEW,O-2791,BUY,98,6,1786137004286,2791
NEW,O-2792,SELL,96,12,1786137004286,2792
NEW,O-2793,SELL,110,11,1786137004286,2793
NEW,O-2794,SELL,103,20,1786137004286,2794
NEW,O-2795,BUY,90,18,1786137004286,2795
NEW,O-2796,SELL,109,15,1786137004286,2796
NEW,O-2797,BUY,96,19,1786137004286,2797
NEW,O-2798,BUY,92,12,1786137004286,2798
NEW,O-2799,BUY,108,6,1786137004286,2799
NEW,O-2800,BUY,99,16,1786137004286,2800
NEW,O-2801,BUY,91,20,1786137004286,2801
NEW,O-2802,BUY,101,8,1786137004286,2802
NEW,O-2803,SELL,103,16,1786137004286,2803
NEW,O-2804,SELL,102,15,1786137004286,2804
NEW,O-2805,SELL,102,19,1786137004286,2805
NEW,O-2806,BUY,107,9,1786137004286,2806
NEW,O-2807,BUY,108,18,1786137004286,2807
NEW,O-2808,BUY,94,15,1786137004286,2808
NEW,O-2809,BUY,107,7,1786137004286,2809
NEW,O-2810,BUY,92,4,1786137004286,2810
NEW,O-2811,BUY,95,7,1786137004286,2811
NEW,O-2812,SELL,92,7,1786137004286,2812
NEW,O-2813,SELL,108,10,1786137004286,2813
NEW,O-2814,SELL,102,12,1786137004286,2814
NEW,O-2815,BUY,98,2,1786137004286,2815
NEW,O-2816,SELL,97,18,1786137004286,2816
NEW,O-2817,BUY,101,13,1786137004286,2817
NEW,O-2818,BUY,90,8,1786137004286,2818
NEW,O-2819,BUY,102,17,1786137004286,2819
NEW,O-2820,BUY,101,16,1786137004286,2820
NEW,O-2821,BUY,93,16,1786137004286,2821
NEW,O-2822,SELL,110,11,1786137004286,2822
NEW,O-2823,BUY,108,5,1786137004286,2823
NEW,O-2824,BUY,106,20,1786137004286,2824
NEW,O-2825,SELL,97,8,1786137004286,2825
NEW,O-2826,SELL,101,10,1786137004286,2826
NEW,O-2827,SELL,94,3,1786137004286,2827
NEW,O-2828,SELL,98,16,1786137004286,2828
NEW,O-2829,BUY,97,9,1786137004286,2829
NEW,O-2830,BUY,109,11,1786137004286,2830
NEW,O-2831,SELL,95,5,1786137004286,2831
NEW,O-2832,BUY,103,8,1786137004286,2832
NEW,O-2833,SELL,105,19,1786137004286,2833
NEW,O-2834,BUY,109,18,1786137004286,2834
NEW,O-2835,BUY,96,2,1786137004286,2835
NEW,O-2836,SELL,102,5,1786137004286,2836
NEW,O-2837,SELL,93,2,1786137004286,2837
NEW,O-2838,BUY,101,7,1786137004286,2838
NEW,O-2839,SELL,108,9,1786137004287,2839
NEW,O-2840,BUY,101,5,1786137004287,2840
NEW,O-2841,BUY,96,13,1786137004287,2841
NEW,O-2842,BUY,96,11,1786137004287,2842
NEW,O-2843,BUY,101,2,1786137004287,2843
NEW,O-2844,SELL,93,12,1786137004287,2844
NEW,O-2846,BUY,104,1,1786137004287,2846
NEW,O-2845,SELL,109,18,1786137004287,2845
NEW,O-2847,BUY,94,6,1786137004287,2847
NEW,O-2849,SELL,95,9,1786137004287,2849
NEW,O-2848,BUY,101,15,1786137004287,2848
NEW,O-2850,BUY,90,10,1786137004287,2850
NEW,O-2851,BUY,94,4,1786137004287,2851
NEW,O-2852,SELL,102,7,1786137004287,2852
NEW,O-2853,SELL,90,18,1786137004287,2853
NEW,O-2854,BUY,95,19,1786137004287,2854
NEW,O-2855,BUY,91,20,1786137004287,2855
NEW,O-2856,BUY,105,12,1786137004287,2856
NEW,O-2857,SELL,102,17,1786137004287,2857
NEW,O-2858,SELL,98,7,1786137004287,2858
NEW,O-2859,SELL,97,5,1786137004287,2859
NEW,O-2860,SELL,96,17,1786137004287,2860
NEW,O-2861,SELL,106,13,1786137004287,2861
NEW,O-2862,SELL,100,17,1786137004287,2862
NEW,O-2863,SELL,99,14,1786137004287,2863
NEW,O-2864,SELL,100,11,1786137004287,2864
NEW,O-2865,SELL,101,8,1786137004287,2865
NEW,O-2866,SELL,108,6,1786137004287,2866
NEW,O-2867,BUY,96,19,1786137004287,2867
NEW,O-2868,BUY,95,17,1786137004287,2868
NEW,O-2869,BUY,102,2,1786137004287,2869
NEW,O-2870,SELL,108,7,1786137004287,2870
NEW,O-2871,SELL,99,3,1786137004287,2871
NEW,O-2872,BUY,105,12,1786137004287,2872
NEW,O-2873,BUY,98,2,1786137004287,2873
NEW,O-2874,BUY,95,2,1786137004287,2874
NEW,O-2875,SELL,92,10,1786137004287,2875
NEW,O-2876,SELL,106,6,1786137004287,2876
NEW,O-2877,BUY,94,20,1786137004287,2877
NEW,O-2878,BUY,99,19,1786137004287,2878
NEW,O-2879,BUY,94,5,1786137004287,2879
NEW,O-2880,BUY,98,9,1786137004287,2880
NEW,O-2881,SELL,90,6,1786137004287,2881
NEW,O-2882,SELL,94,3,1786137004287,2882
NEW,O-2883,SELL,95,6,1786137004287,2883
NEW,O-2884,BUY,90,4,1786137004287,2884
NEW,O-2885,BUY,107,12,1786137004287,2885
NEW,O-2886,SELL,109,2,1786137004287,2886
NEW,O-2887,BUY,110,6,1786137004287,2887
NEW,O-2888,BUY,106,2,1786137004287,2888
NEW,O-2889,SELL,103,3,1786137004287,2889
NEW,O-2890,BUY,99,7,1786137004287,2890
NEW,O-2891,SELL,108,13,1786137004287,2891
NEW,O-2892,SELL,95,13,1786137004287,2892
NEW,O-2893,BUY,98,10,1786137004287,2893
NEW,O-2894,BUY,101,14,1786137004287,2894
NEW,O-2895,BUY,106,7,1786137004287,2895
NEW,O-2896,BUY,110,20,1786137004287,2896
NEW,O-2897,SELL,101,11,1786137004287,2897
NEW,O-2898,SELL,108,3,1786137004287,2898
NEW,O-2899,BUY,101,5,1786137004287,2899
NEW,O-2900,SELL,105,15,1786137004287,2900
NEW,O-2901,SELL,105,2,1786137004287,2901
NEW,O-2902,BUY,90,18,1786137004287,2902
NEW,O-2903,BUY,97,5,1786137004287,2903
NEW,O-2904,BUY,99,19,1786137004287,2904
NEW,O-2905,BUY,110,14,1786137004287,2905
NEW,O-2906,BUY,102,5,1786137004287,2906
NEW,O-2907,BUY,92,4,1786137004287,2907
NEW,O-2908,BUY,106,18,1786137004287,2908
NEW,O-2909,SELL,104,4,1786137004287,2909
NEW,O-2910,SELL,98,7,1786137004287,2910
NEW,O-2911,SELL,95,17,1786137004288,2911
NEW,O-2912,SELL,101,8,1786137004288,2912
NEW,O-2913,BUY,110,19,1786137004288,2913
NEW,O-2914,SELL,109,18,1786137004288,2914
NEW,O-2915,SELL,95,6,1786137004288,2915
NEW,O-2916,BUY,101,1,1786137004288,2916
NEW,O-2917,SELL,96,15,1786137004288,2917
NEW,O-2918,BUY,104,17,1786137004288,2918
NEW,O-2919,BUY,93,8,1786137004288,2919
NEW,O-2920,SELL,100,3,1786137004288,2920
NEW,O-2921,SELL,91,12,1786137004288,2921
NEW,O-2922,SELL,94,6,1786137004288,2922
NEW,O-2923,SELL,91,11,1786137004288,2923
NEW,O-2924,SELL,96,20,1786137004288,2924
NEW,O-2925,SELL,97,14,1786137004288,2925
NEW,O-2926,SELL,105,16,1786137004288,2926
NEW,O-2927,BUY,105,12,1786137004288,2927
NEW,O-2928,BUY,93,6,1786137004288,2928
NEW,O-2929,SELL,95,12,1786137004288,2929
NEW,O-2930,BUY,103,18,1786137004288,2930
NEW,O-2931,SELL,108,1,1786137004288,2931
NEW,O-2932,SELL,103,3,1786137004288,2932
NEW,O-2933,BUY,90,2,1786137004288,2933
NEW,O-2934,SELL,97,1,1786137004288,2934
NEW,O-2935,BUY,104,18,1786137004288,2935
NEW,O-2936,SELL,101,9,1786137004288,2936
NEW,O-2937,BUY,100,17,1786137004288,2937
NEW,O-2938,SELL,109,2,1786137004288,2938
NEW,O-2939,SELL,94,13,1786137004288,2939
NEW,O-2940,BUY,99,4,1786137004288,2940
NEW,O-2941,BUY,93,5,1786137004288,2941
NEW,O-2942,SELL,105,2,1786137004288,2942
NEW,O-2943,SELL,92,6,1786137004288,2943
NEW,O-2944,BUY,99,18,1786137004288,2944
NEW,O-2945,BUY,101,2,1786137004288,2945
NEW,O-2946,BUY,104,4,1786137004288,2946
NEW,O-2947,SELL,102,4,1786137004288,2947
NEW,O-2948,BUY,110,17,1786137004288,2948
NEW,O-2949,SELL,102,13,1786137004289,2949
NEW,O-2950,BUY,102,18,1786137004289,2950
NEW,O-2951,BUY,91,1,1786137004289,2951
NEW,O-2952,SELL,102,3,1786137004289,2952
NEW,O-2953,SELL,100,18,1786137004289,2953
NEW,O-2954,BUY,94,1,1786137004289,2954
NEW,O-2955,BUY,94,7,1786137004289,2955
NEW,O-2956,SELL,98,1,1786137004289,2956
NEW,O-2958,BUY,98,1,1786137004289,2958
NEW,O-2957,SELL,105,5,1786137004289,2957
NEW,O-2959,SELL,104,6,1786137004289,2959
NEW,O-2960,BUY,108,5,1786137004289,2960
NEW,O-2961,BUY,91,6,1786137004289,2961
NEW,O-2962,SELL,103,9,1786137004289,2962
NEW,O-2963,BUY,106,20,1786137004289,2963
NEW,O-2964,BUY,100,7,1786137004289,2964
NEW,O-2965,BUY,94,15,1786137004289,2965
NEW,O-2966,BUY,105,8,1786137004289,2966
NEW,O-2967,SELL,95,1,1786137004289,2967
NEW,O-2968,SELL,92,6,1786137004289,2968
NEW,O-2969,SELL,96,10,1786137004289,2969
NEW,O-2970,SELL,103,11,1786137004289,2970
NEW,O-2971,SELL,103,4,1786137004289,2971
NEW,O-2972,SELL,95,13,1786137004289,2972
NEW,O-2973,BUY,92,2,1786137004289,2973
NEW,O-2974,BUY,102,18,1786137004289,2974
NEW,O-2975,BUY,99,7,1786137004289,2975
NEW,O-2976,SELL,105,19,1786137004289,2976
NEW,O-2977,BUY,105,5,1786137004289,2977
NEW,O-2978,BUY,98,3,1786137004289,2978
NEW,O-2979,BUY,98,16,1786137004289,2979
NEW,O-2980,BUY,108,14,1786137004289,2980
NEW,O-2981,SELL,109,14,1786137004289,2981
NEW,O-2982,SELL,104,17,1786137004289,2982
NEW,O-2983,SELL,101,10,1786137004289,2983
NEW,O-2984,BUY,102,12,1786137004289,2984
NEW,O-2985,SELL,110,8,1786137004289,2985
NEW,O-2986,SELL,98,16,1786137004289,2986
NEW,O-2987,SELL,109,10,1786137004289,2987
NEW,O-2988,BUY,100,9,1786137004289,2988
NEW,O-2989,BUY,97,3,1786137004289,2989
NEW,O-2990,SELL,92,16,1786137004289,2990
NEW,O-2991,SELL,94,16,1786137004289,2991
NEW,O-2992,SELL,102,6,1786137004289,2992
NEW,O-2993,BUY,92,7,1786137004289,2993
NEW,O-2994,BUY,104,17,1786137004289,2994
NEW,O-2995,BUY,103,8,1786137004289,2995
NEW,O-2996,BUY,100,12,1786137004289,2996
NEW,O-2997,BUY,99,1,1786137004289,2997
NEW,O-2998,SELL,94,15,1786137004289,2998
NEW,O-2999,SELL,100,4,1786137004289,2999
NEW,O-3000,BUY,110,17,1786137004289,3000
NEW,O-3001,BUY,95,10,1786137004289,3001
NEW,O-3002,BUY,97,4,1786137004289,3002
NEW,O-3003,BUY,108,20,1786137004289,3003
NEW,O-3004,BUY,109,6,1786137004289,3004
NEW,O-3005,SELL,99,4,1786137004289,3005
NEW,O-3006,BUY,107,19,1786137004289,3006
NEW,O-3007,SELL,102,9,1786137004289,3007
NEW,O-3008,SELL,104,15,1786137004289,3008
NEW,O-3009,BUY,105,17,1786137004289,3009
NEW,O-3010,BUY,106,10,1786137004289,3010
NEW,O-3011,SELL,105,5,1786137004289,3011
NEW,O-3012,BUY,106,20,1786137004289,3012
NEW,O-3013,BUY,100,19,1786137004289,3013
NEW,O-3014,SELL,90,14,1786137004289,3014
NEW,O-3015,SELL,90,11,1786137004289,3015
NEW,O-3016,BUY,103,9,1786137004289,3016
NEW,O-3017,SELL,102,13,1786137004289,3017
NEW,O-3018,SELL,90,17,1786137004289,3018
NEW,O-3019,BUY,107,1,1786137004289,3019
NEW,O-3020,BUY,96,2,1786137004289,3020
NEW,O-3021,SELL,106,4,1786137004289,3021
NEW,O-3022,BUY,95,10,1786137004289,3022
NEW,O-3023,SELL,108,20,1786137004289,3023
NEW,O-3024,SELL,95,4,1786137004290,3024
NEW,O-3025,SELL,99,9,1786137004290,3025
NEW,O-3026,SELL,98,14,1786137004290,3026
NEW,O-3027,SELL,92,2,1786137004290,3027
NEW,O-3028,BUY,95,14,1786137004290,3028
NEW,O-3029,SELL,100,7,1786137004290,3029
NEW,O-3030,BUY,98,15,1786137004290,3030
NEW,O-3031,BUY,106,12,1786137004290,3031
NEW,O-3032,BUY,93,16,1786137004290,3032
NEW,O-3033,BUY,90,3,1786137004290,3033
NEW,O-3034,SELL,100,20,1786137004290,3034
NEW,O-3035,SELL,94,16,1786137004290,3035
NEW,O-3036,BUY,105,3,1786137004290,3036
NEW,O-3037,BUY,96,2,1786137004290,3037
NEW,O-3038,BUY,98,19,1786137004290,3038
NEW,O-3039,SELL,93,4,1786137004290,3039
NEW,O-3040,SELL,107,13,1786137004290,3040
NEW,O-3041,SELL,90,18,1786137004290,3041
NEW,O-3042,SELL,103,19,1786137004290,3042
NEW,O-3043,BUY,104,7,1786137004290,3043
NEW,O-3044,BUY,104,9,1786137004290,3044
NEW,O-3045,BUY,103,11,1786137004290,3045
NEW,O-3046,SELL,91,5,1786137004290,3046
NEW,O-3047,SELL,102,7,1786137004290,3047
NEW,O-3048,BUY,103,16,1786137004290,3048
NEW,O-3049,BUY,100,13,1786137004290,3049
NEW,O-3050,BUY,107,4,1786137004290,3050
NEW,O-3051,SELL,98,4,1786137004290,3051
NEW,O-3052,BUY,102,7,1786137004290,3052
NEW,O-3053,SELL,91,11,1786137004290,3053
NEW,O-3054,SELL,98,10,1786137004290,3054
NEW,O-3055,BUY,108,4,1786137004290,3055
NEW,O-3056,SELL,99,5,1786137004290,3056
NEW,O-3057,SELL,105,15,1786137004290,3057
NEW,O-3058,BUY,101,9,1786137004290,3058
NEW,O-3059,SELL,92,12,1786137004290,3059
NEW,O-3060,BUY,100,3,1786137004290,3060
NEW,O-3061,SELL,97,20,1786137004290,3061
NEW,O-3062,BUY,100,6,1786137004290,3062
NEW,O-3063,SELL,106,17,1786137004290,3063
NEW,O-3064,BUY,106,5,1786137004290,3064
NEW,O-3065,SELL,108,3,1786137004290,3065
NEW,O-3066,SELL,100,9,1786137004290,3066
NEW,O-3067,SELL,105,7,1786137004290,3067
NEW,O-3068,BUY,99,15,1786137004290,3068
NEW,O-3069,BUY,108,1,1786137004290,3069
NEW,O-3070,SELL,101,18,1786137004290,3070
NEW,O-3071,SELL,110,6,1786137004290,3071
NEW,O-3072,SELL,97,14,1786137004290,3072
NEW,O-3073,BUY,90,17,1786137004290,3073
NEW,O-3074,BUY,97,9,1786137004290,3074
NEW,O-3075,BUY,95,11,1786137004290,3075
NEW,O-3076,SELL,98,18,1786137004290,3076
NEW,O-3077,BUY,105,9,1786137004290,3077
NEW,O-3078,SELL,90,3,1786137004290,3078
NEW,O-3079,BUY,98,7,1786137004291,3079
NEW,O-3080,BUY,104,13,1786137004291,3080
NEW,O-3081,SELL,103,9,1786137004291,3081
NEW,O-3082,SELL,98,12,1786137004291,3082
NEW,O-3083,BUY,104,19,1786137004291,3083
NEW,O-3084,BUY,110,16,1786137004291,3084
NEW,O-3085,SELL,95,16,1786137004291,3085
NEW,O-3086,BUY,92,12,1786137004291,3086
NEW,O-3087,SELL,103,10,1786137004291,3087
NEW,O-3088,SELL,99,19,1786137004291,3088
NEW,O-3089,BUY,105,17,1786137004291,3089
NEW,O-3090,SELL,102,5,1786137004291,3090
NEW,O-3091,SELL,92,14,1786137004291,3091
NEW,O-3092,SELL,95,4,1786137004291,3092
NEW,O-3093,BUY,106,8,1786137004291,3093
NEW,O-3094,SELL,101,4,1786137004291,3094
NEW,O-3095,SELL,98,18,1786137004291,3095
NEW,O-3096,BUY,91,7,1786137004291,3096
NEW,O-3097,SELL,107,19,1786137004291,3097
NEW,O-3098,SELL,94,9,1786137004291,3098
NEW,O-3099,SELL,110,20,1786137004291,3099
NEW,O-3100,BUY,93,3,1786137004291,3100
NEW,O-3101,BUY,107,4,1786137004291,3101
NEW,O-3102,BUY,103,6,1786137004291,3102
NEW,O-3103,SELL,90,5,1786137004291,3103
NEW,O-3104,SELL,97,19,1786137004291,3104
NEW,O-3105,SELL,96,8,1786137004291,3105
NEW,O-3106,BUY,96,3,1786137004291,3106
NEW,O-3107,BUY,98,8,1786137004291,3107
NEW,O-3108,BUY,109,8,1786137004291,3108
NEW,O-3109,SELL,90,13,1786137004291,3109
NEW,O-3110,SELL,96,13,1786137004291,3110
NEW,O-3111,BUY,110,4,1786137004291,3111
NEW,O-3112,SELL,98,8,1786137004291,3112
NEW,O-3113,SELL,95,3,1786137004291,3113
NEW,O-3114,SELL,92,4,1786137004291,3114
NEW,O-3115,SELL,109,17,1786137004291,3115
NEW,O-3116,BUY,97,8,1786137004292,3116
NEW,O-3117,SELL,94,1,1786137004292,3117
NEW,O-3118,SELL,100,19,1786137004292,3118
NEW,O-3119,BUY,90,11,1786137004292,3119
NEW,O-3120,BUY,100,17,1786137004292,3120
NEW,O-3121,BUY,93,6,1786137004292,3121
NEW,O-3122,SELL,103,13,1786137004292,3122
NEW,O-3123,BUY,104,15,1786137004292,3123
NEW,O-3124,BUY,91,14,1786137004292,3124
NEW,O-3125,SELL,97,14,1786137004292,3125
NEW,O-3126,BUY,105,16,1786137004292,3126
NEW,O-3127,BUY,96,17,1786137004292,3127
NEW,O-3128,BUY,98,7,1786137004292,3128
NEW,O-3129,SELL,105,10,1786137004292,3129
NEW,O-3130,BUY,104,6,1786137004292,3130
NEW,O-3131,BUY,90,13,1786137004292,3131
NEW,O-3132,BUY,99,12,1786137004292,3132
NEW,O-3133,BUY,90,6,1786137004292,3133
NEW,O-3134,BUY,101,19,1786137004292,3134
NEW,O-3135,SELL,104,6,1786137004292,3135
NEW,O-3136,BUY,90,10,1786137004292,3136
NEW,O-3137,BUY,98,6,1786137004292,3137
NEW,O-3138,SELL,92,14,1786137004292,3138
NEW,O-3139,BUY,96,3,1786137004292,3139
NEW,O-3140,SELL,104,18,1786137004292,3140
NEW,O-3141,SELL,97,20,1786137004292,3141
NEW,O-3142,SELL,110,5,1786137004292,3142
NEW,O-3143,BUY,105,14,1786137004292,3143
NEW,O-3144,BUY,101,14,1786137004292,3144
NEW,O-3145,SELL,90,17,1786137004292,3145
NEW,O-3146,BUY,100,8,1786137004292,3146
NEW,O-3147,BUY,101,20,1786137004292,3147
NEW,O-3148,BUY,96,7,1786137004292,3148
NEW,O-3149,SELL,105,2,1786137004292,3149
NEW,O-3150,BUY,99,9,1786137004292,3150
NEW,O-3151,BUY,106,3,1786137004292,3151
NEW,O-3152,BUY,92,9,1786137004292,3152
NEW,O-3153,BUY,110,5,1786137004292,3153
NEW,O-3154,SELL,109,1,1786137004292,3154
NEW,O-3155,BUY,105,16,1786137004292,3155
NEW,O-3156,SELL,110,15,1786137004292,3156
NEW,O-3157,SELL,107,14,1786137004292,3157
NEW,O-3158,BUY,98,19,1786137004292,3158
NEW,O-3159,BUY,103,18,1786137004292,3159
NEW,O-3160,SELL,109,20,1786137004292,3160
NEW,O-3162,SELL,90,4,1786137004292,3162
NEW,O-3161,BUY,98,13,1786137004292,3161
NEW,O-3163,SELL,105,2,1786137004292,3163
NEW,O-3164,SELL,101,16,1786137004292,3164
NEW,O-3165,BUY,101,15,1786137004292,3165
NEW,O-3166,SELL,94,12,1786137004292,3166
NEW,O-3167,SELL,105,10,1786137004292,3167
NEW,O-3168,SELL,96,12,1786137004292,3168
NEW,O-3169,SELL,104,1,1786137004292,3169
NEW,O-3170,SELL,95,15,1786137004292,3170
NEW,O-3171,SELL,98,5,1786137004292,3171
NEW,O-3172,SELL,107,7,1786137004292,3172
NEW,O-3173,SELL,106,11,1786137004292,3173
NEW,O-3174,BUY,106,1,1786137004292,3174
NEW,O-3175,SELL,100,20,1786137004292,3175
NEW,O-3176,SELL,105,14,1786137004292,3176
NEW,O-3177,SELL,90,8,1786137004292,3177
NEW,O-3178,SELL,99,14,1786137004292,3178
NEW,O-3179,SELL,95,7,1786137004292,3179
NEW,O-3180,SELL,103,2,1786137004292,3180
NEW,O-3181,SELL,108,3,1786137004292,3181
NEW,O-3182,BUY,95,6,1786137004292,3182
NEW,O-3183,SELL,94,13,1786137004292,3183
NEW,O-3184,BUY,105,1,1786137004292,3184
NEW,O-3185,SELL,98,16,1786137004293,3185
NEW,O-3186,SELL,108,11,1786137004293,3186
NEW,O-3187,BUY,109,6,1786137004293,3187
NEW,O-3188,SELL,94,10,1786137004293,3188
NEW,O-3189,SELL,106,3,1786137004293,3189
NEW,O-3190,BUY,93,6,1786137004293,3190
NEW,O-3191,SELL,107,9,1786137004293,3191
NEW,O-3192,SELL,93,2,1786137004293,3192
NEW,O-3193,BUY,105,1,1786137004293,3193
NEW,O-3194,BUY,100,16,1786137004293,3194
NEW,O-3195,BUY,103,17,1786137004293,3195
NEW,O-3196,SELL,98,13,1786137004293,3196
NEW,O-3197,SELL,101,11,1786137004293,3197
NEW,O-3198,SELL,97,18,1786137004293,3198
NEW,O-3199,SELL,99,11,1786137004293,3199
NEW,O-3200,BUY,103,2,1786137004293,3200
NEW,O-3201,BUY,99,4,1786137004293,3201
NEW,O-3202,BUY,103,18,1786137004293,3202
NEW,O-3203,BUY,103,14,1786137004293,3203
NEW,O-3204,BUY,109,2,1786137004293,3204
NEW,O-3205,BUY,108,15,1786137004293,3205
NEW,O-3206,SELL,100,3,1786137004293,3206
NEW,O-3207,BUY,103,10,1786137004293,3207
NEW,O-3208,SELL,105,11,1786137004293,3208
NEW,O-3209,BUY,100,7,1786137004293,3209
NEW,O-3210,BUY,104,1,1786137004293,3210
NEW,O-3211,BUY,108,3,1786137004293,3211
NEW,O-3212,SELL,103,3,1786137004293,3212
NEW,O-3213,SELL,102,17,1786137004293,3213
NEW,O-3214,SELL,94,8,1786137004293,3214
NEW,O-3215,SELL,106,8,1786137004293,3215
NEW,O-3216,SELL,108,16,1786137004293,3216
NEW,O-3217,BUY,108,12,1786137004293,3217
NEW,O-3218,SELL,100,12,1786137004293,3218
NEW,O-3219,SELL,98,5,1786137004293,3219
NEW,O-3220,BUY,110,1,1786137004293,3220
NEW,O-3221,SELL,94,18,1786137004293,3221
NEW,O-3222,SELL,103,6,1786137004293,3222
NEW,O-3223,BUY,102,3,1786137004293,3223
NEW,O-3224,BUY,110,16,1786137004293,3224
NEW,O-3225,SELL,110,1,1786137004293,3225
NEW,O-3226,BUY,99,2,1786137004293,3226
NEW,O-3227,SELL,107,12,1786137004293,3227
NEW,O-3228,SELL,105,20,1786137004293,3228
NEW,O-3229,BUY,110,5,1786137004293,3229
NEW,O-3230,SELL,106,11,1786137004293,3230
NEW,O-3231,BUY,108,5,1786137004293,3231
NEW,O-3232,BUY,108,18,1786137004293,3232
NEW,O-3233,BUY,97,20,1786137004293,3233
NEW,O-3234,BUY,104,17,1786137004293,3234
NEW,O-3235,BUY,102,1,1786137004293,3235
NEW,O-3236,SELL,98,9,1786137004293,3236
NEW,O-3237,BUY,105,7,1786137004293,3237
NEW,O-3238,SELL,100,18,1786137004293,3238
NEW,O-3239,BUY,101,4,1786137004293,3239
NEW,O-3240,SELL,107,17,1786137004293,3240
NEW,O-3241,BUY,100,3,1786137004293,3241
NEW,O-3242,SELL,101,11,1786137004293,3242
NEW,O-3243,BUY,93,3,1786137004293,3243
NEW,O-3244,BUY,105,2,1786137004293,3244
NEW,O-3245,SELL,91,14,1786137004293,3245
NEW,O-3246,BUY,106,10,1786137004293,3246
NEW,O-3247,BUY,95,5,1786137004293,3247
NEW,O-3248,BUY,98,3,1786137004293,3248
NEW,O-3249,BUY,106,7,1786137004293,3249
NEW,O-3250,BUY,110,1,1786137004293,3250
NEW,O-3251,BUY,100,13,1786137004293,3251
NEW,O-3252,SELL,107,20,1786137004293,3252
NEW,O-3253,BUY,94,6,1786137004293,3253
NEW,O-3254,BUY,105,19,1786137004293,3254
NEW,O-3255,BUY,95,7,1786137004293,3255
NEW,O-3256,BUY,91,13,1786137004293,3256
NEW,O-3257,BUY,100,15,1786137004293,3257
NEW,O-3258,BUY,109,6,1786137004293,3258
NEW,O-3259,BUY,95,13,1786137004293,3259
NEW,O-3260,BUY,104,16,1786137004293,3260
NEW,O-3261,BUY,100,11,1786137004293,3261
NEW,O-3262,SELL,103,2,1786137004293,3262
NEW,O-3263,SELL,107,19,1786137004293,3263
NEW,O-3264,BUY,104,1,1786137004293,3264
NEW,O-3265,SELL,107,4,1786137004293,3265
NEW,O-3266,SELL,109,8,1786137004293,3266
NEW,O-3267,BUY,108,16,1786137004293,3267
NEW,O-3268,BUY,110,8,1786137004293,3268
NEW,O-3269,BUY,107,12,1786137004293,3269
NEW,O-3270,BUY,108,15,1786137004293,3270
NEW,O-3271,BUY,90,15,1786137004293,3271
NEW,O-3272,BUY,99,1,1786137004293,3272
NEW,O-3273,SELL,102,9,1786137004293,3273
NEW,O-3274,BUY,110,13,1786137004293,3274
NEW,O-3275,BUY,109,7,1786137004293,3275
NEW,O-3276,BUY,100,15,1786137004293,3276
NEW,O-3277,SELL,100,3,1786137004293,3277
NEW,O-3278,BUY,96,18,1786137004293,3278
NEW,O-3279,BUY,102,12,1786137004293,3279
NEW,O-3280,BUY,101,9,1786137004293,3280
NEW,O-3281,SELL,93,20,1786137004293,3281
NEW,O-3282,SELL,90,7,1786137004293,3282
NEW,O-3283,SELL,108,3,1786137004293,3283
NEW,O-3284,SELL,109,5,1786137004293,3284
NEW,O-3285,SELL,97,4,1786137004293,3285
NEW,O-3286,SELL,107,3,1786137004294,3286
NEW,O-3287,BUY,103,6,1786137004294,3287
NEW,O-3288,BUY,94,13,1786137004294,3288
NEW,O-3289,BUY,101,12,1786137004294,3289
NEW,O-3290,BUY,101,1,1786137004294,3290
NEW,O-3291,BUY,95,17,1786137004294,3291
NEW,O-3292,SELL,104,19,1786137004294,3292
NEW,O-3293,BUY,93,12,1786137004294,3293
NEW,O-3294,SELL,94,16,1786137004294,3294
NEW,O-3295,SELL,106,2,1786137004294,3295
NEW,O-3296,SELL,101,19,1786137004294,3296
NEW,O-3297,SELL,104,18,1786137004294,3297
NEW,O-3298,BUY,92,11,1786137004294,3298
NEW,O-3299,BUY,94,19,1786137004294,3299
NEW,O-3300,BUY,110,17,1786137004294,3300
NEW,O-3301,SELL,106,12,1786137004294,3301
NEW,O-3302,SELL,105,9,1786137004294,3302
NEW,O-3303,SELL,106,13,1786137004294,3303
NEW,O-3304,BUY,99,2,1786137004294,3304
NEW,O-3305,SELL,98,18,1786137004294,3305
NEW,O-3306,SELL,102,1,1786137004294,3306
NEW,O-3307,SELL,94,8,1786137004294,3307
NEW,O-3308,SELL,110,15,1786137004294,3308
NEW,O-3309,BUY,95,14,1786137004294,3309
NEW,O-3310,SELL,98,13,1786137004294,3310
NEW,O-3311,BUY,92,11,1786137004294,3311
NEW,O-3312,SELL,102,18,1786137004294,3312
NEW,O-3313,SELL,99,15,1786137004294,3313
NEW,O-3314,BUY,99,4,1786137004294,3314
NEW,O-3315,BUY,98,11,1786137004294,3315
NEW,O-3316,BUY,104,5,1786137004294,3316
NEW,O-3317,BUY,93,16,1786137004294,3317
NEW,O-3318,BUY,103,8,1786137004294,3318
NEW,O-3319,BUY,105,2,1786137004294,3319
NEW,O-3320,BUY,104,20,1786137004294,3320
NEW,O-3321,BUY,102,13,1786137004294,3321
NEW,O-3322,BUY,109,9,1786137004294,3322
NEW,O-3323,SELL,106,2,1786137004294,3323
NEW,O-3324,BUY,99,8,1786137004294,3324
NEW,O-3325,SELL,100,2,1786137004294,3325
NEW,O-3326,BUY,93,5,1786137004294,3326
NEW,O-3327,BUY,90,12,1786137004294,3327
NEW,O-3328,SELL,90,20,1786137004294,3328
NEW,O-3329,SELL,102,15,1786137004294,3329
NEW,O-3330,SELL,94,9,1786137004295,3330
NEW,O-3331,BUY,106,18,1786137004295,3331
NEW,O-3332,BUY,92,10,1786137004295,3332
NEW,O-3333,SELL,100,5,1786137004295,3333
NEW,O-3334,BUY,97,4,1786137004295,3334
NEW,O-3335,BUY,91,10,1786137004295,3335
NEW,O-3336,SELL,110,1,1786137004295,3336
NEW,O-3337,SELL,94,17,1786137004295,3337
NEW,O-3338,BUY,110,5,1786137004295,3338
NEW,O-3339,BUY,95,7,1786137004295,3339
NEW,O-3340,SELL,92,9,1786137004295,3340
NEW,O-3341,BUY,95,4,1786137004295,3341
NEW,O-3342,SELL,98,20,1786137004295,3342
NEW,O-3343,SELL,98,17,1786137004295,3343
NEW,O-3344,SELL,94,8,1786137004295,3344
NEW,O-3345,BUY,98,7,1786137004295,3345
NEW,O-3346,SELL,104,12,1786137004295,3346
NEW,O-3347,BUY,92,14,1786137004295,3347
NEW,O-3348,BUY,96,17,1786137004295,3348
NEW,O-3349,BUY,105,16,1786137004295,3349
NEW,O-3350,BUY,105,18,1786137004295,3350
NEW,O-3351,SELL,99,16,1786137004295,3351
NEW,O-3352,BUY,93,7,1786137004295,3352
NEW,O-3353,SELL,97,11,1786137004295,3353
NEW,O-3354,SELL,94,15,1786137004295,3354
NEW,O-3355,SELL,103,17,1786137004295,3355
NEW,O-3356,SELL,103,15,1786137004295,3356
NEW,O-3357,SELL,100,6,1786137004295,3357
NEW,O-3358,SELL,110,6,1786137004295,3358
NEW,O-3359,SELL,105,12,1786137004295,3359
NEW,O-3360,SELL,110,20,1786137004295,3360
NEW,O-3361,SELL,92,10,1786137004295,3361
NEW,O-3362,BUY,110,12,1786137004295,3362
NEW,O-3363,BUY,98,18,1786137004296,3363
NEW,O-3364,BUY,92,1,1786137004296,3364
NEW,O-3365,BUY,101,5,1786137004296,3365
NEW,O-3366,SELL,98,9,1786137004296,3366
NEW,O-3367,BUY,104,6,1786137004296,3367
NEW,O-3368,BUY,110,14,1786137004296,3368
NEW,O-3369,BUY,108,2,1786137004296,3369
NEW,O-3370,SELL,109,19,1786137004296,3370
NEW,O-3371,SELL,92,20,1786137004296,3371
NEW,O-3372,SELL,103,13,1786137004296,3372
NEW,O-3373,BUY,94,7,1786137004296,3373
NEW,O-3374,SELL,103,16,1786137004296,3374
NEW,O-3375,BUY,95,12,1786137004296,3375
NEW,O-3376,SELL,91,13,1786137004296,3376
NEW,O-3377,SELL,94,4,1786137004296,3377
NEW,O-3378,SELL,90,4,1786137004296,3378
NEW,O-3379,BUY,105,3,1786137004296,3379
NEW,O-3380,SELL,97,11,1786137004296,3380
NEW,O-3381,SELL,97,16,1786137004296,3381
NEW,O-3382,BUY,106,19,1786137004296,3382
NEW,O-3383,BUY,108,8,1786137004296,3383
NEW,O-3384,BUY,90,1,1786137004296,3384
NEW,O-3385,SELL,102,16,1786137004296,3385
NEW,O-3386,BUY,106,12,1786137004296,3386
NEW,O-3387,BUY,103,14,1786137004296,3387
NEW,O-3388,BUY,91,18,1786137004296,3388
NEW,O-3389,BUY,100,13,1786137004296,3389
NEW,O-3390,BUY,106,8,1786137004296,3390
NEW,O-3391,BUY,108,7,1786137004296,3391
NEW,O-3392,BUY,95,3,1786137004296,3392
NEW,O-3393,BUY,96,10,1786137004296,3393
NEW,O-3394,BUY,94,5,1786137004296,3394
NEW,O-3395,SELL,91,18,1786137004296,3395
NEW,O-3396,SELL,100,6,1786137004296,3396
NEW,O-3397,SELL,103,4,1786137004296,3397
NEW,O-3398,SELL,103,4,1786137004296,3398
NEW,O-3399,BUY,99,10,1786137004296,3399
NEW,O-3400,BUY,91,9,1786137004296,3400
NEW,O-3401,SELL,110,2,1786137004296,3401
NEW,O-3402,SELL,90,7,1786137004296,3402
NEW,O-3403,SELL,104,6,1786137004296,3403
NEW,O-3404,BUY,110,9,1786137004296,3404
NEW,O-3405,BUY,96,10,1786137004296,3405
NEW,O-3406,BUY,90,10,1786137004296,3406
NEW,O-3407,BUY,105,1,1786137004296,3407
NEW,O-3408,BUY,103,19,1786137004296,3408
NEW,O-3409,SELL,108,13,1786137004296,3409
NEW,O-3410,BUY,91,7,1786137004296,3410
NEW,O-3411,BUY,104,18,1786137004296,3411
NEW,O-3412,BUY,98,4,1786137004296,3412
NEW,O-3413,BUY,92,14,1786137004296,3413
NEW,O-3414,SELL,108,3,1786137004296,3414
NEW,O-3415,SELL,109,1,1786137004296,3415
NEW,O-3416,SELL,101,9,1786137004296,3416
NEW,O-3417,SELL,94,1,1786137004296,3417
NEW,O-3418,BUY,110,5,1786137004296,3418
NEW,O-3419,SELL,103,18,1786137004296,3419
NEW,O-3420,BUY,96,15,1786137004296,3420
NEW,O-3421,SELL,101,7,1786137004296,3421
NEW,O-3422,SELL,103,15,1786137004296,3422
NEW,O-3423,BUY,107,7,1786137004296,3423
NEW,O-3424,BUY,108,9,1786137004296,3424
NEW,O-3425,SELL,98,16,1786137004296,3425
NEW,O-3426,SELL,98,7,1786137004296,3426
NEW,O-3427,SELL,91,11,1786137004296,3427
NEW,O-3428,BUY,98,6,1786137004296,3428
NEW,O-3429,BUY,109,7,1786137004296,3429
NEW,O-3430,SELL,97,5,1786137004296,3430
NEW,O-3431,SELL,90,12,1786137004296,3431
NEW,O-3432,BUY,99,6,1786137004296,3432
NEW,O-3433,BUY,90,6,1786137004296,3433
NEW,O-3434,SELL,92,8,1786137004296,3434
NEW,O-3435,SELL,108,6,1786137004296,3435
NEW,O-3436,BUY,97,4,1786137004296,3436
NEW,O-3437,BUY,103,1,1786137004296,3437
NEW,O-3438,SELL,99,18,1786137004296,3438
NEW,O-3439,BUY,92,8,1786137004296,3439
NEW,O-3440,BUY,106,18,1786137004296,3440
NEW,O-3441,BUY,100,20,1786137004296,3441
NEW,O-3442,BUY,92,10,1786137004296,3442
NEW,O-3443,SELL,106,14,1786137004296,3443
NEW,O-3444,SELL,100,14,1786137004296,3444
NEW,O-3445,SELL,92,10,1786137004296,3445
NEW,O-3446,BUY,96,6,1786137004296,3446
NEW,O-3447,SELL,108,5,1786137004296,3447
NEW,O-3448,SELL,102,14,1786137004296,3448
NEW,O-3449,SELL,101,12,1786137004296,3449
NEW,O-3450,BUY,101,8,1786137004296,3450
NEW,O-3451,BUY,108,5,1786137004296,3451
NEW,O-3452,BUY,108,9,1786137004296,3452
NEW,O-3453,SELL,105,11,1786137004296,3453
NEW,O-3454,SELL,106,19,1786137004296,3454
NEW,O-3455,BUY,109,15,1786137004296,3455
NEW,O-3456,SELL,100,20,1786137004296,3456
NEW,O-3457,SELL,107,7,1786137004296,3457
NEW,O-3458,SELL,91,16,1786137004296,3458
NEW,O-3459,SELL,96,1,1786137004296,3459
NEW,O-3460,SELL,104,6,1786137004296,3460
NEW,O-3461,BUY,108,4,1786137004296,3461
NEW,O-3462,SELL,91,15,1786137004296,3462
NEW,O-3463,SELL,103,9,1786137004296,3463
NEW,O-3464,SELL,96,1,1786137004296,3464
NEW,O-3465,SELL,104,7,1786137004296,3465
NEW,O-3466,SELL,99,12,1786137004296,3466
NEW,O-3467,SELL,105,4,1786137004296,3467
NEW,O-3468,SELL,102,2,1786137004296,3468
NEW,O-3469,BUY,101,8,1786137004296,3469
NEW,O-3470,BUY,99,11,1786137004296,3470
NEW,O-3471,BUY,97,5,1786137004296,3471
NEW,O-3472,SELL,104,6,1786137004296,3472
NEW,O-3473,SELL,92,20,1786137004296,3473
NEW,O-3474,BUY,99,13,1786137004296,3474
NEW,O-3475,SELL,106,10,1786137004296,3475
NEW,O-3476,BUY,100,19,1786137004296,3476
NEW,O-3477,BUY,104,10,1786137004298,3477
NEW,O-3478,SELL,90,8,1786137004298,3478
NEW,O-3480,SELL,110,7,1786137004298,3480
NEW,O-3479,SELL,95,7,1786137004298,3479
NEW,O-3481,BUY,100,1,1786137004298,3481
NEW,O-3482,BUY,107,2,1786137004298,3482
NEW,O-3484,SELL,102,3,1786137004298,3484
NEW,O-3483,BUY,95,6,1786137004298,3483
NEW,O-3485,BUY,98,20,1786137004298,3485
NEW,O-3486,SELL,97,11,1786137004298,3486
NEW,O-3487,SELL,95,13,1786137004298,3487
NEW,O-3488,SELL,94,1,1786137004298,3488
NEW,O-3489,BUY,91,13,1786137004298,3489
NEW,O-3490,BUY,108,9,1786137004298,3490
NEW,O-3491,SELL,92,20,1786137004298,3491
NEW,O-3492,SELL,103,14,1786137004298,3492
NEW,O-3493,SELL,101,19,1786137004298,3493
NEW,O-3494,SELL,103,12,1786137004298,3494
NEW,O-3495,SELL,110,8,1786137004298,3495
NEW,O-3496,SELL,106,14,1786137004298,3496
NEW,O-3497,BUY,110,18,1786137004298,3497
NEW,O-3498,SELL,98,6,1786137004298,3498
NEW,O-3499,SELL,97,11,1786137004298,3499
NEW,O-3500,SELL,107,1,1786137004298,3500
NEW,O-3501,SELL,109,8,1786137004298,3501
NEW,O-3502,BUY,95,17,1786137004298,3502
NEW,O-3503,SELL,103,17,1786137004298,3503
NEW,O-3504,SELL,109,12,1786137004298,3504
NEW,O-3505,SELL,106,5,1786137004298,3505
NEW,O-3506,SELL,97,14,1786137004298,3506
NEW,O-3507,SELL,108,8,1786137004298,3507
NEW,O-3508,BUY,106,2,1786137004298,3508
NEW,O-3509,BUY,92,18,1786137004298,3509
NEW,O-3510,BUY,100,9,1786137004298,3510
NEW,O-3511,BUY,110,17,1786137004298,3511
NEW,O-3512,SELL,96,3,1786137004298,3512
NEW,O-3513,BUY,107,14,1786137004298,3513
NEW,O-3514,SELL,102,14,1786137004298,3514
NEW,O-3515,BUY,101,2,1786137004298,3515
NEW,O-3516,SELL,101,13,1786137004298,3516
NEW,O-3517,BUY,93,4,1786137004298,3517
NEW,O-3518,SELL,98,19,1786137004298,3518
NEW,O-3519,BUY,96,9,1786137004299,3519
NEW,O-3520,BUY,98,19,1786137004299,3520
NEW,O-3521,BUY,99,5,1786137004299,3521
NEW,O-3522,SELL,93,4,1786137004299,3522
NEW,O-3523,SELL,110,12,1786137004299,3523
NEW,O-3524,SELL,107,10,1786137004299,3524
NEW,O-3525,SELL,104,7,1786137004299,3525
NEW,O-3526,BUY,108,7,1786137004299,3526
NEW,O-3527,BUY,104,18,1786137004299,3527
NEW,O-3528,SELL,96,18,1786137004299,3528
NEW,O-3529,SELL,94,16,1786137004299,3529
NEW,O-3530,SELL,110,12,1786137004299,3530
NEW,O-3531,SELL,107,5,1786137004299,3531
NEW,O-3532,BUY,99,18,1786137004299,3532
NEW,O-3533,BUY,97,20,1786137004299,3533
NEW,O-3534,SELL,110,19,1786137004299,3534
NEW,O-3535,SELL,97,18,1786137004299,3535
NEW,O-3536,SELL,90,5,1786137004299,3536
NEW,O-3537,BUY,107,12,1786137004299,3537
NEW,O-3538,SELL,105,4,1786137004299,3538
NEW,O-3539,SELL,93,4,1786137004299,3539
NEW,O-3540,BUY,93,8,1786137004299,3540
NEW,O-3541,SELL,99,2,1786137004299,3541
NEW,O-3542,SELL,104,17,1786137004299,3542
NEW,O-3543,BUY,110,16,1786137004299,3543
NEW,O-3544,SELL,90,12,1786137004299,3544
NEW,O-3545,BUY,108,2,1786137004299,3545
NEW,O-3546,BUY,96,16,1786137004299,3546
NEW,O-3547,BUY,101,3,1786137004299,3547
NEW,O-3548,BUY,94,18,1786137004299,3548
NEW,O-3549,SELL,96,16,1786137004299,3549
NEW,O-3550,SELL,96,3,1786137004299,3550
NEW,O-3551,BUY,109,2,1786137004299,3551
NEW,O-3552,SELL,103,1,1786137004299,3552
NEW,O-3553,BUY,101,9,1786137004299,3553
NEW,O-3554,BUY,108,19,1786137004299,3554
NEW,O-3555,SELL,103,12,1786137004299,3555
NEW,O-3556,SELL,99,1,1786137004299,3556
NEW,O-3557,BUY,97,4,1786137004299,3557
NEW,O-3558,BUY,98,8,1786137004299,3558
NEW,O-3559,BUY,110,13,1786137004299,3559
NEW,O-3560,BUY,106,18,1786137004299,3560
NEW,O-3561,BUY,102,16,1786137004299,3561
NEW,O-3562,SELL,108,15,1786137004299,3562
NEW,O-3563,SELL,99,1,1786137004299,3563
NEW,O-3564,SELL,90,9,1786137004299,3564
NEW,O-3565,SELL,107,4,1786137004299,3565
NEW,O-3566,BUY,103,13,1786137004299,3566
NEW,O-3567,SELL,99,5,1786137004299,3567
NEW,O-3568,BUY,108,15,1786137004299,3568
NEW,O-3569,BUY,101,8,1786137004299,3569
NEW,O-3570,BUY,99,7,1786137004299,3570
NEW,O-3571,SELL,95,9,1786137004299,3571
NEW,O-3572,BUY,91,1,1786137004299,3572
NEW,O-3573,BUY,110,3,1786137004299,3573
NEW,O-3574,BUY,101,18,1786137004299,3574
NEW,O-3575,BUY,105,12,1786137004299,3575
NEW,O-3576,BUY,96,5,1786137004299,3576
NEW,O-3577,SELL,91,5,1786137004299,3577
NEW,O-3578,BUY,93,17,1786137004299,3578
NEW,O-3579,BUY,101,2,1786137004299,3579
NEW,O-3580,BUY,92,19,1786137004299,3580
NEW,O-3581,SELL,101,6,1786137004299,3581
NEW,O-3582,SELL,94,3,1786137004299,3582
NEW,O-3583,SELL,97,18,1786137004299,3583
NEW,O-3584,SELL,107,7,1786137004299,3584
NEW,O-3585,BUY,96,8,1786137004299,3585
NEW,O-3586,BUY,100,2,1786137004299,3586
NEW,O-3587,SELL,102,19,1786137004299,3587
NEW,O-3588,SELL,90,10,1786137004299,3588
NEW,O-3589,SELL,99,1,1786137004299,3589
NEW,O-3590,BUY,104,18,1786137004299,3590
NEW,O-3591,SELL,92,13,1786137004299,3591
NEW,O-3592,BUY,90,9,1786137004299,3592
NEW,O-3593,BUY,107,9,1786137004300,3593
NEW,O-3594,BUY,96,14,1786137004300,3594
NEW,O-3595,BUY,102,3,1786137004300,3595
NEW,O-3596,BUY,105,7,1786137004300,3596
NEW,O-3597,SELL,110,1,1786137004300,3597
NEW,O-3598,BUY,102,7,1786137004300,3598
NEW,O-3599,SELL,103,16,1786137004300,3599
NEW,O-3600,SELL,91,2,1786137004300,3600
NEW,O-3601,BUY,110,14,1786137004300,3601
NEW,O-3602,SELL,92,5,1786137004300,3602
NEW,O-3603,BUY,104,15,1786137004300,3603
NEW,O-3604,SELL,101,12,1786137004300,3604
NEW,O-3605,BUY,103,15,1786137004300,3605
NEW,O-3606,BUY,93,2,1786137004300,3606
NEW,O-3607,BUY,107,19,1786137004300,3607
NEW,O-3608,BUY,97,13,1786137004300,3608
NEW,O-3609,BUY,90,10,1786137004300,3609
NEW,O-3610,SELL,100,6,1786137004300,3610
NEW,O-3611,BUY,93,19,1786137004300,3611
NEW,O-3612,BUY,100,6,1786137004300,3612
NEW,O-3613,SELL,96,20,1786137004300,3613
NEW,O-3614,SELL,106,9,1786137004300,3614
NEW,O-3615,SELL,90,18,1786137004300,3615
NEW,O-3616,BUY,107,14,1786137004300,3616
NEW,O-3617,BUY,98,18,1786137004300,3617
NEW,O-3618,SELL,92,18,1786137004300,3618
NEW,O-3619,BUY,90,12,1786137004300,3619
NEW,O-3620,BUY,91,1,1786137004300,3620
NEW,O-3621,SELL,108,17,1786137004300,3621
NEW,O-3622,SELL,99,18,1786137004300,3622
NEW,O-3623,SELL,90,2,1786137004300,3623
NEW,O-3624,SELL,108,17,1786137004300,3624
NEW,O-3625,SELL,98,14,1786137004300,3625
NEW,O-3626,BUY,108,12,1786137004300,3626
NEW,O-3627,SELL,107,14,1786137004300,3627
NEW,O-3628,BUY,96,3,1786137004300,3628
NEW,O-3629,BUY,110,5,1786137004300,3629
NEW,O-3630,BUY,108,10,1786137004300,3630
NEW,O-3631,SELL,97,3,1786137004300,3631
NEW,O-3632,SELL,93,6,1786137004300,3632
NEW,O-3633,SELL,91,3,1786137004300,3633
NEW,O-3634,SELL,100,7,1786137004300,3634
NEW,O-3635,SELL,107,3,1786137004300,3635
NEW,O-3636,SELL,100,13,1786137004300,3636
NEW,O-3637,SELL,106,6,1786137004300,3637
NEW,O-3638,BUY,103,8,1786137004300,3638
NEW,O-3639,SELL,110,17,1786137004300,3639
NEW,O-3640,BUY,105,7,1786137004300,3640
NEW,O-3641,SELL,106,16,1786137004300,3641
NEW,O-3642,BUY,106,19,1786137004300,3642
NEW,O-3643,BUY,108,15,1786137004300,3643
NEW,O-3644,SELL,108,6,1786137004300,3644
NEW,O-3645,BUY,107,13,1786137004300,3645
NEW,O-3646,BUY,103,11,1786137004300,3646
NEW,O-3647,BUY,110,17,1786137004300,3647
NEW,O-3648,BUY,94,15,1786137004300,3648
NEW,O-3649,BUY,100,10,1786137004300,3649
NEW,O-3650,SELL,97,6,1786137004300,3650
NEW,O-3651,BUY,95,19,1786137004300,3651
NEW,O-3652,SELL,101,10,1786137004300,3652
NEW,O-3653,BUY,102,9,1786137004300,3653
NEW,O-3654,SELL,109,13,1786137004300,3654
NEW,O-3655,BUY,90,15,1786137004300,3655
NEW,O-3656,BUY,93,6,1786137004300,3656
NEW,O-3657,BUY,97,3,1786137004300,3657
NEW,O-3658,BUY,101,14,1786137004300,3658
NEW,O-3659,BUY,108,19,1786137004300,3659
NEW,O-3660,SELL,98,17,1786137004300,3660
NEW,O-3661,BUY,109,15,1786137004300,3661
NEW,O-3662,BUY,93,4,1786137004300,3662
NEW,O-3663,SELL,107,1,1786137004300,3663
NEW,O-3664,BUY,93,3,1786137004300,3664
NEW,O-3665,SELL,101,11,1786137004300,3665
NEW,O-3666,BUY,106,8,1786137004300,3666
NEW,O-3667,SELL,108,8,1786137004300,3667
NEW,O-3668,SELL,103,20,1786137004300,3668
NEW,O-3669,BUY,101,16,1786137004300,3669
NEW,O-3670,BUY,102,5,1786137004300,3670
NEW,O-3671,SELL,91,6,1786137004300,3671
NEW,O-3672,BUY,98,6,1786137004300,3672
NEW,O-3673,SELL,93,14,1786137004300,3673
NEW,O-3674,SELL,91,8,1786137004300,3674
NEW,O-3675,SELL,90,6,1786137004300,3675
NEW,O-3676,BUY,97,13,1786137004300,3676
NEW,O-3677,SELL,109,10,1786137004300,3677
NEW,O-3678,SELL,97,9,1786137004300,3678
NEW,O-3679,SELL,91,2,1786137004300,3679
NEW,O-3680,SELL,97,6,1786137004300,3680
NEW,O-3681,BUY,100,6,1786137004300,3681
NEW,O-3682,SELL,101,2,1786137004300,3682
NEW,O-3683,SELL,105,8,1786137004300,3683
NEW,O-3684,BUY,106,16,1786137004300,3684
NEW,O-3685,SELL,99,10,1786137004300,3685
NEW,O-3686,SELL,100,6,1786137004300,3686
NEW,O-3687,SELL,97,7,1786137004300,3687
NEW,O-3688,BUY,110,13,1786137004300,3688
NEW,O-3689,SELL,102,4,1786137004300,3689
NEW,O-3690,SELL,91,16,1786137004300,3690
NEW,O-3691,BUY,102,18,1786137004300,3691
NEW,O-3692,SELL,91,11,1786137004300,3692
NEW,O-3693,BUY,98,6,1786137004301,3693
NEW,O-3694,BUY,103,8,1786137004301,3694
NEW,O-3695,BUY,95,8,1786137004301,3695
NEW,O-3696,SELL,92,6,1786137004301,3696
NEW,O-3697,SELL,90,14,1786137004301,3697
NEW,O-3698,SELL,103,3,1786137004301,3698
NEW,O-3699,BUY,91,15,1786137004301,3699
NEW,O-3700,BUY,92,20,1786137004301,3700
NEW,O-3701,BUY,93,3,1786137004301,3701
NEW,O-3702,BUY,107,8,1786137004301,3702
NEW,O-3703,BUY,105,3,1786137004301,3703
NEW,O-3704,BUY,105,7,1786137004301,3704
NEW,O-3705,SELL,107,16,1786137004301,3705
NEW,O-3706,SELL,104,6,1786137004301,3706
NEW,O-3707,BUY,110,16,1786137004301,3707
NEW,O-3708,SELL,94,12,1786137004301,3708
NEW,O-3709,SELL,104,17,1786137004301,3709
NEW,O-3710,BUY,107,20,1786137004301,3710
NEW,O-3711,BUY,96,16,1786137004301,3711
NEW,O-3712,SELL,102,18,1786137004301,3712
NEW,O-3713,BUY,108,20,1786137004301,3713
NEW,O-3715,SELL,110,7,1786137004301,3715
NEW,O-3714,BUY,108,1,1786137004301,3714
NEW,O-3716,BUY,105,19,1786137004301,3716
NEW,O-3717,BUY,96,18,1786137004301,3717
NEW,O-3718,BUY,105,17,1786137004301,3718
NEW,O-3719,SELL,110,3,1786137004301,3719
NEW,O-3720,SELL,106,4,1786137004301,3720
NEW,O-3721,BUY,102,2,1786137004301,3721
NEW,O-3722,SELL,104,3,1786137004301,3722
NEW,O-3723,SELL,108,18,1786137004301,3723
NEW,O-3724,BUY,90,14,1786137004301,3724
NEW,O-3725,BUY,99,8,1786137004301,3725
NEW,O-3726,BUY,102,10,1786137004301,3726
NEW,O-3727,BUY,93,13,1786137004301,3727
NEW,O-3728,SELL,109,11,1786137004301,3728
NEW,O-3729,SELL,104,19,1786137004301,3729
NEW,O-3730,SELL,98,8,1786137004301,3730
NEW,O-3731,BUY,108,19,1786137004301,3731
NEW,O-3732,BUY,105,20,1786137004301,3732
NEW,O-3733,BUY,109,6,1786137004301,3733
NEW,O-3734,BUY,110,11,1786137004301,3734
NEW,O-3735,BUY,93,10,1786137004301,3735
NEW,O-3736,SELL,106,10,1786137004301,3736
NEW,O-3737,BUY,110,19,1786137004301,3737
NEW,O-3738,SELL,101,17,1786137004301,3738
NEW,O-3739,SELL,98,14,1786137004301,3739
NEW,O-3740,BUY,102,1,1786137004301,3740
NEW,O-3741,BUY,98,10,1786137004301,3741
NEW,O-3742,BUY,95,8,1786137004301,3742
NEW,O-3743,BUY,106,2,1786137004301,3743
NEW,O-3744,SELL,101,4,1786137004301,3744
NEW,O-3745,SELL,91,19,1786137004301,3745
NEW,O-3746,SELL,96,10,1786137004301,3746
NEW,O-3747,BUY,108,10,1786137004301,3747
NEW,O-3748,SELL,108,13,1786137004301,3748
NEW,O-3749,SELL,90,16,1786137004301,3749
NEW,O-3750,SELL,99,14,1786137004301,3750
NEW,O-3751,BUY,96,9,1786137004301,3751
NEW,O-3752,BUY,95,17,1786137004301,3752
NEW,O-3753,BUY,90,13,1786137004301,3753
NEW,O-3754,SELL,101,19,1786137004301,3754
NEW,O-3755,SELL,103,7,1786137004301,3755
NEW,O-3756,SELL,90,11,1786137004301,3756
NEW,O-3757,BUY,103,14,1786137004301,3757
NEW,O-3758,BUY,103,2,1786137004301,3758
NEW,O-3759,SELL,90,4,1786137004301,3759
NEW,O-3760,SELL,108,15,1786137004302,3760
NEW,O-3761,SELL,105,10,1786137004302,3761
NEW,O-3762,BUY,94,3,1786137004302,3762
NEW,O-3764,SELL,95,9,1786137004302,3764
NEW,O-3763,BUY,102,1,1786137004302,3763
NEW,O-3765,BUY,99,4,1786137004302,3765
NEW,O-3766,BUY,93,18,1786137004302,3766
NEW,O-3767,BUY,97,18,1786137004302,3767
NEW,O-3768,SELL,98,18,1786137004302,3768
NEW,O-3769,SELL,108,20,1786137004302,3769
NEW,O-3770,BUY,103,1,1786137004302,3770
NEW,O-3771,SELL,103,11,1786137004302,3771
NEW,O-3772,BUY,107,14,1786137004302,3772
NEW,O-3773,SELL,107,6,1786137004302,3773
NEW,O-3774,BUY,102,17,1786137004302,3774
NEW,O-3775,BUY,90,18,1786137004302,3775
NEW,O-3776,BUY,109,6,1786137004302,3776
NEW,O-3777,BUY,108,8,1786137004302,3777
NEW,O-3778,SELL,105,8,1786137004302,3778
NEW,O-3779,SELL,102,15,1786137004302,3779
NEW,O-3780,SELL,91,11,1786137004302,3780
NEW,O-3781,BUY,90,7,1786137004302,3781
NEW,O-3782,BUY,109,19,1786137004302,3782
NEW,O-3783,SELL,98,7,1786137004302,3783
NEW,O-3784,SELL,103,9,1786137004302,3784
NEW,O-3785,BUY,98,7,1786137004302,3785
NEW,O-3786,SELL,101,2,1786137004302,3786
NEW,O-3787,BUY,99,3,1786137004302,3787
NEW,O-3788,BUY,100,5,1786137004302,3788
NEW,O-3789,SELL,108,10,1786137004302,3789
NEW,O-3790,SELL,92,4,1786137004302,3790
NEW,O-3791,SELL,91,19,1786137004302,3791
NEW,O-3792,SELL,99,18,1786137004302,3792
NEW,O-3793,BUY,92,8,1786137004302,3793
NEW,O-3794,BUY,100,3,1786137004302,3794
NEW,O-3795,BUY,101,19,1786137004302,3795
NEW,O-3796,BUY,102,8,1786137004302,3796
NEW,O-3797,BUY,109,18,1786137004302,3797
NEW,O-3798,BUY,93,1,1786137004302,3798
NEW,O-3800,SELL,101,6,1786137004302,3800
NEW,O-3799,SELL,94,16,1786137004302,3799
NEW,O-3801,SELL,93,18,1786137004302,3801
NEW,O-3802,BUY,101,1,1786137004302,3802
NEW,O-3803,BUY,91,13,1786137004302,3803
NEW,O-3804,SELL,102,13,1786137004302,3804
NEW,O-3805,BUY,91,15,1786137004302,3805
NEW,O-3806,SELL,97,14,1786137004303,3806
NEW,O-3807,BUY,97,10,1786137004303,3807
NEW,O-3808,BUY,109,11,1786137004303,3808
NEW,O-3809,SELL,92,13,1786137004303,3809
NEW,O-3810,BUY,106,15,1786137004303,3810
NEW,O-3811,SELL,107,11,1786137004303,3811
NEW,O-3812,BUY,108,5,1786137004303,3812
NEW,O-3813,SELL,98,7,1786137004303,3813
NEW,O-3814,SELL,108,6,1786137004303,3814
NEW,O-3815,SELL,106,19,1786137004303,3815
NEW,O-3816,SELL,100,17,1786137004303,3816
NEW,O-3817,BUY,97,13,1786137004303,3817
NEW,O-3818,SELL,92,13,1786137004303,3818
NEW,O-3819,BUY,103,14,1786137004303,3819
NEW,O-3820,BUY,104,18,1786137004303,3820
NEW,O-3821,SELL,97,9,1786137004303,3821
NEW,O-3822,SELL,93,17,1786137004303,3822
NEW,O-3823,SELL,101,20,1786137004303,3823
NEW,O-3824,BUY,96,3,1786137004303,3824
NEW,O-3825,BUY,100,2,1786137004303,3825
NEW,O-3826,SELL,103,15,1786137004303,3826
NEW,O-3827,SELL,98,4,1786137004303,3827
NEW,O-3828,BUY,106,1,1786137004303,3828
NEW,O-3829,BUY,99,10,1786137004303,3829
NEW,O-3830,SELL,98,20,1786137004303,3830
NEW,O-3831,BUY,91,6,1786137004303,3831
NEW,O-3832,BUY,99,7,1786137004303,3832
NEW,O-3833,BUY,105,3,1786137004303,3833
NEW,O-3834,SELL,99,19,1786137004303,3834
NEW,O-3835,BUY,101,5,1786137004303,3835
NEW,O-3836,BUY,109,8,1786137004303,3836
NEW,O-3837,SELL,106,12,1786137004303,3837
NEW,O-3838,SELL,102,16,1786137004303,3838
NEW,O-3839,BUY,106,7,1786137004303,3839
NEW,O-3840,BUY,100,2,1786137004303,3840
NEW,O-3841,SELL,106,8,1786137004303,3841
NEW,O-3842,BUY,103,8,1786137004303,3842
NEW,O-3843,SELL,93,17,1786137004303,3843
NEW,O-3844,BUY,98,2,1786137004303,3844
NEW,O-3845,SELL,90,8,1786137004303,3845
NEW,O-3846,BUY,98,5,1786137004303,3846
NEW,O-3847,SELL,103,15,1786137004303,3847
NEW,O-3848,BUY,108,6,1786137004303,3848
NEW,O-3849,SELL,104,7,1786137004303,3849
NEW,O-3850,SELL,110,10,1786137004303,3850
NEW,O-3851,BUY,93,6,1786137004303,3851
NEW,O-3852,BUY,102,17,1786137004303,3852
NEW,O-3853,SELL,106,3,1786137004303,3853
NEW,O-3854,BUY,95,17,1786137004303,3854
NEW,O-3855,SELL,95,3,1786137004303,3855
NEW,O-3856,SELL,109,1,1786137004303,3856
NEW,O-3857,BUY,107,11,1786137004303,3857
NEW,O-3858,SELL,103,12,1786137004303,3858
NEW,O-3859,SELL,93,14,1786137004303,3859
NEW,O-3860,SELL,99,9,1786137004303,3860
NEW,O-3861,SELL,110,6,1786137004303,3861
NEW,O-3862,BUY,107,6,1786137004303,3862
NEW,O-3863,BUY,99,8,1786137004303,3863
NEW,O-3864,BUY,90,19,1786137004303,3864
NEW,O-3865,SELL,108,5,1786137004303,3865
NEW,O-3866,BUY,95,6,1786137004303,3866
NEW,O-3867,BUY,106,1,1786137004303,3867
NEW,O-3868,SELL,97,10,1786137004303,3868
NEW,O-3869,SELL,105,12,1786137004303,3869
NEW,O-3870,BUY,110,13,1786137004304,3870
NEW,O-3871,SELL,109,9,1786137004304,3871
NEW,O-3872,BUY,90,12,1786137004304,3872
NEW,O-3873,BUY,93,1,1786137004304,3873
NEW,O-3874,SELL,97,20,1786137004304,3874
NEW,O-3875,SELL,96,14,1786137004304,3875
NEW,O-3876,BUY,97,4,1786137004304,3876
NEW,O-3877,SELL,96,10,1786137004304,3877
NEW,O-3878,SELL,96,11,1786137004304,3878
NEW,O-3879,BUY,99,11,1786137004304,3879
NEW,O-3880,BUY,92,12,1786137004304,3880
NEW,O-3881,BUY,97,2,1786137004304,3881
NEW,O-3882,SELL,103,14,1786137004304,3882
NEW,O-3883,SELL,94,11,1786137004304,3883
NEW,O-3884,SELL,104,10,1786137004304,3884
NEW,O-3885,BUY,90,14,1786137004304,3885
NEW,O-3886,SELL,109,6,1786137004304,3886
NEW,O-3887,SELL,110,11,1786137004304,3887
NEW,O-3888,BUY,93,2,1786137004304,3888
NEW,O-3889,SELL,106,11,1786137004304,3889
NEW,O-3890,BUY,92,8,1786137004304,3890
NEW,O-3891,SELL,93,14,1786137004304,3891
NEW,O-3892,BUY,105,19,1786137004304,3892
NEW,O-3893,BUY,97,19,1786137004304,3893
NEW,O-3894,BUY,100,15,1786137004304,3894
NEW,O-3895,SELL,94,7,1786137004304,3895
NEW,O-3896,BUY,102,16,1786137004304,3896
NEW,O-3897,SELL,98,7,1786137004304,3897
NEW,O-3898,SELL,108,3,1786137004304,3898
NEW,O-3899,BUY,91,9,1786137004304,3899
NEW,O-3900,BUY,92,16,1786137004304,3900
NEW,O-3901,BUY,109,7,1786137004304,3901
NEW,O-3902,SELL,96,3,1786137004304,3902
NEW,O-3903,BUY,102,2,1786137004304,3903
NEW,O-3904,BUY,109,12,1786137004304,3904
NEW,O-3905,SELL,104,12,1786137004304,3905
NEW,O-3906,BUY,94,18,1786137004304,3906
NEW,O-3907,BUY,104,12,1786137004304,3907
NEW,O-3908,BUY,99,15,1786137004304,3908
NEW,O-3909,SELL,99,4,1786137004304,3909
NEW,O-3910,BUY,107,3,1786137004304,3910
NEW,O-3911,SELL,91,2,1786137004304,3911
NEW,O-3912,SELL,110,16,1786137004304,3912
NEW,O-3913,SELL,105,17,1786137004304,3913
NEW,O-3914,SELL,98,8,1786137004304,3914
NEW,O-3915,SELL,91,9,1786137004304,3915
NEW,O-3916,BUY,104,4,1786137004304,3916
NEW,O-3917,SELL,91,9,1786137004304,3917
NEW,O-3918,BUY,90,13,1786137004304,3918
NEW,O-3919,BUY,95,13,1786137004304,3919
NEW,O-3920,BUY,97,10,1786137004304,3920
NEW,O-3921,BUY,95,14,1786137004304,3921
NEW,O-3922,BUY,95,7,1786137004304,3922
NEW,O-3923,BUY,107,10,1786137004304,3923
NEW,O-3924,BUY,103,6,1786137004304,3924
NEW,O-3925,BUY,90,14,1786137004304,3925
NEW,O-3926,BUY,91,17,1786137004304,3926
NEW,O-3927,SELL,90,13,1786137004304,3927
NEW,O-3928,BUY,99,19,1786137004304,3928
NEW,O-3929,SELL,90,17,1786137004304,3929
NEW,O-3930,SELL,108,13,1786137004304,3930
NEW,O-3931,SELL,90,19,1786137004304,3931
NEW,O-3932,BUY,103,16,1786137004304,3932
NEW,O-3933,BUY,91,20,1786137004304,3933
NEW,O-3934,SELL,93,13,1786137004304,3934
NEW,O-3935,BUY,95,11,1786137004304,3935
NEW,O-3936,BUY,92,9,1786137004304,3936
NEW,O-3937,BUY,93,7,1786137004304,3937
NEW,O-3938,SELL,109,18,1786137004304,3938
NEW,O-3939,SELL,106,16,1786137004304,3939
NEW,O-3940,SELL,108,13,1786137004304,3940
NEW,O-3941,BUY,90,19,1786137004304,3941
NEW,O-3942,SELL,98,7,1786137004304,3942
NEW,O-3943,SELL,104,9,1786137004304,3943
NEW,O-3944,BUY,108,20,1786137004304,3944
NEW,O-3945,SELL,91,7,1786137004304,3945
NEW,O-3946,BUY,94,19,1786137004304,3946
NEW,O-3947,SELL,109,1,1786137004304,3947
NEW,O-3948,SELL,104,6,1786137004304,3948
NEW,O-3949,SELL,93,16,1786137004304,3949
NEW,O-3950,SELL,108,10,1786137004304,3950
NEW,O-3951,BUY,97,4,1786137004304,3951
NEW,O-3952,BUY,95,8,1786137004304,3952
NEW,O-3953,SELL,97,12,1786137004304,3953
NEW,O-3954,SELL,92,4,1786137004304,3954
NEW,O-3955,SELL,98,12,1786137004304,3955
NEW,O-3956,BUY,101,10,1786137004304,3956
NEW,O-3957,BUY,109,18,1786137004304,3957
NEW,O-3958,SELL,102,18,1786137004304,3958
NEW,O-3959,BUY,106,19,1786137004304,3959
NEW,O-3960,SELL,107,5,1786137004304,3960
NEW,O-3961,SELL,100,18,1786137004304,3961
NEW,O-3962,BUY,90,11,1786137004304,3962
NEW,O-3963,BUY,91,8,1786137004304,3963
NEW,O-3964,SELL,102,19,1786137004304,3964
NEW,O-3965,SELL,92,12,1786137004304,3965
NEW,O-3966,BUY,91,13,1786137004304,3966
NEW,O-3967,BUY,102,2,1786137004304,3967
NEW,O-3968,BUY,102,17,1786137004304,3968
NEW,O-3969,BUY,97,8,1786137004304,3969
NEW,O-3970,BUY,93,12,1786137004304,3970
NEW,O-3971,SELL,91,4,1786137004304,3971
NEW,O-3972,BUY,107,1,1786137004304,3972
NEW,O-3973,BUY,108,15,1786137004304,3973
NEW,O-3974,SELL,102,8,1786137004304,3974
NEW,O-3975,SELL,96,4,1786137004304,3975
NEW,O-3976,BUY,110,7,1786137004304,3976
NEW,O-3977,BUY,98,12,1786137004304,3977
NEW,O-3978,SELL,98,16,1786137004304,3978
NEW,O-3979,BUY,107,20,1786137004304,3979
NEW,O-3980,BUY,108,7,1786137004304,3980
NEW,O-3981,SELL,91,2,1786137004304,3981
NEW,O-3982,BUY,109,16,1786137004304,3982
NEW,O-3983,BUY,97,14,1786137004304,3983
NEW,O-3984,SELL,109,12,1786137004304,3984
NEW,O-3985,SELL,94,11,1786137004304,3985
NEW,O-3986,BUY,91,1,1786137004304,3986
NEW,O-3987,SELL,93,8,1786137004304,3987
NEW,O-3988,SELL,110,13,1786137004304,3988
NEW,O-3989,BUY,92,16,1786137004304,3989
NEW,O-3990,BUY,106,20,1786137004304,3990
NEW,O-3991,SELL,90,12,1786137004304,3991
NEW,O-3992,SELL,95,14,1786137004304,3992
NEW,O-3993,BUY,99,12,1786137004304,3993
NEW,O-3994,BUY,96,1,1786137004304,3994
NEW,O-3995,SELL,96,13,1786137004304,3995
NEW,O-3996,SELL,95,13,1786137004304,3996
NEW,O-3997,SELL,100,17,1786137004304,3997
NEW,O-3998,SELL,110,1,1786137004304,3998
NEW,O-3999,SELL,92,6,1786137004304,3999
NEW,O-4000,BUY,102,19,1786137004304,4000
NEW,O-4001,SELL,91,1,1786137004304,4001
NEW,O-4002,SELL,107,10,1786137004304,4002
NEW,O-4003,SELL,98,18,1786137004304,4003
NEW,O-4004,SELL,96,12,1786137004304,4004
NEW,O-4005,BUY,103,18,1786137004304,4005
NEW,O-4006,BUY,100,20,1786137004304,4006
NEW,O-4007,SELL,110,4,1786137004304,4007
NEW,O-4008,SELL,105,2,1786137004304,4008
NEW,O-4009,SELL,104,17,1786137004304,4009
NEW,O-4010,SELL,107,18,1786137004304,4010
NEW,O-4011,BUY,102,17,1786137004304,4011
NEW,O-4012,SELL,110,12,1786137004304,4012
NEW,O-4013,SELL,91,6,1786137004304,4013
NEW,O-4014,SELL,109,2,1786137004304,4014
NEW,O-4015,SELL,106,9,1786137004304,4015
NEW,O-4016,SELL,96,10,1786137004304,4016
NEW,O-4017,BUY,91,18,1786137004304,4017
NEW,O-4018,SELL,106,19,1786137004304,4018
NEW,O-4019,SELL,94,15,1786137004304,4019
NEW,O-4020,SELL,99,9,1786137004304,4020
NEW,O-4021,BUY,93,4,1786137004304,4021
NEW,O-4022,BUY,100,7,1786137004304,4022
NEW,O-4023,BUY,92,7,1786137004304,4023
NEW,O-4024,BUY,99,3,1786137004304,4024
NEW,O-4025,SELL,101,7,1786137004304,4025
NEW,O-4026,BUY,107,2,1786137004304,4026
NEW,O-4027,BUY,98,12,1786137004304,4027
NEW,O-4028,BUY,96,2,1786137004304,4028
NEW,O-4029,BUY,93,11,1786137004304,4029
NEW,O-4030,SELL,95,16,1786137004304,4030
NEW,O-4031,SELL,102,4,1786137004304,4031
NEW,O-4032,SELL,98,5,1786137004304,4032
NEW,O-4033,BUY,94,19,1786137004304,4033
NEW,O-4034,BUY,97,19,1786137004305,4034
NEW,O-4035,BUY,108,12,1786137004305,4035
NEW,O-4036,SELL,100,14,1786137004305,4036
NEW,O-4037,BUY,101,8,1786137004305,4037
NEW,O-4038,SELL,106,2,1786137004305,4038
NEW,O-4039,SELL,107,11,1786137004305,4039
NEW,O-4040,BUY,97,18,1786137004305,4040
NEW,O-4041,SELL,103,10,1786137004305,4041
NEW,O-4042,BUY,99,16,1786137004305,4042
NEW,O-4043,SELL,101,13,1786137004305,4043
NEW,O-4044,SELL,109,18,1786137004305,4044
NEW,O-4045,BUY,105,16,1786137004305,4045
NEW,O-4046,SELL,106,18,1786137004305,4046
NEW,O-4047,BUY,95,4,1786137004305,4047
NEW,O-4048,SELL,103,6,1786137004305,4048
NEW,O-4049,SELL,98,6,1786137004305,4049
NEW,O-4050,BUY,98,16,1786137004305,4050
NEW,O-4051,BUY,95,8,1786137004305,4051
NEW,O-4052,BUY,93,18,1786137004305,4052
NEW,O-4053,BUY,109,11,1786137004306,4053
NEW,O-4054,SELL,96,15,1786137004306,4054
NEW,O-4056,BUY,92,19,1786137004306,4056
NEW,O-4055,BUY,92,1,1786137004306,4055
NEW,O-4057,BUY,91,1,1786137004306,4057
NEW,O-4058,SELL,99,20,1786137004306,4058
NEW,O-4059,BUY,104,2,1786137004306,4059
NEW,O-4060,BUY,105,10,1786137004306,4060
NEW,O-4061,SELL,103,19,1786137004306,4061
NEW,O-4062,BUY,104,16,1786137004306,4062
NEW,O-4063,BUY,107,17,1786137004306,4063
NEW,O-4064,BUY,108,11,1786137004306,4064
NEW,O-4065,SELL,108,8,1786137004306,4065
NEW,O-4066,SELL,92,17,1786137004306,4066
NEW,O-4067,SELL,107,11,1786137004306,4067
NEW,O-4068,SELL,90,16,1786137004306,4068
NEW,O-4069,BUY,101,15,1786137004306,4069
NEW,O-4070,BUY,91,7,1786137004306,4070
NEW,O-4071,BUY,101,18,1786137004306,4071
NEW,O-4072,BUY,107,2,1786137004306,4072
NEW,O-4073,SELL,101,1,1786137004306,4073
NEW,O-4074,BUY,104,6,1786137004306,4074
NEW,O-4075,SELL,106,8,1786137004307,4075
NEW,O-4076,SELL,109,13,1786137004307,4076
NEW,O-4077,SELL,95,8,1786137004307,4077
NEW,O-4078,BUY,100,10,1786137004307,4078
NEW,O-4079,BUY,92,19,1786137004307,4079
NEW,O-4080,BUY,99,1,1786137004307,4080
NEW,O-4081,BUY,110,15,1786137004307,4081
NEW,O-4082,SELL,93,6,1786137004307,4082
NEW,O-4083,BUY,97,15,1786137004307,4083
NEW,O-4084,SELL,104,2,1786137004307,4084
NEW,O-4085,SELL,109,18,1786137004307,4085
NEW,O-4086,BUY,103,4,1786137004307,4086
NEW,O-4087,SELL,91,17,1786137004307,4087
NEW,O-4089,BUY,108,16,1786137004307,4089
NEW,O-4088,SELL,110,13,1786137004307,4088
NEW,O-4090,BUY,104,12,1786137004307,4090
NEW,O-4091,SELL,109,7,1786137004307,4091
NEW,O-4092,SELL,101,19,1786137004307,4092
NEW,O-4093,BUY,99,19,1786137004307,4093
NEW,O-4094,SELL,102,8,1786137004307,4094
NEW,O-4095,SELL,96,11,1786137004307,4095
NEW,O-4096,SELL,103,19,1786137004307,4096
NEW,O-4097,BUY,95,14,1786137004307,4097
NEW,O-4098,SELL,108,6,1786137004307,4098
NEW,O-4099,SELL,108,4,1786137004307,4099
NEW,O-4100,SELL,109,7,1786137004307,4100
NEW,O-4101,BUY,106,4,1786137004307,4101
NEW,O-4102,BUY,108,12,1786137004307,4102
NEW,O-4103,SELL,92,8,1786137004307,4103
NEW,O-4104,SELL,104,10,1786137004307,4104
NEW,O-4105,BUY,107,6,1786137004307,4105
NEW,O-4106,BUY,92,15,1786137004307,4106
NEW,O-4107,SELL,93,19,1786137004307,4107
NEW,O-4108,SELL,105,20,1786137004307,4108
NEW,O-4109,BUY,105,13,1786137004307,4109
NEW,O-4110,SELL,105,10,1786137004307,4110
NEW,O-4111,BUY,109,17,1786137004307,4111
NEW,O-4112,BUY,97,11,1786137004307,4112
NEW,O-4113,SELL,104,20,1786137004307,4113
NEW,O-4114,SELL,105,17,1786137004307,4114
NEW,O-4115,SELL,99,20,1786137004307,4115
NEW,O-4116,BUY,97,20,1786137004307,4116
NEW,O-4117,BUY,103,11,1786137004307,4117
NEW,O-4118,BUY,110,18,1786137004307,4118
NEW,O-4119,SELL,90,5,1786137004307,4119
NEW,O-4120,BUY,90,6,1786137004307,4120
NEW,O-4121,SELL,110,11,1786137004307,4121
NEW,O-4122,SELL,110,5,1786137004307,4122
NEW,O-4123,SELL,107,7,1786137004307,4123
NEW,O-4124,SELL,106,2,1786137004307,4124
NEW,O-4125,SELL,102,18,1786137004307,4125
NEW,O-4126,SELL,103,5,1786137004307,4126
NEW,O-4127,SELL,100,6,1786137004307,4127
NEW,O-4128,SELL,109,13,1786137004307,4128
NEW,O-4129,SELL,93,20,1786137004307,4129
NEW,O-4130,BUY,105,3,1786137004307,4130
NEW,O-4131,BUY,98,8,1786137004307,4131
NEW,O-4132,SELL,110,15,1786137004307,4132
NEW,O-4133,SELL,96,9,1786137004307,4133
NEW,O-4134,SELL,96,17,1786137004307,4134
NEW,O-4135,SELL,110,14,1786137004307,4135
NEW,O-4136,BUY,100,10,1786137004307,4136
NEW,O-4137,SELL,99,4,1786137004307,4137
NEW,O-4138,BUY,99,7,1786137004307,4138
NEW,O-4139,BUY,90,16,1786137004307,4139
NEW,O-4140,BUY,103,10,1786137004307,4140
NEW,O-4141,SELL,101,11,1786137004307,4141
NEW,O-4142,SELL,101,8,1786137004307,4142
NEW,O-4143,SELL,100,20,1786137004307,4143
NEW,O-4144,SELL,109,8,1786137004307,4144
NEW,O-4145,SELL,92,18,1786137004307,4145
NEW,O-4146,BUY,103,13,1786137004307,4146
NEW,O-4147,BUY,96,4,1786137004307,4147
NEW,O-4148,SELL,108,7,1786137004307,4148
NEW,O-4150,BUY,96,5,1786137004307,4150
NEW,O-4151,BUY,100,15,1786137004307,4151
NEW,O-4152,BUY,92,4,1786137004307,4152
NEW,O-4153,BUY,91,1,1786137004307,4153
NEW,O-4154,SELL,99,1,1786137004307,4154
NEW,O-4155,SELL,106,10,1786137004307,4155
NEW,O-4156,BUY,92,16,1786137004307,4156
NEW,O-4157,SELL,90,3,1786137004307,4157
NEW,O-4158,BUY,108,3,1786137004307,4158
NEW,O-4159,SELL,97,17,1786137004307,4159
NEW,O-4160,BUY,102,20,1786137004307,4160
NEW,O-4161,SELL,93,18,1786137004307,4161
NEW,O-4149,BUY,93,10,1786137004307,4149
NEW,O-4162,SELL,105,17,1786137004307,4162
NEW,O-4163,SELL,93,8,1786137004307,4163
NEW,O-4164,SELL,110,9,1786137004307,4164
NEW,O-4165,BUY,92,18,1786137004307,4165
NEW,O-4166,BUY,99,2,1786137004307,4166
NEW,O-4167,BUY,96,4,1786137004307,4167
NEW,O-4168,SELL,105,9,1786137004307,4168
NEW,O-4169,BUY,98,20,1786137004307,4169
NEW,O-4170,SELL,91,11,1786137004307,4170
NEW,O-4171,BUY,95,5,1786137004307,4171
NEW,O-4172,SELL,106,13,1786137004307,4172
NEW,O-4173,BUY,110,15,1786137004307,4173
NEW,O-4174,SELL,103,7,1786137004307,4174
NEW,O-4175,BUY,101,11,1786137004307,4175
NEW,O-4176,BUY,95,15,1786137004307,4176
NEW,O-4177,SELL,90,15,1786137004307,4177
NEW,O-4178,BUY,108,2,1786137004307,4178
NEW,O-4179,BUY,91,14,1786137004307,4179
NEW,O-4180,SELL,91,4,1786137004308,4180
NEW,O-4181,BUY,106,5,1786137004308,4181
NEW,O-4182,BUY,110,4,1786137004308,4182
NEW,O-4183,BUY,93,8,1786137004308,4183
NEW,O-4184,SELL,107,6,1786137004308,4184
NEW,O-4185,BUY,110,6,1786137004308,4185
NEW,O-4186,SELL,93,5,1786137004308,4186
NEW,O-4187,BUY,109,17,1786137004308,4187
NEW,O-4188,SELL,95,18,1786137004308,4188
NEW,O-4189,SELL,108,12,1786137004308,4189
NEW,O-4190,SELL,109,13,1786137004308,4190
NEW,O-4191,BUY,98,2,1786137004308,4191
NEW,O-4192,BUY,90,1,1786137004308,4192
NEW,O-4193,BUY,106,6,1786137004308,4193
NEW,O-4194,BUY,98,7,1786137004308,4194
NEW,O-4195,SELL,107,13,1786137004308,4195
NEW,O-4196,SELL,102,14,1786137004308,4196
NEW,O-4197,BUY,102,20,1786137004308,4197
NEW,O-4198,BUY,107,1,1786137004308,4198
NEW,O-4199,BUY,97,9,1786137004308,4199
NEW,O-4200,BUY,110,5,1786137004308,4200
NEW,O-4201,BUY,92,1,1786137004308,4201
NEW,O-4202,SELL,94,10,1786137004308,4202
NEW,O-4203,BUY,96,12,1786137004308,4203
NEW,O-4204,SELL,101,4,1786137004308,4204
NEW,O-4205,BUY,102,7,1786137004308,4205
NEW,O-4206,BUY,93,5,1786137004308,4206
NEW,O-4207,SELL,106,13,1786137004308,4207
NEW,O-4208,BUY,105,19,1786137004308,4208
NEW,O-4209,SELL,106,20,1786137004308,4209
NEW,O-4211,BUY,100,11,1786137004308,4211
NEW,O-4210,SELL,90,2,1786137004308,4210
NEW,O-4212,BUY,96,14,1786137004308,4212
NEW,O-4213,SELL,92,9,1786137004308,4213
NEW,O-4214,SELL,91,20,1786137004308,4214
NEW,O-4215,SELL,92,12,1786137004308,4215
NEW,O-4216,BUY,109,17,1786137004308,4216
NEW,O-4217,SELL,100,2,1786137004308,4217
NEW,O-4219,BUY,98,7,1786137004308,4219
NEW,O-4218,BUY,98,17,1786137004308,4218
NEW,O-4220,SELL,91,3,1786137004308,4220
NEW,O-4221,BUY,102,17,1786137004308,4221
NEW,O-4222,BUY,93,18,1786137004308,4222
NEW,O-4223,BUY,93,2,1786137004308,4223
NEW,O-4224,SELL,97,3,1786137004308,4224
NEW,O-4225,SELL,107,10,1786137004308,4225
NEW,O-4226,BUY,91,5,1786137004308,4226
NEW,O-4227,SELL,91,8,1786137004308,4227
NEW,O-4228,SELL,103,2,1786137004308,4228
NEW,O-4229,BUY,94,18,1786137004308,4229
NEW,O-4230,BUY,105,15,1786137004308,4230
NEW,O-4231,SELL,102,16,1786137004308,4231
NEW,O-4232,BUY,102,16,1786137004308,4232
NEW,O-4233,BUY,95,7,1786137004308,4233
NEW,O-4234,BUY,93,13,1786137004308,4234
NEW,O-4235,BUY,107,14,1786137004308,4235
NEW,O-4236,BUY,92,5,1786137004308,4236
NEW,O-4237,SELL,107,7,1786137004308,4237
NEW,O-4238,SELL,97,10,1786137004308,4238
NEW,O-4239,SELL,104,15,1786137004308,4239
NEW,O-4240,BUY,103,20,1786137004308,4240
NEW,O-4241,BUY,107,4,1786137004308,4241
NEW,O-4242,SELL,101,10,1786137004308,4242
NEW,O-4243,SELL,110,11,1786137004308,4243
NEW,O-4244,BUY,101,6,1786137004308,4244
NEW,O-4245,SELL,92,20,1786137004308,4245
NEW,O-4246,SELL,95,13,1786137004308,4246
NEW,O-4247,BUY,100,19,1786137004308,4247
NEW,O-4248,SELL,100,19,1786137004308,4248
NEW,O-4249,BUY,103,2,1786137004308,4249
NEW,O-4250,SELL,96,8,1786137004308,4250
NEW,O-4251,SELL,109,10,1786137004308,4251
NEW,O-4252,BUY,101,14,1786137004308,4252
NEW,O-4253,BUY,103,15,1786137004308,4253
NEW,O-4254,SELL,108,12,1786137004308,4254
NEW,O-4255,SELL,99,16,1786137004308,4255
NEW,O-4256,BUY,104,3,1786137004308,4256
NEW,O-4257,BUY,94,18,1786137004308,4257
NEW,O-4258,SELL,97,20,1786137004308,4258
NEW,O-4259,SELL,109,16,1786137004308,4259
NEW,O-4260,BUY,95,4,1786137004308,4260
NEW,O-4261,SELL,91,4,1786137004308,4261
NEW,O-4262,BUY,106,8,1786137004308,4262
NEW,O-4263,SELL,97,19,1786137004308,4263
NEW,O-4264,SELL,102,5,1786137004308,4264
NEW,O-4265,BUY,108,4,1786137004308,4265
NEW,O-4266,SELL,103,14,1786137004308,4266
NEW,O-4267,SELL,90,6,1786137004308,4267
NEW,O-4268,SELL,104,6,1786137004308,4268
NEW,O-4269,SELL,90,17,1786137004308,4269
NEW,O-4270,BUY,108,14,1786137004308,4270
NEW,O-4271,BUY,109,2,1786137004308,4271
NEW,O-4272,SELL,103,19,1786137004308,4272
NEW,O-4273,BUY,94,4,1786137004308,4273
NEW,O-4274,BUY,92,14,1786137004308,4274
NEW,O-4275,BUY,101,7,1786137004308,4275
NEW,O-4276,SELL,93,18,1786137004308,4276
NEW,O-4277,SELL,110,10,1786137004308,4277
NEW,O-4278,SELL,91,15,1786137004308,4278
NEW,O-4279,SELL,99,8,1786137004308,4279
NEW,O-4280,SELL,105,11,1786137004308,4280
NEW,O-4281,SELL,108,5,1786137004308,4281
NEW,O-4282,BUY,104,10,1786137004308,4282
NEW,O-4283,SELL,91,14,1786137004308,4283
NEW,O-4284,BUY,108,17,1786137004308,4284
NEW,O-4285,BUY,93,20,1786137004309,4285
NEW,O-4286,BUY,106,1,1786137004309,4286
NEW,O-4287,BUY,102,5,1786137004309,4287
NEW,O-4288,BUY,95,3,1786137004309,4288
NEW,O-4289,BUY,94,14,1786137004309,4289
NEW,O-4290,BUY,102,9,1786137004309,4290
NEW,O-4291,SELL,93,17,1786137004309,4291
NEW,O-4292,BUY,110,3,1786137004309,4292
NEW,O-4293,BUY,91,2,1786137004309,4293
NEW,O-4294,SELL,110,1,1786137004309,4294
NEW,O-4295,SELL,109,19,1786137004309,4295
NEW,O-4296,BUY,98,11,1786137004309,4296
NEW,O-4297,BUY,101,17,1786137004309,4297
NEW,O-4298,SELL,102,14,1786137004309,4298
NEW,O-4299,BUY,108,18,1786137004309,4299
NEW,O-4300,SELL,106,17,1786137004309,4300
NEW,O-4301,SELL,110,8,1786137004309,4301
NEW,O-4302,SELL,104,11,1786137004309,4302
NEW,O-4303,BUY,104,5,1786137004309,4303
NEW,O-4304,BUY,90,19,1786137004309,4304
NEW,O-4305,BUY,101,18,1786137004309,4305
NEW,O-4306,BUY,96,8,1786137004309,4306
NEW,O-4307,SELL,106,18,1786137004309,4307
NEW,O-4308,BUY,99,12,1786137004309,4308
NEW,O-4309,BUY,102,17,1786137004309,4309
NEW,O-4310,SELL,110,15,1786137004309,4310
NEW,O-4311,SELL,92,13,1786137004309,4311
NEW,O-4312,SELL,100,4,1786137004309,4312
NEW,O-4313,BUY,95,2,1786137004309,4313
NEW,O-4314,SELL,110,8,1786137004309,4314
NEW,O-4315,SELL,95,17,1786137004309,4315
NEW,O-4316,SELL,90,18,1786137004309,4316
NEW,O-4317,SELL,102,14,1786137004309,4317
NEW,O-4318,SELL,103,8,1786137004309,4318
NEW,O-4319,SELL,96,8,1786137004309,4319
NEW,O-4320,SELL,109,5,1786137004309,4320
NEW,O-4321,BUY,110,11,1786137004309,4321
NEW,O-4322,BUY,98,1,1786137004309,4322
NEW,O-4323,SELL,101,11,1786137004309,4323
NEW,O-4324,SELL,95,1,1786137004309,4324
NEW,O-4325,BUY,97,17,1786137004309,4325
NEW,O-4326,SELL,108,19,1786137004309,4326
NEW,O-4328,SELL,97,13,1786137004309,4328
NEW,O-4327,SELL,107,13,1786137004309,4327
NEW,O-4329,BUY,97,17,1786137004309,4329
NEW,O-4330,BUY,94,7,1786137004309,4330
NEW,O-4331,BUY,101,16,1786137004309,4331
NEW,O-4332,BUY,104,15,1786137004309,4332
NEW,O-4333,SELL,92,2,1786137004309,4333
NEW,O-4334,BUY,95,12,1786137004309,4334
NEW,O-4335,BUY,107,13,1786137004309,4335
NEW,O-4336,BUY,101,19,1786137004309,4336
NEW,O-4337,BUY,96,8,1786137004309,4337
NEW,O-4338,BUY,101,15,1786137004309,4338
NEW,O-4339,BUY,110,9,1786137004309,4339
NEW,O-4340,BUY,100,20,1786137004309,4340
NEW,O-4341,BUY,97,9,1786137004309,4341
NEW,O-4342,SELL,90,8,1786137004309,4342
NEW,O-4343,BUY,104,17,1786137004309,4343
NEW,O-4344,BUY,91,2,1786137004309,4344
NEW,O-4345,SELL,98,15,1786137004309,4345
NEW,O-4346,SELL,98,2,1786137004309,4346
NEW,O-4347,SELL,103,4,1786137004309,4347
NEW,O-4348,BUY,98,10,1786137004309,4348
NEW,O-4349,BUY,104,10,1786137004309,4349
NEW,O-4350,SELL,106,16,1786137004309,4350
NEW,O-4351,BUY,95,4,1786137004309,4351
NEW,O-4352,BUY,95,4,1786137004309,4352
NEW,O-4353,BUY,104,6,1786137004309,4353
NEW,O-4354,SELL,94,10,1786137004309,4354
NEW,O-4355,SELL,106,19,1786137004309,4355
NEW,O-4356,SELL,93,17,1786137004309,4356
NEW,O-4357,BUY,110,10,1786137004309,4357
NEW,O-4358,BUY,105,8,1786137004309,4358
NEW,O-4359,SELL,104,12,1786137004309,4359
NEW,O-4360,BUY,90,19,1786137004309,4360
NEW,O-4361,BUY,105,18,1786137004309,4361
NEW,O-4362,BUY,100,18,1786137004309,4362
NEW,O-4363,BUY,90,6,1786137004309,4363
NEW,O-4365,SELL,104,14,1786137004309,4365
NEW,O-4364,SELL,93,3,1786137004309,4364
NEW,O-4366,BUY,106,6,1786137004309,4366
NEW,O-4367,SELL,109,3,1786137004309,4367
NEW,O-4368,SELL,108,20,1786137004309,4368
NEW,O-4369,SELL,110,19,1786137004309,4369
NEW,O-4370,SELL,106,17,1786137004309,4370
NEW,O-4371,SELL,102,5,1786137004309,4371
NEW,O-4372,SELL,95,16,1786137004309,4372
NEW,O-4373,BUY,101,17,1786137004309,4373
NEW,O-4374,SELL,97,17,1786137004309,4374
NEW,O-4375,SELL,97,13,1786137004309,4375
NEW,O-4376,BUY,103,14,1786137004309,4376
NEW,O-4377,BUY,101,3,1786137004309,4377
NEW,O-4378,SELL,100,3,1786137004309,4378
NEW,O-4379,SELL,100,1,1786137004309,4379
NEW,O-4380,SELL,91,1,1786137004309,4380
NEW,O-4381,SELL,102,15,1786137004309,4381
NEW,O-4382,BUY,90,16,1786137004309,4382
NEW,O-4383,BUY,109,15,1786137004309,4383
NEW,O-4384,SELL,97,18,1786137004309,4384
NEW,O-4385,BUY,110,2,1786137004309,4385
NEW,O-4386,BUY,93,11,1786137004309,4386
NEW,O-4387,SELL,90,4,1786137004309,4387
NEW,O-4388,BUY,104,7,1786137004309,4388
NEW,O-4389,BUY,91,19,1786137004309,4389
NEW,O-4390,BUY,93,12,1786137004309,4390
NEW,O-4391,BUY,97,15,1786137004309,4391
NEW,O-4392,SELL,109,8,1786137004309,4392
NEW,O-4393,BUY,94,4,1786137004309,4393
NEW,O-4394,BUY,109,4,1786137004309,4394
NEW,O-4395,SELL,107,16,1786137004309,4395
NEW,O-4396,SELL,107,2,1786137004310,4396
NEW,O-4397,SELL,109,6,1786137004310,4397
NEW,O-4398,SELL,95,12,1786137004310,4398
NEW,O-4399,SELL,110,20,1786137004310,4399
NEW,O-4400,SELL,100,12,1786137004310,4400
NEW,O-4401,SELL,95,11,1786137004310,4401
NEW,O-4402,BUY,100,7,1786137004310,4402
NEW,O-4403,SELL,110,5,1786137004310,4403
NEW,O-4404,BUY,102,5,1786137004310,4404
NEW,O-4405,BUY,108,4,1786137004310,4405
NEW,O-4406,BUY,96,2,1786137004310,4406
NEW,O-4407,SELL,92,10,1786137004310,4407
NEW,O-4408,BUY,98,6,1786137004310,4408
NEW,O-4409,BUY,97,15,1786137004310,4409
NEW,O-4410,BUY,100,1,1786137004310,4410
NEW,O-4411,BUY,109,10,1786137004310,4411
NEW,O-4412,BUY,106,17,1786137004310,4412
NEW,O-4413,SELL,93,18,1786137004310,4413
NEW,O-4414,BUY,105,19,1786137004310,4414
NEW,O-4415,BUY,102,14,1786137004310,4415
NEW,O-4416,BUY,109,9,1786137004310,4416
NEW,O-4417,SELL,97,14,1786137004310,4417
NEW,O-4418,BUY,106,14,1786137004310,4418
NEW,O-4419,SELL,108,20,1786137004310,4419
NEW,O-4420,BUY,91,9,1786137004310,4420
NEW,O-4421,SELL,94,8,1786137004310,4421
NEW,O-4422,SELL,107,4,1786137004310,4422
NEW,O-4423,SELL,108,9,1786137004310,4423
NEW,O-4424,BUY,90,15,1786137004310,4424
NEW,O-4425,BUY,96,10,1786137004310,4425
NEW,O-4426,BUY,92,9,1786137004310,4426
NEW,O-4427,BUY,110,9,1786137004310,4427
NEW,O-4428,BUY,90,5,1786137004310,4428
NEW,O-4429,BUY,90,1,1786137004310,4429
NEW,O-4430,SELL,95,6,1786137004310,4430
NEW,O-4431,BUY,107,5,1786137004310,4431
NEW,O-4432,SELL,101,14,1786137004310,4432
NEW,O-4433,BUY,104,11,1786137004310,4433
NEW,O-4434,BUY,107,10,1786137004310,4434
NEW,O-4436,SELL,102,1,1786137004310,4436
NEW,O-4435,SELL,98,11,1786137004310,4435
NEW,O-4437,BUY,97,17,1786137004310,4437
NEW,O-4438,BUY,96,18,1786137004310,4438
NEW,O-4439,SELL,92,5,1786137004310,4439
NEW,O-4440,SELL,94,9,1786137004310,4440
NEW,O-4441,BUY,104,18,1786137004310,4441
NEW,O-4442,SELL,103,8,1786137004310,4442
NEW,O-4443,SELL,90,11,1786137004310,4443
NEW,O-4444,SELL,108,17,1786137004310,4444
NEW,O-4445,BUY,107,9,1786137004310,4445
NEW,O-4446,BUY,94,2,1786137004310,4446
NEW,O-4447,SELL,104,7,1786137004310,4447
NEW,O-4448,BUY,90,1,1786137004310,4448
NEW,O-4449,BUY,102,20,1786137004310,4449
NEW,O-4450,BUY,100,13,1786137004311,4450
NEW,O-4451,SELL,103,2,1786137004311,4451
NEW,O-4453,BUY,103,14,1786137004311,4453
NEW,O-4452,BUY,110,15,1786137004311,4452
NEW,O-4454,BUY,99,1,1786137004311,4454
NEW,O-4455,BUY,96,11,1786137004311,4455
NEW,O-4456,BUY,106,12,1786137004311,4456
NEW,O-4457,BUY,103,10,1786137004311,4457
NEW,O-4458,BUY,102,15,1786137004311,4458
NEW,O-4459,SELL,91,19,1786137004311,4459
NEW,O-4460,BUY,95,5,1786137004311,4460
NEW,O-4461,BUY,108,17,1786137004311,4461
NEW,O-4462,BUY,99,20,1786137004311,4462
NEW,O-4463,BUY,92,7,1786137004311,4463
NEW,O-4464,BUY,110,10,1786137004311,4464
NEW,O-4465,SELL,91,18,1786137004311,4465
NEW,O-4466,SELL,90,19,1786137004311,4466
NEW,O-4467,BUY,103,7,1786137004311,4467
NEW,O-4468,BUY,102,7,1786137004311,4468
NEW,O-4469,SELL,96,18,1786137004311,4469
NEW,O-4470,BUY,97,9,1786137004311,4470
NEW,O-4471,SELL,108,19,1786137004311,4471
NEW,O-4472,SELL,97,8,1786137004311,4472
NEW,O-4473,SELL,92,16,1786137004311,4473
NEW,O-4474,BUY,110,13,1786137004311,4474
NEW,O-4475,BUY,99,9,1786137004311,4475
NEW,O-4476,BUY,108,15,1786137004311,4476
NEW,O-4477,BUY,100,16,1786137004311,4477
NEW,O-4478,BUY,100,12,1786137004311,4478
NEW,O-4479,SELL,94,6,1786137004311,4479
NEW,O-4480,BUY,98,9,1786137004311,4480
NEW,O-4481,BUY,108,4,1786137004311,4481
NEW,O-4482,BUY,91,11,1786137004311,4482
NEW,O-4483,SELL,94,2,1786137004311,4483
NEW,O-4484,SELL,93,15,1786137004311,4484
NEW,O-4485,BUY,106,14,1786137004311,4485
NEW,O-4486,SELL,100,3,1786137004311,4486
NEW,O-4487,BUY,90,1,1786137004311,4487
NEW,O-4488,SELL,104,4,1786137004311,4488
NEW,O-4489,BUY,102,12,1786137004311,4489
NEW,O-4490,BUY,95,13,1786137004311,4490
NEW,O-4491,BUY,104,10,1786137004311,4491
NEW,O-4492,SELL,94,10,1786137004311,4492
NEW,O-4493,SELL,91,5,1786137004311,4493
NEW,O-4494,BUY,109,20,1786137004311,4494
NEW,O-4495,BUY,105,1,1786137004311,4495
NEW,O-4496,SELL,99,15,1786137004311,4496
NEW,O-4497,SELL,98,6,1786137004311,4497
NEW,O-4498,SELL,92,18,1786137004311,4498
NEW,O-4499,SELL,94,6,1786137004311,4499
NEW,O-4500,SELL,101,15,1786137004311,4500
NEW,O-4501,SELL,94,10,1786137004311,4501
NEW,O-4502,BUY,90,18,1786137004311,4502
NEW,O-4503,BUY,92,15,1786137004311,4503
NEW,O-4504,SELL,106,1,1786137004311,4504
NEW,O-4505,BUY,104,3,1786137004311,4505
NEW,O-4506,BUY,92,7,1786137004311,4506
NEW,O-4507,SELL,104,2,1786137004311,4507
NEW,O-4508,SELL,109,19,1786137004311,4508
NEW,O-4509,SELL,92,1,1786137004311,4509
NEW,O-4510,BUY,91,2,1786137004311,4510
NEW,O-4511,BUY,99,2,1786137004311,4511
NEW,O-4512,SELL,91,9,1786137004311,4512
NEW,O-4513,BUY,94,9,1786137004311,4513
NEW,O-4514,BUY,97,7,1786137004311,4514
NEW,O-4515,BUY,106,5,1786137004311,4515
NEW,O-4516,BUY,103,5,1786137004311,4516
NEW,O-4517,SELL,91,4,1786137004311,4517
NEW,O-4518,BUY,103,13,1786137004311,4518
NEW,O-4519,SELL,110,11,1786137004311,4519
NEW,O-4520,BUY,106,14,1786137004311,4520
NEW,O-4521,SELL,91,4,1786137004311,4521
NEW,O-4522,SELL,96,4,1786137004311,4522
NEW,O-4523,BUY,100,19,1786137004311,4523
NEW,O-4524,BUY,108,7,1786137004311,4524
NEW,O-4525,BUY,103,9,1786137004311,4525
NEW,O-4526,BUY,101,9,1786137004311,4526
NEW,O-4527,SELL,94,17,1786137004311,4527
NEW,O-4528,SELL,93,12,1786137004311,4528
NEW,O-4529,SELL,100,12,1786137004312,4529
NEW,O-4530,SELL,107,8,1786137004312,4530
NEW,O-4531,SELL,92,10,1786137004312,4531
NEW,O-4532,SELL,100,17,1786137004312,4532
NEW,O-4533,SELL,98,9,1786137004312,4533
NEW,O-4534,SELL,102,16,1786137004312,4534
NEW,O-4535,BUY,104,7,1786137004312,4535
NEW,O-4536,SELL,99,13,1786137004312,4536
NEW,O-4537,SELL,101,20,1786137004312,4537
NEW,O-4538,BUY,94,18,1786137004312,4538
NEW,O-4539,BUY,98,20,1786137004312,4539
NEW,O-4540,SELL,108,14,1786137004312,4540
NEW,O-4541,BUY,95,2,1786137004312,4541
NEW,O-4542,SELL,105,20,1786137004312,4542
NEW,O-4543,BUY,106,11,1786137004312,4543
NEW,O-4544,SELL,106,2,1786137004312,4544
NEW,O-4545,BUY,108,16,1786137004312,4545
NEW,O-4546,BUY,106,8,1786137004312,4546
NEW,O-4547,SELL,101,5,1786137004312,4547
NEW,O-4548,BUY,96,10,1786137004312,4548
NEW,O-4549,BUY,102,9,1786137004312,4549
NEW,O-4550,SELL,104,5,1786137004312,4550
NEW,O-4551,BUY,100,20,1786137004312,4551
NEW,O-4552,BUY,95,2,1786137004312,4552
NEW,O-4553,BUY,97,10,1786137004312,4553
NEW,O-4554,SELL,104,4,1786137004312,4554
NEW,O-4555,BUY,98,10,1786137004312,4555
NEW,O-4556,BUY,96,3,1786137004312,4556
NEW,O-4557,BUY,105,12,1786137004312,4557
NEW,O-4558,SELL,106,14,1786137004312,4558
NEW,O-4559,SELL,97,5,1786137004312,4559
NEW,O-4560,SELL,104,10,1786137004312,4560
NEW,O-4561,BUY,91,11,1786137004312,4561
NEW,O-4562,BUY,96,8,1786137004312,4562
NEW,O-4563,SELL,102,16,1786137004312,4563
NEW,O-4564,SELL,95,14,1786137004312,4564
NEW,O-4565,SELL,90,15,1786137004312,4565
NEW,O-4566,SELL,104,17,1786137004312,4566
NEW,O-4567,SELL,105,12,1786137004312,4567
NEW,O-4568,BUY,92,17,1786137004312,4568
NEW,O-4569,SELL,98,7,1786137004312,4569
NEW,O-4570,SELL,106,4,1786137004312,4570
NEW,O-4571,BUY,90,19,1786137004312,4571
NEW,O-4572,BUY,101,13,1786137004312,4572
NEW,O-4573,BUY,103,15,1786137004312,4573
NEW,O-4574,BUY,106,9,1786137004312,4574
NEW,O-4575,BUY,93,18,1786137004312,4575
NEW,O-4576,BUY,94,19,1786137004312,4576
NEW,O-4577,SELL,107,17,1786137004312,4577
NEW,O-4578,BUY,103,5,1786137004312,4578
NEW,O-4579,BUY,93,5,1786137004312,4579
NEW,O-4581,SELL,106,14,1786137004312,4581
NEW,O-4580,BUY,91,1,1786137004312,4580
NEW,O-4582,SELL,93,14,1786137004312,4582
NEW,O-4583,SELL,101,6,1786137004312,4583
NEW,O-4584,SELL,110,19,1786137004312,4584
NEW,O-4585,BUY,95,20,1786137004312,4585
NEW,O-4586,SELL,99,5,1786137004312,4586
NEW,O-4587,SELL,94,18,1786137004313,4587
NEW,O-4589,SELL,99,3,1786137004313,4589
NEW,O-4588,SELL,109,17,1786137004313,4588
NEW,O-4590,BUY,103,3,1786137004313,4590
NEW,O-4591,BUY,95,7,1786137004313,4591
NEW,O-4592,BUY,94,17,1786137004313,4592
NEW,O-4593,SELL,104,8,1786137004313,4593
NEW,O-4594,BUY,100,17,1786137004313,4594
NEW,O-4595,BUY,95,4,1786137004313,4595
NEW,O-4596,SELL,90,10,1786137004313,4596
NEW,O-4597,BUY,110,13,1786137004313,4597
NEW,O-4598,SELL,100,11,1786137004313,4598
NEW,O-4599,BUY,110,6,1786137004313,4599
NEW,O-4600,BUY,92,2,1786137004313,4600
NEW,O-4601,BUY,100,10,1786137004313,4601
NEW,O-4602,SELL,91,15,1786137004313,4602
NEW,O-4603,SELL,96,5,1786137004313,4603
NEW,O-4604,BUY,92,12,1786137004313,4604
NEW,O-4605,SELL,95,14,1786137004313,4605
NEW,O-4606,BUY,110,8,1786137004313,4606
NEW,O-4607,BUY,106,3,1786137004313,4607
NEW,O-4608,SELL,108,18,1786137004313,4608
NEW,O-4609,BUY,102,1,1786137004313,4609
NEW,O-4610,SELL,105,16,1786137004313,4610
NEW,O-4611,BUY,90,6,1786137004313,4611
NEW,O-4612,BUY,103,17,1786137004313,4612
NEW,O-4613,BUY,96,11,1786137004313,4613
NEW,O-4614,SELL,105,20,1786137004313,4614
NEW,O-4615,BUY,106,15,1786137004313,4615
NEW,O-4616,SELL,90,12,1786137004313,4616
NEW,O-4617,SELL,104,19,1786137004313,4617
NEW,O-4618,SELL,102,2,1786137004313,4618
NEW,O-4619,BUY,102,14,1786137004313,4619
NEW,O-4621,BUY,97,5,1786137004313,4621
NEW,O-4620,SELL,98,3,1786137004313,4620
NEW,O-4622,BUY,95,5,1786137004313,4622
NEW,O-4623,BUY,93,13,1786137004313,4623
NEW,O-4624,BUY,101,18,1786137004313,4624
NEW,O-4625,SELL,97,18,1786137004313,4625
NEW,O-4626,SELL,101,16,1786137004313,4626
NEW,O-4627,SELL,97,4,1786137004313,4627
NEW,O-4629,SELL,91,17,1786137004313,4629
NEW,O-4628,SELL,102,17,1786137004313,4628
NEW,O-4630,BUY,106,13,1786137004313,4630
NEW,O-4631,SELL,95,5,1786137004313,4631
NEW,O-4632,SELL,101,4,1786137004313,4632
NEW,O-4633,BUY,107,7,1786137004313,4633
NEW,O-4634,SELL,104,16,1786137004313,4634
NEW,O-4635,BUY,96,6,1786137004313,4635
NEW,O-4636,BUY,109,11,1786137004313,4636
NEW,O-4637,BUY,99,10,1786137004313,4637
NEW,O-4638,BUY,93,17,1786137004313,4638
NEW,O-4639,SELL,91,1,1786137004313,4639
NEW,O-4640,SELL,93,16,1786137004313,4640
NEW,O-4641,SELL,94,10,1786137004313,4641
NEW,O-4642,SELL,100,14,1786137004313,4642
NEW,O-4643,BUY,105,20,1786137004313,4643
NEW,O-4644,SELL,108,18,1786137004313,4644
NEW,O-4645,BUY,91,20,1786137004313,4645
NEW,O-4646,BUY,98,4,1786137004313,4646
NEW,O-4647,BUY,97,2,1786137004313,4647
NEW,O-4648,SELL,101,17,1786137004313,4648
NEW,O-4649,BUY,93,17,1786137004313,4649
NEW,O-4650,SELL,97,10,1786137004313,4650
NEW,O-4651,BUY,107,7,1786137004313,4651
NEW,O-4652,SELL,90,5,1786137004313,4652
NEW,O-4653,BUY,96,7,1786137004313,4653
NEW,O-4654,SELL,100,14,1786137004313,4654
NEW,O-4655,SELL,101,12,1786137004313,4655
NEW,O-4656,SELL,94,5,1786137004313,4656
NEW,O-4657,SELL,92,4,1786137004313,4657
NEW,O-4658,BUY,102,7,1786137004313,4658
NEW,O-4659,BUY,106,18,1786137004313,4659
NEW,O-4660,BUY,98,10,1786137004313,4660
NEW,O-4661,SELL,91,1,1786137004313,4661
NEW,O-4662,BUY,108,16,1786137004313,4662
NEW,O-4663,BUY,93,10,1786137004313,4663
NEW,O-4664,SELL,100,11,1786137004313,4664
NEW,O-4665,SELL,95,15,1786137004313,4665
NEW,O-4666,SELL,94,13,1786137004313,4666
NEW,O-4667,BUY,99,11,1786137004313,4667
NEW,O-4668,SELL,105,2,1786137004313,4668
NEW,O-4669,SELL,107,10,1786137004313,4669
NEW,O-4670,BUY,96,18,1786137004313,4670
NEW,O-4671,SELL,92,17,1786137004313,4671
NEW,O-4672,BUY,91,10,1786137004313,4672
NEW,O-4673,BUY,91,15,1786137004313,4673
NEW,O-4674,SELL,106,1,1786137004313,4674
NEW,O-4675,SELL,93,20,1786137004313,4675
NEW,O-4676,SELL,110,2,1786137004313,4676
NEW,O-4677,BUY,97,16,1786137004313,4677
NEW,O-4678,SELL,93,3,1786137004313,4678
NEW,O-4679,BUY,96,12,1786137004313,4679
NEW,O-4680,SELL,95,12,1786137004313,4680
NEW,O-4681,BUY,100,2,1786137004313,4681
NEW,O-4682,BUY,95,20,1786137004313,4682
NEW,O-4683,SELL,90,10,1786137004313,4683
NEW,O-4684,BUY,100,3,1786137004313,4684
NEW,O-4685,SELL,104,15,1786137004313,4685
NEW,O-4686,SELL,110,1,1786137004313,4686
NEW,O-4687,SELL,102,12,1786137004313,4687
NEW,O-4688,SELL,109,3,1786137004313,4688
NEW,O-4689,BUY,101,3,1786137004313,4689
NEW,O-4690,SELL,108,9,1786137004313,4690
NEW,O-4691,SELL,90,10,1786137004313,4691
NEW,O-4692,BUY,109,9,1786137004314,4692
NEW,O-4693,BUY,103,10,1786137004314,4693
NEW,O-4694,SELL,90,12,1786137004314,4694
NEW,O-4695,SELL,107,9,1786137004314,4695
NEW,O-4696,BUY,106,17,1786137004314,4696
NEW,O-4697,BUY,103,9,1786137004314,4697
NEW,O-4698,SELL,106,14,1786137004314,4698
NEW,O-4699,BUY,90,20,1786137004314,4699
NEW,O-4700,BUY,97,11,1786137004314,4700
NEW,O-4701,BUY,104,5,1786137004314,4701
NEW,O-4702,SELL,95,17,1786137004314,4702
NEW,O-4703,SELL,109,3,1786137004314,4703
NEW,O-4704,BUY,108,14,1786137004314,4704
NEW,O-4705,BUY,103,20,1786137004314,4705
NEW,O-4706,BUY,101,11,1786137004314,4706
NEW,O-4707,SELL,90,17,1786137004314,4707
NEW,O-4708,BUY,99,4,1786137004314,4708
NEW,O-4709,SELL,106,13,1786137004314,4709
NEW,O-4710,SELL,95,10,1786137004314,4710
NEW,O-4711,BUY,98,18,1786137004314,4711
NEW,O-4712,SELL,94,4,1786137004314,4712
NEW,O-4713,SELL,110,6,1786137004314,4713
NEW,O-4714,SELL,103,6,1786137004314,4714
NEW,O-4715,BUY,108,16,1786137004314,4715
NEW,O-4716,BUY,93,14,1786137004314,4716
NEW,O-4717,BUY,96,7,1786137004314,4717
NEW,O-4718,SELL,101,14,1786137004314,4718
NEW,O-4719,SELL,110,13,1786137004314,4719
NEW,O-4720,SELL,101,19,1786137004314,4720
NEW,O-4721,SELL,105,15,1786137004314,4721
NEW,O-4722,SELL,100,14,1786137004314,4722
NEW,O-4723,SELL,109,13,1786137004314,4723
NEW,O-4724,BUY,103,11,1786137004314,4724
NEW,O-4725,BUY,95,3,1786137004314,4725
NEW,O-4726,SELL,90,1,1786137004314,4726
NEW,O-4727,BUY,92,7,1786137004314,4727
NEW,O-4728,BUY,97,20,1786137004314,4728
NEW,O-4729,BUY,105,10,1786137004314,4729
NEW,O-4730,SELL,105,20,1786137004314,4730
NEW,O-4731,BUY,104,20,1786137004314,4731
NEW,O-4732,BUY,108,10,1786137004314,4732
NEW,O-4733,SELL,101,13,1786137004314,4733
NEW,O-4734,SELL,110,17,1786137004314,4734
NEW,O-4735,SELL,110,13,1786137004314,4735
NEW,O-4736,SELL,91,8,1786137004314,4736
NEW,O-4737,BUY,103,3,1786137004314,4737
NEW,O-4738,SELL,100,7,1786137004314,4738
NEW,O-4739,BUY,102,16,1786137004314,4739
NEW,O-4740,SELL,107,3,1786137004314,4740
NEW,O-4741,SELL,101,16,1786137004314,4741
NEW,O-4742,BUY,106,17,1786137004314,4742
NEW,O-4743,BUY,108,14,1786137004314,4743
NEW,O-4744,SELL,95,18,1786137004314,4744
NEW,O-4745,BUY,101,14,1786137004314,4745
NEW,O-4746,BUY,104,11,1786137004314,4746
NEW,O-4747,SELL,91,4,1786137004314,4747
NEW,O-4748,SELL,110,13,1786137004314,4748
NEW,O-4749,BUY,101,14,1786137004314,4749
NEW,O-4750,BUY,91,1,1786137004314,4750
NEW,O-4751,BUY,102,18,1786137004314,4751
NEW,O-4752,SELL,91,15,1786137004314,4752
NEW,O-4753,BUY,105,10,1786137004314,4753
NEW,O-4754,SELL,107,12,1786137004314,4754
NEW,O-4755,BUY,90,3,1786137004314,4755
NEW,O-4756,BUY,104,16,1786137004314,4756
NEW,O-4757,SELL,91,19,1786137004314,4757
NEW,O-4758,BUY,102,2,1786137004314,4758
NEW,O-4759,BUY,100,9,1786137004314,4759
NEW,O-4760,BUY,93,10,1786137004314,4760
NEW,O-4761,SELL,110,12,1786137004314,4761
NEW,O-4762,BUY,110,6,1786137004314,4762
NEW,O-4763,BUY,110,5,1786137004314,4763
NEW,O-4764,SELL,90,4,1786137004314,4764
NEW,O-4765,SELL,90,12,1786137004314,4765
NEW,O-4766,BUY,92,2,1786137004314,4766
NEW,O-4767,SELL,106,14,1786137004314,4767
NEW,O-4768,BUY,91,11,1786137004314,4768
NEW,O-4769,SELL,98,3,1786137004314,4769
NEW,O-4770,SELL,108,3,1786137004314,4770
NEW,O-4771,BUY,103,1,1786137004314,4771
NEW,O-4772,SELL,110,2,1786137004314,4772
NEW,O-4773,SELL,109,10,1786137004315,4773
NEW,O-4774,SELL,98,4,1786137004315,4774
NEW,O-4775,SELL,100,7,1786137004315,4775
NEW,O-4776,SELL,96,15,1786137004315,4776
NEW,O-4777,SELL,103,13,1786137004315,4777
NEW,O-4778,BUY,96,17,1786137004315,4778
NEW,O-4779,BUY,94,1,1786137004315,4779
NEW,O-4780,BUY,90,10,1786137004315,4780
NEW,O-4781,BUY,99,9,1786137004315,4781
NEW,O-4782,BUY,95,3,1786137004315,4782
NEW,O-4783,SELL,105,19,1786137004315,4783
NEW,O-4784,BUY,100,12,1786137004315,4784
NEW,O-4785,SELL,102,17,1786137004315,4785
NEW,O-4786,BUY,103,2,1786137004315,4786
NEW,O-4787,BUY,91,10,1786137004315,4787
NEW,O-4788,SELL,103,10,1786137004315,4788
NEW,O-4789,BUY,92,1,1786137004315,4789
NEW,O-4790,BUY,93,7,1786137004315,4790
NEW,O-4791,BUY,96,19,1786137004315,4791
NEW,O-4792,SELL,107,2,1786137004315,4792
NEW,O-4793,SELL,102,20,1786137004315,4793
NEW,O-4794,SELL,92,14,1786137004315,4794
NEW,O-4795,SELL,93,9,1786137004315,4795
NEW,O-4796,BUY,97,12,1786137004315,4796
NEW,O-4797,BUY,104,8,1786137004315,4797
NEW,O-4798,BUY,105,11,1786137004315,4798
NEW,O-4799,BUY,108,1,1786137004315,4799
NEW,O-4800,BUY,98,5,1786137004315,4800
NEW,O-4801,BUY,104,13,1786137004315,4801
NEW,O-4802,BUY,108,9,1786137004315,4802
NEW,O-4803,SELL,110,13,1786137004315,4803
NEW,O-4804,SELL,102,17,1786137004315,4804
NEW,O-4805,BUY,107,11,1786137004315,4805
NEW,O-4806,SELL,103,16,1786137004315,4806
NEW,O-4807,BUY,99,16,1786137004315,4807
NEW,O-4808,SELL,110,4,1786137004315,4808
NEW,O-4809,BUY,90,15,1786137004315,4809
NEW,O-4810,SELL,98,15,1786137004315,4810
NEW,O-4811,SELL,106,4,1786137004315,4811
NEW,O-4812,BUY,90,3,1786137004315,4812
NEW,O-4813,BUY,104,15,1786137004315,4813
NEW,O-4814,SELL,91,11,1786137004315,4814
NEW,O-4815,BUY,106,15,1786137004315,4815
NEW,O-4816,SELL,108,19,1786137004315,4816
NEW,O-4817,BUY,90,4,1786137004315,4817
NEW,O-4818,BUY,108,13,1786137004315,4818
NEW,O-4819,SELL,104,18,1786137004316,4819
NEW,O-4820,SELL,94,17,1786137004316,4820
NEW,O-4821,BUY,109,10,1786137004316,4821
NEW,O-4822,BUY,97,3,1786137004316,4822
NEW,O-4823,SELL,101,6,1786137004316,4823
NEW,O-4824,BUY,94,7,1786137004316,4824
NEW,O-4825,BUY,104,1,1786137004316,4825
NEW,O-4826,SELL,94,8,1786137004316,4826
NEW,O-4827,SELL,94,14,1786137004316,4827
NEW,O-4828,SELL,93,17,1786137004316,4828
NEW,O-4829,BUY,90,9,1786137004316,4829
NEW,O-4830,SELL,101,11,1786137004316,4830
NEW,O-4831,BUY,110,3,1786137004316,4831
NEW,O-4832,BUY,98,13,1786137004316,4832
NEW,O-4833,SELL,96,17,1786137004316,4833
NEW,O-4834,SELL,106,14,1786137004316,4834
NEW,O-4835,SELL,100,7,1786137004316,4835
NEW,O-4836,SELL,110,11,1786137004316,4836
NEW,O-4837,BUY,109,2,1786137004316,4837
NEW,O-4838,SELL,104,7,1786137004316,4838
NEW,O-4839,BUY,93,3,1786137004316,4839
NEW,O-4840,SELL,110,7,1786137004316,4840
NEW,O-4841,SELL,92,18,1786137004316,4841
NEW,O-4842,BUY,95,16,1786137004316,4842
NEW,O-4843,BUY,103,2,1786137004316,4843
NEW,O-4844,SELL,110,5,1786137004316,4844
NEW,O-4845,SELL,96,15,1786137004316,4845
NEW,O-4846,BUY,99,7,1786137004316,4846
NEW,O-4847,SELL,106,10,1786137004316,4847
NEW,O-4848,SELL,102,1,1786137004316,4848
NEW,O-4849,BUY,95,13,1786137004316,4849
NEW,O-4850,BUY,98,2,1786137004316,4850
NEW,O-4851,SELL,103,7,1786137004316,4851
NEW,O-4852,BUY,92,15,1786137004316,4852
NEW,O-4853,BUY,95,3,1786137004316,4853
NEW,O-4854,BUY,90,13,1786137004316,4854
NEW,O-4855,SELL,110,12,1786137004316,4855
NEW,O-4856,BUY,94,8,1786137004316,4856
NEW,O-4857,BUY,103,14,1786137004316,4857
NEW,O-4858,BUY,110,19,1786137004316,4858
NEW,O-4859,BUY,107,8,1786137004316,4859
NEW,O-4860,SELL,108,10,1786137004316,4860
NEW,O-4861,SELL,102,11,1786137004316,4861
NEW,O-4862,BUY,106,14,1786137004316,4862
NEW,O-4863,BUY,94,14,1786137004316,4863
NEW,O-4864,BUY,91,7,1786137004316,4864
NEW,O-4865,BUY,101,14,1786137004316,4865
NEW,O-4866,BUY,93,9,1786137004316,4866
NEW,O-4867,SELL,102,13,1786137004316,4867
NEW,O-4868,SELL,104,19,1786137004316,4868
NEW,O-4869,SELL,100,20,1786137004316,4869
NEW,O-4870,BUY,102,17,1786137004317,4870
NEW,O-4871,SELL,91,13,1786137004317,4871
NEW,O-4872,SELL,106,17,1786137004317,4872
NEW,O-4873,SELL,95,14,1786137004317,4873
NEW,O-4874,BUY,109,3,1786137004317,4874
NEW,O-4875,BUY,104,10,1786137004317,4875
NEW,O-4876,BUY,97,14,1786137004317,4876
NEW,O-4877,BUY,100,18,1786137004317,4877
NEW,O-4878,SELL,105,11,1786137004317,4878
NEW,O-4879,BUY,109,16,1786137004317,4879
NEW,O-4880,BUY,91,17,1786137004317,4880
NEW,O-4881,BUY,96,1,1786137004317,4881
NEW,O-4882,SELL,96,6,1786137004318,4882
NEW,O-4883,SELL,99,14,1786137004318,4883
NEW,O-4884,BUY,96,20,1786137004318,4884
NEW,O-4885,BUY,108,15,1786137004318,4885
NEW,O-4886,BUY,94,7,1786137004318,4886
NEW,O-4887,BUY,102,1,1786137004318,4887
NEW,O-4888,BUY,101,3,1786137004318,4888
NEW,O-4889,BUY,95,11,1786137004318,4889
NEW,O-4890,SELL,96,1,1786137004318,4890
NEW,O-4891,SELL,105,7,1786137004318,4891
NEW,O-4892,BUY,94,11,1786137004318,4892
NEW,O-4893,SELL,93,1,1786137004318,4893
NEW,O-4894,SELL,108,6,1786137004318,4894
NEW,O-4895,BUY,103,17,1786137004318,4895
NEW,O-4896,SELL,95,15,1786137004318,4896
NEW,O-4897,SELL,91,20,1786137004319,4897
NEW,O-4898,BUY,96,3,1786137004319,4898
NEW,O-4899,BUY,90,20,1786137004319,4899
NEW,O-4900,BUY,110,14,1786137004319,4900
NEW,O-4901,SELL,97,19,1786137004319,4901
NEW,O-4903,SELL,90,16,1786137004319,4903
NEW,O-4902,BUY,102,17,1786137004319,4902
NEW,O-4904,SELL,99,18,1786137004319,4904
NEW,O-4905,BUY,94,14,1786137004319,4905
NEW,O-4906,SELL,103,1,1786137004319,4906
NEW,O-4907,BUY,109,17,1786137004319,4907
NEW,O-4908,SELL,99,20,1786137004319,4908
NEW,O-4909,BUY,102,8,1786137004319,4909
NEW,O-4910,BUY,102,3,1786137004319,4910
NEW,O-4911,SELL,109,17,1786137004319,4911
NEW,O-4912,BUY,105,4,1786137004319,4912
NEW,O-4913,SELL,91,5,1786137004319,4913
NEW,O-4914,SELL,103,14,1786137004319,4914
NEW,O-4916,SELL,107,8,1786137004319,4916
NEW,O-4915,BUY,92,10,1786137004319,4915
NEW,O-4917,SELL,95,11,1786137004319,4917
NEW,O-4918,BUY,97,19,1786137004319,4918
NEW,O-4919,BUY,100,15,1786137004319,4919
NEW,O-4920,SELL,98,9,1786137004319,4920
NEW,O-4921,SELL,92,19,1786137004319,4921
NEW,O-4922,BUY,110,8,1786137004319,4922
NEW,O-4923,SELL,109,9,1786137004319,4923
NEW,O-4924,BUY,108,4,1786137004319,4924
NEW,O-4925,BUY,109,1,1786137004319,4925
NEW,O-4926,BUY,103,10,1786137004319,4926
NEW,O-4927,BUY,98,17,1786137004319,4927
NEW,O-4928,BUY,95,12,1786137004319,4928
NEW,O-4929,SELL,101,17,1786137004319,4929
NEW,O-4930,SELL,97,1,1786137004319,4930
NEW,O-4931,SELL,97,12,1786137004319,4931
NEW,O-4932,SELL,103,5,1786137004319,4932
NEW,O-4933,SELL,110,9,1786137004320,4933
NEW,O-4934,SELL,105,17,1786137004320,4934
NEW,O-4935,SELL,91,13,1786137004320,4935
NEW,O-4936,SELL,98,15,1786137004320,4936
NEW,O-4937,BUY,91,11,1786137004320,4937
NEW,O-4938,BUY,104,14,1786137004320,4938
NEW,O-4939,SELL,97,6,1786137004320,4939
NEW,O-4940,BUY,109,5,1786137004320,4940
NEW,O-4941,SELL,100,1,1786137004320,4941
NEW,O-4942,BUY,90,8,1786137004320,4942
NEW,O-4943,SELL,93,7,1786137004320,4943
NEW,O-4944,BUY,105,9,1786137004320,4944
NEW,O-4945,SELL,100,17,1786137004320,4945
NEW,O-4946,SELL,102,1,1786137004320,4946
NEW,O-4947,BUY,92,12,1786137004320,4947
NEW,O-4948,BUY,108,7,1786137004320,4948
NEW,O-4949,BUY,93,19,1786137004320,4949
NEW,O-4950,BUY,100,15,1786137004320,4950
NEW,O-4951,SELL,103,5,1786137004320,4951
NEW,O-4952,BUY,109,19,1786137004320,4952
NEW,O-4953,SELL,106,6,1786137004320,4953
NEW,O-4954,SELL,107,4,1786137004320,4954
NEW,O-4955,SELL,108,4,1786137004320,4955
NEW,O-4956,SELL,101,7,1786137004320,4956
NEW,O-4957,BUY,110,13,1786137004320,4957
NEW,O-4958,SELL,99,14,1786137004320,4958
NEW,O-4959,SELL,99,4,1786137004320,4959
NEW,O-4960,BUY,102,3,1786137004320,4960
NEW,O-4961,SELL,97,7,1786137004320,4961
NEW,O-4962,SELL,102,10,1786137004320,4962
NEW,O-4963,SELL,95,9,1786137004320,4963
NEW,O-4964,SELL,103,14,1786137004320,4964
NEW,O-4965,BUY,106,6,1786137004320,4965
NEW,O-4966,SELL,101,2,1786137004320,4966
NEW,O-4967,SELL,95,1,1786137004320,4967
NEW,O-4968,BUY,108,10,1786137004320,4968
NEW,O-4969,BUY,96,17,1786137004320,4969
NEW,O-4970,BUY,95,9,1786137004320,4970
NEW,O-4971,BUY,106,20,1786137004320,4971
NEW,O-4972,BUY,96,1,1786137004320,4972
NEW,O-4973,SELL,103,14,1786137004320,4973
NEW,O-4974,SELL,110,13,1786137004320,4974
NEW,O-4975,SELL,102,17,1786137004320,4975
NEW,O-4976,SELL,93,9,1786137004320,4976
NEW,O-4977,BUY,90,16,1786137004320,4977
NEW,O-4978,BUY,97,16,1786137004320,4978
NEW,O-4979,SELL,93,9,1786137004320,4979
NEW,O-4980,SELL,94,10,1786137004320,4980
NEW,O-4981,SELL,92,8,1786137004320,4981
NEW,O-4982,SELL,106,14,1786137004320,4982
NEW,O-4983,SELL,104,4,1786137004320,4983
NEW,O-4984,BUY,96,20,1786137004321,4984
NEW,O-4985,BUY,109,7,1786137004321,4985
NEW,O-4986,SELL,96,15,1786137004321,4986
NEW,O-4987,SELL,91,5,1786137004321,4987
NEW,O-4988,BUY,94,12,1786137004321,4988
NEW,O-4989,BUY,107,2,1786137004321,4989
NEW,O-4990,BUY,98,2,1786137004321,4990
NEW,O-4991,BUY,102,4,1786137004321,4991
NEW,O-4992,BUY,94,6,1786137004321,4992
NEW,O-4993,SELL,95,8,1786137004321,4993
NEW,O-4994,BUY,98,10,1786137004321,4994
NEW,O-4995,SELL,107,1,1786137004321,4995
NEW,O-4996,BUY,95,16,1786137004321,4996
NEW,O-4997,BUY,109,1,1786137004321,4997
NEW,O-4998,SELL,105,13,1786137004321,4998
NEW,O-4999,BUY,109,9,1786137004321,4999
NEW,O-5000,SELL,95,8,1786137004321,5000
NEW,O-5001,SELL,103,14,1786137004321,5001
NEW,O-5005,BUY,100,4,1786140799190,5005
NEW,O-5004,SELL,90,15,1786140799190,5004
NEW,O-5007,SELL,106,2,1786140799190,5007
NEW,O-5003,SELL,95,15,1786140799190,5003
NEW,O-5009,BUY,91,6,1786140799203,5009
NEW,O-5010,SELL,94,11,1786140799203,5010
NEW,O-5011,SELL,93,16,1786140799203,5011
NEW,O-5012,BUY,94,4,1786140799203,5012
NEW,O-5013,BUY,101,6,1786140799203,5013
NEW,O-5014,SELL,108,19,1786140799203,5014
NEW,O-5015,SELL,100,8,1786140799203,5015
NEW,O-5016,BUY,97,16,1786140799203,5016
NEW,O-5018,SELL,110,11,1786140799203,5018
NEW,O-5017,SELL,92,8,1786140799203,5017
NEW,O-5019,SELL,109,17,1786140799203,5019
NEW,O-5020,BUY,108,3,1786140799203,5020
NEW,O-5008,BUY,106,15,1786140799203,5008
NEW,O-5021,SELL,91,18,1786140799203,5021
NEW,O-5022,BUY,95,11,1786140799203,5022
NEW,O-5025,BUY,92,20,1786140799203,5025
NEW,O-5006,SELL,92,7,1786140799190,5006
NEW,O-5023,SELL,109,7,1786140799203,5023
NEW,O-5027,BUY,110,16,1786140799203,5027
NEW,O-5028,SELL,90,15,1786140799203,5028
NEW,O-5029,SELL,99,12,1786140799203,5029
NEW,O-5030,BUY,101,5,1786140799203,5030
NEW,O-5024,SELL,95,10,1786140799203,5024
NEW,O-5031,BUY,90,2,1786140799203,5031
NEW,O-5033,SELL,92,18,1786140799203,5033
NEW,O-5032,SELL,91,18,1786140799203,5032
NEW,O-5034,BUY,105,16,1786140799203,5034
NEW,O-5026,BUY,95,16,1786140799203,5026
NEW,O-5035,SELL,105,6,1786140799203,5035
NEW,O-5036,SELL,92,2,1786140799203,5036
NEW,O-5039,BUY,90,16,1786140799203,5039
NEW,O-5041,BUY,104,16,1786140799203,5041
NEW,O-5040,SELL,90,1,1786140799203,5040
NEW,O-5038,BUY,94,15,1786140799203,5038
NEW,O-5037,SELL,106,12,1786140799203,5037
NEW,O-5042,BUY,102,18,1786140799203,5042
NEW,O-5043,SELL,93,6,1786140799203,5043
NEW,O-5044,SELL,104,2,1786140799203,5044
NEW,O-5045,SELL,98,7,1786140799203,5045
NEW,O-5047,SELL,106,4,1786140799203,5047
NEW,O-5048,SELL,93,7,1786140799203,5048
NEW,O-5046,SELL,100,3,1786140799203,5046
NEW,O-5049,BUY,94,12,1786140799203,5049
NEW,O-5051,SELL,93,17,1786140799203,5051
NEW,O-5050,SELL,94,7,1786140799203,5050
NEW,O-5052,BUY,90,13,1786140799203,5052
NEW,O-5053,BUY,100,7,1786140799203,5053
NEW,O-5055,SELL,90,14,1786140799203,5055
NEW,O-5054,BUY,102,5,1786140799203,5054
NEW,O-5056,BUY,109,13,1786140799203,5056
NEW,O-5058,BUY,104,17,1786140799203,5058
NEW,O-5057,BUY,97,8,1786140799203,5057
NEW,O-5059,SELL,92,14,1786140799203,5059
NEW,O-5060,SELL,94,16,1786140799203,5060
NEW,O-5061,BUY,96,4,1786140799203,5061
NEW,O-5063,BUY,107,17,1786140799203,5063
NEW,O-5064,SELL,96,16,1786140799203,5064
NEW,O-5065,SELL,103,17,1786140799203,5065
NEW,O-5066,BUY,107,15,1786140799203,5066
NEW,O-5068,SELL,93,8,1786140799203,5068
NEW,O-5069,BUY,101,5,1786140799203,5069
NEW,O-5070,BUY,105,1,1786140799203,5070
NEW,O-5062,SELL,98,18,1786140799203,5062
NEW,O-5073,BUY,96,2,1786140799203,5073
NEW,O-5074,BUY,90,7,1786140799203,5074
NEW,O-5075,SELL,90,12,1786140799203,5075
NEW,O-5076,BUY,105,16,1786140799203,5076
NEW,O-5077,SELL,106,14,1786140799203,5077
NEW,O-5078,BUY,95,9,1786140799203,5078
NEW,O-5071,SELL,95,4,1786140799203,5071
NEW,O-5079,SELL,109,6,1786140799203,5079
NEW,O-5080,SELL,90,6,1786140799203,5080
NEW,O-5081,BUY,106,6,1786140799203,5081
NEW,O-5082,SELL,109,10,1786140799203,5082
NEW,O-5083,BUY,104,17,1786140799203,5083
NEW,O-5084,SELL,110,9,1786140799203,5084
NEW,O-5085,BUY,105,20,1786140799203,5085
NEW,O-5086,BUY,96,3,1786140799203,5086
NEW,O-5067,BUY,98,19,1786140799203,5067
NEW,O-5087,BUY,108,11,1786140799203,5087
NEW,O-5089,SELL,98,14,1786140799203,5089
NEW,O-5088,BUY,97,19,1786140799203,5088
NEW,O-5090,SELL,104,8,1786140799203,5090
NEW,O-5091,SELL,109,4,1786140799203,5091
NEW,O-5092,SELL,99,4,1786140799203,5092
NEW,O-5094,SELL,105,18,1786140799203,5094
NEW,O-5095,BUY,99,15,1786140799203,5095
NEW,O-5096,SELL,101,15,1786140799203,5096
NEW,O-5097,SELL,90,10,1786140799203,5097
NEW,O-5098,BUY,99,20,1786140799203,5098
NEW,O-5093,BUY,106,18,1786140799203,5093
NEW,O-5100,BUY,104,20,1786140799203,5100
NEW,O-5101,SELL,106,13,1786140799203,5101
NEW,O-5072,BUY,95,14,1786140799203,5072
NEW,O-5102,SELL,107,6,1786140799203,5102
NEW,O-5103,SELL,94,7,1786140799203,5103
NEW,O-5104,BUY,101,11,1786140799203,5104
NEW,O-5106,SELL,104,7,1786140799203,5106
NEW,O-5107,BUY,106,13,1786140799203,5107
NEW,O-5105,SELL,91,17,1786140799203,5105
NEW,O-5108,SELL,103,19,1786140799203,5108
NEW,O-5109,BUY,101,10,1786140799203,5109
NEW,O-5110,BUY,100,2,1786140799203,5110
NEW,O-5111,SELL,102,13,1786140799203,5111
NEW,O-5113,SELL,101,20,1786140799203,5113
NEW,O-5114,BUY,94,19,1786140799203,5114
NEW,O-5112,SELL,92,7,1786140799203,5112
NEW,O-5115,BUY,109,11,1786140799203,5115
NEW,O-5116,BUY,102,2,1786140799203,5116
NEW,O-5117,BUY,109,18,1786140799203,5117
NEW,O-5118,SELL,105,15,1786140799203,5118
NEW,O-5120,BUY,92,7,1786140799203,5120
NEW,O-5121,SELL,96,4,1786140799203,5121
NEW,O-5119,SELL,94,10,1786140799203,5119
NEW,O-5122,BUY,110,16,1786140799203,5122
NEW,O-5124,BUY,102,11,1786140799203,5124
NEW,O-5099,SELL,93,7,1786140799203,5099
NEW,O-5126,BUY,91,16,1786140799203,5126
NEW,O-5125,BUY,91,11,1786140799203,5125
NEW,O-5128,SELL,108,2,1786140799203,5128
NEW,O-5127,BUY,98,6,1786140799203,5127
NEW,O-5129,SELL,99,15,1786140799203,5129
NEW,O-5130,SELL,91,12,1786140799203,5130
NEW,O-5131,SELL,101,15,1786140799203,5131
NEW,O-5132,BUY,90,2,1786140799203,5132
NEW,O-5133,BUY,97,15,1786140799203,5133
NEW,O-5135,SELL,98,15,1786140799203,5135
NEW,O-5136,SELL,100,5,1786140799203,5136
NEW,O-5137,SELL,107,19,1786140799203,5137
NEW,O-5138,BUY,94,16,1786140799203,5138
NEW,O-5123,SELL,90,13,1786140799203,5123
NEW,O-5139,SELL,100,13,1786140799203,5139
NEW,O-5140,SELL,101,6,1786140799203,5140
NEW,O-5141,SELL,94,7,1786140799203,5141
NEW,O-5142,BUY,95,6,1786140799203,5142
NEW,O-5143,BUY,108,17,1786140799203,5143
NEW,O-5145,BUY,109,19,1786140799203,5145
NEW,O-5144,BUY,103,6,1786140799203,5144
NEW,O-5146,BUY,99,16,1786140799203,5146
NEW,O-5147,BUY,101,8,1786140799203,5147
NEW,O-5148,BUY,97,17,1786140799203,5148
NEW,O-5149,SELL,100,2,1786140799203,5149
NEW,O-5150,SELL,97,5,1786140799203,5150
NEW,O-5151,SELL,96,3,1786140799203,5151
NEW,O-5153,BUY,97,11,1786140799203,5153
NEW,O-5152,SELL,90,18,1786140799203,5152
NEW,O-5155,BUY,91,9,1786140799203,5155
NEW,O-5134,SELL,99,12,1786140799203,5134
NEW,O-5156,BUY,99,11,1786140799203,5156
NEW,O-5158,BUY,97,13,1786140799203,5158
NEW,O-5157,SELL,103,7,1786140799203,5157
NEW,O-5159,SELL,99,13,1786140799203,5159
NEW,O-5160,SELL,92,16,1786140799203,5160
NEW,O-5161,SELL,93,15,1786140799203,5161
NEW,O-5162,BUY,110,11,1786140799203,5162
NEW,O-5164,BUY,99,13,1786140799203,5164
NEW,O-5165,SELL,91,1,1786140799203,5165
NEW,O-5163,BUY,93,20,1786140799203,5163
NEW,O-5166,SELL,103,3,1786140799203,5166
NEW,O-5167,SELL,100,12,1786140799203,5167
NEW,O-5168,SELL,94,8,1786140799203,5168
NEW,O-5169,SELL,93,1,1786140799203,5169
NEW,O-5170,SELL,105,4,1786140799203,5170
NEW,O-5171,BUY,101,8,1786140799203,5171
NEW,O-5173,BUY,97,17,1786140799203,5173
NEW,O-5174,BUY,102,15,1786140799203,5174
NEW,O-5176,SELL,104,10,1786140799203,5176
NEW,O-5172,SELL,93,4,1786140799203,5172
NEW,O-5154,SELL,100,9,1786140799203,5154
NEW,O-5178,BUY,107,5,1786140799203,5178
NEW,O-5180,BUY,108,14,1786140799203,5180
NEW,O-5181,BUY,104,12,1786140799203,5181
NEW,O-5179,BUY,100,13,1786140799203,5179
NEW,O-5182,SELL,94,1,1786140799203,5182
NEW,O-5183,SELL,107,7,1786140799203,5183
NEW,O-5184,BUY,100,14,1786140799203,5184
NEW,O-5185,BUY,106,18,1786140799203,5185
NEW,O-5186,SELL,103,11,1786140799203,5186
NEW,O-5188,SELL,103,10,1786140799203,5188
NEW,O-5189,SELL,96,10,1786140799203,5189
NEW,O-5187,BUY,93,20,1786140799203,5187
NEW,O-5191,BUY,103,8,1786140799203,5191
NEW,O-5190,SELL,107,18,1786140799203,5190
NEW,O-5192,BUY,106,15,1786140799203,5192
NEW,O-5193,BUY,108,19,1786140799203,5193
NEW,O-5194,SELL,96,19,1786140799203,5194
NEW,O-5195,SELL,99,18,1786140799203,5195
NEW,O-5196,BUY,100,1,1786140799203,5196
NEW,O-5198,SELL,106,11,1786140799203,5198
NEW,O-5199,BUY,94,15,1786140799203,5199
NEW,O-5175,BUY,98,5,1786140799203,5175
NEW,O-5200,SELL,94,3,1786140799203,5200
NEW,O-5201,BUY,95,19,1786140799203,5201
NEW,O-5202,BUY,103,9,1786140799203,5202
NEW,O-5203,BUY,97,17,1786140799203,5203
NEW,O-5204,BUY,93,16,1786140799203,5204
NEW,O-5206,BUY,95,18,1786140799203,5206
NEW,O-5207,SELL,106,5,1786140799203,5207
NEW,O-5205,SELL,93,17,1786140799203,5205
NEW,O-5208,BUY,95,8,1786140799203,5208
NEW,O-5209,SELL,104,4,1786140799203,5209
NEW,O-5210,SELL,93,12,1786140799203,5210
NEW,O-5211,SELL,92,4,1786140799203,5211
NEW,O-5212,SELL,104,6,1786140799203,5212
NEW,O-5213,SELL,104,19,1786140799203,5213
NEW,O-5214,BUY,109,8,1786140799203,5214
NEW,O-5215,SELL,103,3,1786140799203,5215
NEW,O-5216,SELL,93,13,1786140799203,5216
NEW,O-5217,BUY,109,8,1786140799203,5217
NEW,O-5218,BUY,98,17,1786140799203,5218
NEW,O-5220,BUY,91,10,1786140799203,5220
NEW,O-5221,BUY,109,20,1786140799203,5221
NEW,O-5219,SELL,104,8,1786140799203,5219
NEW,O-5223,BUY,106,10,1786140799203,5223
NEW,O-5222,SELL,98,11,1786140799203,5222
NEW,O-5224,BUY,103,7,1786140799203,5224
NEW,O-5225,BUY,106,19,1786140799203,5225
NEW,O-5226,SELL,109,15,1786140799203,5226
NEW,O-5227,SELL,103,3,1786140799203,5227
NEW,O-5228,BUY,102,8,1786140799203,5228
NEW,O-5229,SELL,106,9,1786140799203,5229
NEW,O-5230,BUY,96,19,1786140799203,5230
NEW,O-5232,BUY,95,7,1786140799203,5232
NEW,O-5231,BUY,93,12,1786140799203,5231
NEW,O-5234,BUY,109,20,1786140799203,5234
NEW,O-5235,BUY,99,8,1786140799203,5235
NEW,O-5177,SELL,107,7,1786140799203,5177
NEW,O-5236,SELL,107,18,1786140799203,5236
NEW,O-5237,SELL,106,9,1786140799203,5237
NEW,O-5239,SELL,100,10,1786140799203,5239
NEW,O-5238,BUY,109,12,1786140799203,5238
NEW,O-5241,BUY,96,12,1786140799203,5241
NEW,O-5240,BUY,107,14,1786140799203,5240
NEW,O-5242,BUY,109,10,1786140799203,5242
NEW,O-5243,BUY,102,10,1786140799203,5243
NEW,O-5244,SELL,99,16,1786140799203,5244
NEW,O-5245,SELL,90,11,1786140799203,5245
NEW,O-5247,BUY,101,3,1786140799203,5247
NEW,O-5248,BUY,95,6,1786140799203,5248
NEW,O-5249,SELL,90,12,1786140799203,5249
NEW,O-5246,BUY,100,18,1786140799203,5246
NEW,O-5250,BUY,92,10,1786140799203,5250
NEW,O-5251,BUY,94,2,1786140799203,5251
NEW,O-5252,BUY,91,12,1786140799203,5252
NEW,O-5253,BUY,104,19,1786140799203,5253
NEW,O-5254,BUY,100,19,1786140799203,5254
NEW,O-5255,BUY,92,1,1786140799203,5255
NEW,O-5256,SELL,108,18,1786140799203,5256
NEW,O-5257,BUY,96,12,1786140799203,5257
NEW,O-5258,SELL,101,8,1786140799203,5258
NEW,O-5259,SELL,104,3,1786140799203,5259
NEW,O-5260,SELL,103,4,1786140799203,5260
NEW,O-5261,SELL,98,20,1786140799203,5261
NEW,O-5263,BUY,95,17,1786140799203,5263
NEW,O-5262,BUY,110,19,1786140799203,5262
NEW,O-5264,SELL,95,18,1786140799203,5264
NEW,O-5265,BUY,103,17,1786140799203,5265
NEW,O-5266,SELL,90,14,1786140799203,5266
NEW,O-5267,BUY,109,8,1786140799203,5267
NEW,O-5268,BUY,90,10,1786140799203,5268
NEW,O-5269,SELL,101,4,1786140799203,5269
NEW,O-5271,SELL,110,10,1786140799203,5271
NEW,O-5272,BUY,98,5,1786140799203,5272
NEW,O-5197,BUY,98,11,1786140799203,5197
NEW,O-5273,BUY,110,5,1786140799203,5273
NEW,O-5274,SELL,96,12,1786140799203,5274
NEW,O-5275,SELL,102,10,1786140799203,5275
NEW,O-5276,SELL,105,10,1786140799203,5276
NEW,O-5277,SELL,101,17,1786140799203,5277
NEW,O-5279,BUY,110,3,1786140799203,5279
NEW,O-5280,BUY,110,16,1786140799203,5280
NEW,O-5278,SELL,106,6,1786140799203,5278
NEW,O-5233,BUY,103,3,1786140799203,5233
NEW,O-5270,SELL,110,13,1786140799203,5270
NEW,O-5284,SELL,90,20,1786140799203,5284
NEW,O-5283,BUY,101,5,1786140799203,5283
NEW,O-5285,BUY,99,10,1786140799203,5285
NEW,O-5286,SELL,105,16,1786140799203,5286
NEW,O-5287,BUY,97,18,1786140799203,5287
NEW,O-5288,BUY,103,8,1786140799203,5288
NEW,O-5289,SELL,92,10,1786140799203,5289
NEW,O-5291,SELL,93,17,1786140799203,5291
NEW,O-5290,SELL,105,13,1786140799203,5290
NEW,O-5292,SELL,95,19,1786140799203,5292
NEW,O-5293,BUY,92,13,1786140799203,5293
NEW,O-5294,BUY,90,12,1786140799203,5294
NEW,O-5296,SELL,98,2,1786140799203,5296
NEW,O-5297,SELL,92,2,1786140799203,5297
NEW,O-5295,BUY,105,19,1786140799203,5295
NEW,O-5298,SELL,92,19,1786140799203,5298
NEW,O-5299,BUY,93,4,1786140799203,5299
NEW,O-5300,SELL,93,17,1786140799203,5300
NEW,O-5301,SELL,105,20,1786140799203,5301
NEW,O-5303,BUY,104,1,1786140799203,5303
NEW,O-5304,BUY,108,10,1786140799203,5304
NEW,O-5302,SELL,105,14,1786140799203,5302
NEW,O-5305,BUY,105,20,1786140799203,5305
NEW,O-5306,SELL,96,3,1786140799203,5306
NEW,O-5308,BUY,103,20,1786140799203,5308
NEW,O-5310,SELL,97,8,1786140799203,5310
NEW,O-5309,SELL,99,12,1786140799203,5309
NEW,O-5307,SELL,96,19,1786140799203,5307
NEW,O-5311,SELL,95,10,1786140799203,5311
NEW,O-5312,BUY,97,2,1786140799203,5312
NEW,O-5313,SELL,109,4,1786140799203,5313
NEW,O-5315,SELL,105,9,1786140799203,5315
NEW,O-5316,BUY,103,14,1786140799203,5316
NEW,O-5314,BUY,97,2,1786140799203,5314
NEW,O-5317,BUY,99,15,1786140799203,5317
NEW,O-5318,SELL,97,11,1786140799203,5318
NEW,O-5319,BUY,99,19,1786140799203,5319
NEW,O-5320,SELL,101,11,1786140799203,5320
NEW,O-5322,BUY,90,8,1786140799203,5322
NEW,O-5321,SELL,91,1,1786140799203,5321
NEW,O-5324,BUY,108,12,1786140799203,5324
NEW,O-5281,BUY,100,5,1786140799203,5281
NEW,O-5325,BUY,99,17,1786140799203,5325
NEW,O-5327,BUY,91,1,1786140799203,5327
NEW,O-5326,BUY,101,6,1786140799203,5326
NEW,O-5329,BUY,101,8,1786140799203,5329
NEW,O-5328,SELL,103,15,1786140799203,5328
NEW,O-5330,BUY,90,12,1786140799203,5330
NEW,O-5331,SELL,99,15,1786140799203,5331
NEW,O-5332,BUY,94,13,1786140799203,5332
NEW,O-5334,BUY,108,19,1786140799203,5334
NEW,O-5333,SELL,108,1,1786140799203,5333
NEW,O-5335,BUY,92,7,1786140799203,5335
NEW,O-5336,BUY,94,2,1786140799203,5336
NEW,O-5337,BUY,107,13,1786140799203,5337
NEW,O-5338,BUY,96,11,1786140799203,5338
NEW,O-5340,SELL,95,20,1786140799203,5340
NEW,O-5339,SELL,102,15,1786140799203,5339
NEW,O-5341,SELL,97,8,1786140799203,5341
NEW,O-5342,BUY,101,17,1786140799203,5342
NEW,O-5343,SELL,107,6,1786140799203,5343
NEW,O-5344,SELL,103,20,1786140799203,5344
NEW,O-5346,SELL,109,17,1786140799203,5346
NEW,O-5347,BUY,90,10,1786140799203,5347
NEW,O-5345,BUY,95,5,1786140799203,5345
NEW,O-5348,SELL,99,5,1786140799203,5348
NEW,O-5349,SELL,97,20,1786140799203,5349
NEW,O-5350,BUY,98,12,1786140799203,5350
NEW,O-5352,SELL,100,5,1786140799203,5352
NEW,O-5282,BUY,105,3,1786140799203,5282
NEW,O-5353,SELL,98,14,1786140799203,5353
NEW,O-5356,SELL,106,12,1786140799203,5356
NEW,O-5355,SELL,93,14,1786140799203,5355
NEW,O-5354,SELL,110,12,1786140799203,5354
NEW,O-5357,BUY,97,4,1786140799203,5357
NEW,O-5358,SELL,97,10,1786140799203,5358
NEW,O-5359,BUY,108,20,1786140799203,5359
NEW,O-5360,SELL,92,11,1786140799203,5360
NEW,O-5362,SELL,102,4,1786140799203,5362
NEW,O-5363,BUY,105,2,1786140799203,5363
NEW,O-5361,BUY,102,1,1786140799203,5361
NEW,O-5365,SELL,99,5,1786140799203,5365
NEW,O-5366,SELL,95,8,1786140799203,5366
NEW,O-5323,BUY,107,14,1786140799203,5323
NEW,O-5367,BUY,102,7,1786140799203,5367
NEW,O-5369,BUY,95,4,1786140799203,5369
NEW,O-5370,SELL,103,18,1786140799203,5370
NEW,O-5368,SELL,96,2,1786140799203,5368
NEW,O-5371,SELL,90,14,1786140799203,5371
NEW,O-5372,SELL,109,8,1786140799203,5372
NEW,O-5373,BUY,108,4,1786140799203,5373
NEW,O-5374,SELL,110,17,1786140799203,5374
NEW,O-5376,BUY,107,13,1786140799203,5376
NEW,O-5377,SELL,110,3,1786140799203,5377
NEW,O-5375,SELL,91,9,1786140799203,5375
NEW,O-5378,BUY,106,17,1786140799203,5378
NEW,O-5379,BUY,109,16,1786140799203,5379
NEW,O-5380,SELL,95,13,1786140799203,5380
NEW,O-5381,BUY,109,3,1786140799203,5381
NEW,O-5383,SELL,92,14,1786140799203,5383
NEW,O-5382,BUY,106,2,1786140799203,5382
NEW,O-5384,BUY,108,20,1786140799203,5384
NEW,O-5385,BUY,92,12,1786140799203,5385
NEW,O-5386,BUY,93,6,1786140799203,5386
NEW,O-5387,BUY,105,6,1786140799203,5387
NEW,O-5389,SELL,108,4,1786140799203,5389
NEW,O-5390,BUY,96,8,1786140799203,5390
NEW,O-5388,BUY,101,12,1786140799203,5388
NEW,O-5391,BUY,110,11,1786140799203,5391
NEW,O-5392,SELL,94,1,1786140799203,5392
NEW,O-5394,SELL,107,4,1786140799203,5394
NEW,O-5395,BUY,96,11,1786140799203,5395
NEW,O-5393,SELL,101,13,1786140799203,5393
NEW,O-5396,BUY,107,17,1786140799203,5396
NEW,O-5397,BUY,110,3,1786140799203,5397
NEW,O-5398,BUY,99,19,1786140799203,5398
NEW,O-5400,SELL,107,14,1786140799203,5400
NEW,O-5401,BUY,92,8,1786140799203,5401
NEW,O-5399,BUY,107,16,1786140799203,5399
NEW,O-5402,SELL,93,10,1786140799203,5402
NEW,O-5403,BUY,102,2,1786140799203,5403
NEW,O-5404,SELL,92,6,1786140799203,5404
NEW,O-5405,SELL,94,9,1786140799203,5405
NEW,O-5407,BUY,98,7,1786140799203,5407
NEW,O-5408,BUY,106,20,1786140799203,5408
NEW,O-5406,BUY,107,18,1786140799203,5406
NEW,O-5410,SELL,97,7,1786140799203,5410
NEW,O-5411,BUY,91,14,1786140799203,5411
NEW,O-5412,BUY,91,2,1786140799203,5412
NEW,O-5351,SELL,99,12,1786140799203,5351
NEW,O-5414,SELL,106,15,1786140799203,5414
NEW,O-5413,SELL,110,1,1786140799203,5413
NEW,O-5415,BUY,96,20,1786140799203,5415
NEW,O-5417,SELL,108,6,1786140799203,5417
NEW,O-5416,BUY,94,18,1786140799203,5416
NEW,O-5419,SELL,92,16,1786140799203,5419
NEW,O-5420,SELL,109,11,1786140799203,5420
NEW,O-5418,BUY,95,14,1786140799203,5418
NEW,O-5421,SELL,104,12,1786140799203,5421
NEW,O-5422,BUY,100,19,1786140799203,5422
NEW,O-5423,SELL,102,17,1786140799203,5423
NEW,O-5425,BUY,105,14,1786140799203,5425
NEW,O-5426,BUY,105,4,1786140799203,5426
NEW,O-5424,BUY,93,5,1786140799203,5424
NEW,O-5428,BUY,104,4,1786140799203,5428
NEW,O-5429,SELL,90,7,1786140799203,5429
NEW,O-5427,SELL,106,7,1786140799203,5427
NEW,O-5430,SELL,96,7,1786140799203,5430
NEW,O-5431,SELL,99,19,1786140799203,5431
NEW,O-5432,BUY,95,1,1786140799203,5432
NEW,O-5433,SELL,108,8,1786140799203,5433
NEW,O-5434,SELL,105,13,1786140799203,5434
NEW,O-5436,BUY,109,15,1786140799203,5436
NEW,O-5437,BUY,96,3,1786140799203,5437
NEW,O-5435,SELL,97,4,1786140799203,5435
NEW,O-5438,SELL,90,6,1786140799203,5438
NEW,O-5439,BUY,107,6,1786140799203,5439
NEW,O-5440,BUY,109,7,1786140799203,5440
NEW,O-5442,BUY,103,19,1786140799203,5442
NEW,O-5443,BUY,106,2,1786140799203,5443
NEW,O-5444,BUY,95,12,1786140799203,5444
NEW,O-5441,BUY,90,7,1786140799203,5441
NEW,O-5445,SELL,106,17,1786140799203,5445
NEW,O-5446,BUY,106,6,1786140799203,5446
NEW,O-5447,BUY,101,19,1786140799203,5447
NEW,O-5448,BUY,107,1,1786140799203,5448
NEW,O-5449,SELL,106,14,1786140799203,5449
NEW,O-5451,BUY,109,2,1786140799203,5451
NEW,O-5452,SELL,104,15,1786140799203,5452
NEW,O-5450,BUY,102,11,1786140799203,5450
NEW,O-5453,SELL,101,8,1786140799203,5453
NEW,O-5454,SELL,109,6,1786140799203,5454
NEW,O-5455,SELL,90,6,1786140799203,5455
NEW,O-5456,BUY,101,10,1786140799203,5456
NEW,O-5457,BUY,99,15,1786140799203,5457
NEW,O-5458,SELL,94,8,1786140799203,5458
NEW,O-5364,BUY,107,8,1786140799203,5364
NEW,O-5460,SELL,102,13,1786140799203,5460
NEW,O-5462,SELL,101,2,1786140799204,5462
NEW,O-5461,BUY,90,6,1786140799204,5461
NEW,O-5463,BUY,91,2,1786140799204,5463
NEW,O-5464,SELL,104,16,1786140799204,5464
NEW,O-5465,SELL,101,9,1786140799204,5465
NEW,O-5466,BUY,102,5,1786140799204,5466
NEW,O-5468,SELL,101,13,1786140799204,5468
NEW,O-5469,SELL,102,18,1786140799204,5469
NEW,O-5467,BUY,100,10,1786140799204,5467
NEW,O-5470,BUY,90,18,1786140799204,5470
NEW,O-5471,BUY,107,9,1786140799204,5471
NEW,O-5472,SELL,105,9,1786140799204,5472
NEW,O-5473,BUY,97,6,1786140799204,5473
NEW,O-5475,SELL,95,3,1786140799204,5475
NEW,O-5476,BUY,107,19,1786140799204,5476
NEW,O-5474,SELL,105,20,1786140799204,5474
NEW,O-5477,BUY,95,6,1786140799204,5477
NEW,O-5479,BUY,94,4,1786140799204,5479
NEW,O-5478,SELL,98,5,1786140799204,5478
NEW,O-5480,SELL,101,19,1786140799204,5480
NEW,O-5481,BUY,103,17,1786140799204,5481
NEW,O-5482,BUY,93,20,1786140799204,5482
NEW,O-5483,BUY,109,9,1786140799204,5483
NEW,O-5484,SELL,96,6,1786140799204,5484
NEW,O-5486,BUY,110,20,1786140799204,5486
NEW,O-5487,BUY,99,15,1786140799204,5487
NEW,O-5488,BUY,106,16,1786140799204,5488
NEW,O-5489,BUY,104,8,1786140799204,5489
NEW,O-5485,SELL,98,7,1786140799204,5485
NEW,O-5490,BUY,96,3,1786140799204,5490
NEW,O-5491,BUY,98,18,1786140799204,5491
NEW,O-5492,SELL,98,3,1786140799204,5492
NEW,O-5493,SELL,105,4,1786140799204,5493
NEW,O-5494,BUY,92,2,1786140799204,5494
NEW,O-5496,BUY,90,6,1786140799204,5496
NEW,O-5495,BUY,95,18,1786140799204,5495
NEW,O-5498,BUY,101,16,1786140799204,5498
NEW,O-5497,BUY,104,20,1786140799204,5497
NEW,O-5499,SELL,94,5,1786140799204,5499
NEW,O-5500,SELL,95,2,1786140799204,5500
NEW,O-5502,SELL,110,3,1786140799204,5502
NEW,O-5503,BUY,102,8,1786140799204,5503
NEW,O-5501,SELL,106,2,1786140799204,5501
NEW,O-5504,BUY,109,15,1786140799204,5504
NEW,O-5505,SELL,106,1,1786140799204,5505
NEW,O-5506,BUY,98,14,1786140799204,5506
NEW,O-5507,SELL,103,12,1786140799204,5507
NEW,O-5509,BUY,91,2,1786140799204,5509
NEW,O-5508,BUY,97,11,1786140799204,5508
NEW,O-5510,BUY,90,16,1786140799204,5510
NEW,O-5511,SELL,90,13,1786140799204,5511
NEW,O-5512,SELL,93,8,1786140799204,5512
NEW,O-5409,SELL,93,8,1786140799203,5409
NEW,O-5459,SELL,101,11,1786140799203,5459
NEW,O-5516,BUY,99,4,1786140799204,5516
NEW,O-5515,BUY,98,17,1786140799204,5515
NEW,O-5517,SELL,107,3,1786140799204,5517
NEW,O-5518,SELL,110,8,1786140799204,5518
NEW,O-5520,BUY,96,10,1786140799204,5520
NEW,O-5521,BUY,95,11,1786140799204,5521
NEW,O-5519,SELL,96,8,1786140799204,5519
NEW,O-5523,BUY,105,20,1786140799204,5523
NEW,O-5513,SELL,103,3,1786140799204,5513
NEW,O-5524,SELL,110,8,1786140799204,5524
NEW,O-5525,BUY,102,6,1786140799204,5525
NEW,O-5526,BUY,105,17,1786140799204,5526
NEW,O-5528,BUY,110,19,1786140799204,5528
NEW,O-5527,SELL,100,13,1786140799204,5527
NEW,O-5529,SELL,107,11,1786140799204,5529
NEW,O-5530,BUY,105,20,1786140799204,5530
NEW,O-5532,SELL,107,11,1786140799204,5532
NEW,O-5531,BUY,102,3,1786140799204,5531
NEW,O-5533,SELL,108,15,1786140799204,5533
NEW,O-5534,BUY,97,19,1786140799204,5534
NEW,O-5535,BUY,99,2,1786140799204,5535
NEW,O-5536,SELL,100,20,1786140799204,5536
NEW,O-5538,SELL,91,18,1786140799204,5538
NEW,O-5539,BUY,95,2,1786140799204,5539
NEW,O-5537,SELL,101,1,1786140799204,5537
NEW,O-5540,SELL,104,15,1786140799204,5540
NEW,O-5541,SELL,100,11,1786140799204,5541
NEW,O-5542,BUY,108,9,1786140799204,5542
NEW,O-5543,BUY,93,16,1786140799204,5543
NEW,O-5545,SELL,96,2,1786140799204,5545
NEW,O-5544,SELL,91,18,1786140799204,5544
NEW,O-5546,SELL,98,2,1786140799204,5546
NEW,O-5547,SELL,94,11,1786140799204,5547
NEW,O-5548,BUY,108,12,1786140799204,5548
NEW,O-5549,SELL,93,4,1786140799204,5549
NEW,O-5551,BUY,96,11,1786140799204,5551
NEW,O-5550,SELL,107,12,1786140799204,5550
NEW,O-5552,SELL,92,6,1786140799204,5552
NEW,O-5553,SELL,106,18,1786140799204,5553
NEW,O-5554,BUY,105,10,1786140799204,5554
NEW,O-5555,SELL,103,5,1786140799204,5555
NEW,O-5556,SELL,94,4,1786140799204,5556
NEW,O-5557,BUY,91,18,1786140799204,5557
NEW,O-5559,BUY,101,1,1786140799204,5559
NEW,O-5560,SELL,102,1,1786140799204,5560
NEW,O-5558,BUY,92,17,1786140799204,5558
NEW,O-5561,BUY,104,5,1786140799204,5561
NEW,O-5562,SELL,95,13,1786140799204,5562
NEW,O-5563,SELL,107,14,1786140799204,5563
NEW,O-5564,SELL,103,1,1786140799204,5564
NEW,O-5566,SELL,106,1,1786140799204,5566
NEW,O-5565,BUY,104,15,1786140799204,5565
NEW,O-5568,BUY,91,2,1786140799204,5568
NEW,O-5569,BUY,94,15,1786140799204,5569
NEW,O-5570,SELL,99,15,1786140799204,5570
NEW,O-5514,SELL,107,13,1786140799204,5514
NEW,O-5572,BUY,97,3,1786140799204,5572
NEW,O-5522,SELL,95,16,1786140799204,5522
NEW,O-5573,SELL,100,6,1786140799204,5573
NEW,O-5574,BUY,94,5,1786140799204,5574
NEW,O-5575,SELL,102,18,1786140799204,5575
NEW,O-5577,SELL,99,13,1786140799204,5577
NEW,O-5576,BUY,90,12,1786140799204,5576
NEW,O-5579,SELL,91,15,1786140799204,5579
NEW,O-5578,BUY,91,5,1786140799204,5578
NEW,O-5581,SELL,104,16,1786140799204,5581
NEW,O-5567,SELL,90,10,1786140799204,5567
NEW,O-5582,SELL,108,5,1786140799204,5582
NEW,O-5583,BUY,93,3,1786140799204,5583
NEW,O-5584,BUY,100,16,1786140799204,5584
NEW,O-5585,SELL,96,7,1786140799204,5585
NEW,O-5586,BUY,92,6,1786140799204,5586
NEW,O-5587,SELL,106,12,1786140799204,5587
NEW,O-5588,BUY,90,6,1786140799204,5588
NEW,O-5589,BUY,101,1,1786140799204,5589
NEW,O-5590,BUY,100,3,1786140799204,5590
NEW,O-5591,SELL,107,8,1786140799204,5591
NEW,O-5592,SELL,106,8,1786140799204,5592
NEW,O-5593,SELL,95,17,1786140799204,5593
NEW,O-5594,SELL,102,20,1786140799204,5594
NEW,O-5596,SELL,94,18,1786140799204,5596
NEW,O-5595,SELL,110,8,1786140799204,5595
NEW,O-5597,BUY,102,2,1786140799204,5597
NEW,O-5598,BUY,110,9,1786140799204,5598
NEW,O-5599,BUY,92,18,1786140799204,5599
NEW,O-5601,SELL,108,10,1786140799204,5601
NEW,O-5600,SELL,96,15,1786140799204,5600
NEW,O-5602,BUY,104,5,1786140799204,5602
NEW,O-5603,BUY,95,18,1786140799204,5603
NEW,O-5604,BUY,107,4,1786140799204,5604
NEW,O-5605,SELL,104,12,1786140799204,5605
NEW,O-5606,BUY,90,16,1786140799204,5606
NEW,O-5571,BUY,101,11,1786140799204,5571
NEW,O-5608,BUY,102,10,1786140799204,5608
NEW,O-5609,SELL,95,10,1786140799204,5609
NEW,O-5610,BUY,102,9,1786140799204,5610
NEW,O-5611,BUY,107,18,1786140799204,5611
NEW,O-5612,SELL,97,15,1786140799204,5612
NEW,O-5614,BUY,96,16,1786140799204,5614
NEW,O-5613,SELL,98,16,1786140799204,5613
NEW,O-5616,SELL,92,19,1786140799204,5616
NEW,O-5615,SELL,109,18,1786140799204,5615
NEW,O-5617,SELL,95,5,1786140799204,5617
NEW,O-5618,BUY,91,5,1786140799204,5618
NEW,O-5619,BUY,96,7,1786140799204,5619
NEW,O-5620,SELL,108,6,1786140799204,5620
NEW,O-5621,BUY,102,19,1786140799204,5621
NEW,O-5622,BUY,96,1,1786140799204,5622
NEW,O-5623,BUY,105,16,1786140799204,5623
NEW,O-5624,BUY,100,18,1786140799204,5624
NEW,O-5626,SELL,90,9,1786140799204,5626
NEW,O-5580,SELL,108,8,1786140799204,5580
NEW,O-5627,SELL,109,3,1786140799204,5627
NEW,O-5629,BUY,90,2,1786140799204,5629
NEW,O-5628,BUY,100,14,1786140799204,5628
NEW,O-5630,SELL,95,20,1786140799204,5630
NEW,O-5631,SELL,105,4,1786140799204,5631
NEW,O-5632,SELL,90,3,1786140799204,5632
NEW,O-5633,BUY,110,14,1786140799204,5633
NEW,O-5635,BUY,97,1,1786140799204,5635
NEW,O-5636,BUY,110,5,1786140799204,5636
NEW,O-5634,BUY,90,19,1786140799204,5634
NEW,O-5637,BUY,109,4,1786140799204,5637
NEW,O-5638,SELL,100,1,1786140799204,5638
NEW,O-5639,BUY,104,9,1786140799204,5639
NEW,O-5640,SELL,105,4,1786140799204,5640
NEW,O-5641,SELL,107,8,1786140799204,5641
NEW,O-5643,SELL,92,1,1786140799204,5643
NEW,O-5607,SELL,99,3,1786140799204,5607
NEW,O-5644,BUY,104,2,1786140799204,5644
NEW,O-5645,BUY,90,11,1786140799204,5645
NEW,O-5646,BUY,99,16,1786140799204,5646
NEW,O-5647,SELL,97,15,1786140799204,5647
NEW,O-5648,SELL,97,18,1786140799204,5648
NEW,O-5649,BUY,98,12,1786140799204,5649
NEW,O-5650,BUY,98,3,1786140799204,5650
NEW,O-5651,BUY,101,20,1786140799204,5651
NEW,O-5652,BUY,106,20,1786140799204,5652
NEW,O-5653,SELL,99,17,1786140799204,5653
NEW,O-5654,SELL,110,10,1786140799204,5654
NEW,O-5655,BUY,93,14,1786140799204,5655
NEW,O-5656,SELL,109,6,1786140799204,5656
NEW,O-5625,BUY,94,5,1786140799204,5625
NEW,O-5642,SELL,95,7,1786140799204,5642
NEW,O-5660,SELL,106,8,1786140799204,5660
NEW,O-5661,SELL,105,19,1786140799204,5661
NEW,O-5663,SELL,97,3,1786140799204,5663
NEW,O-5662,BUY,101,16,1786140799204,5662
NEW,O-5664,SELL,106,18,1786140799204,5664
NEW,O-5665,SELL,109,5,1786140799204,5665
NEW,O-5666,SELL,93,10,1786140799204,5666
NEW,O-5667,BUY,90,11,1786140799204,5667
NEW,O-5668,BUY,101,9,1786140799204,5668
NEW,O-5669,BUY,94,15,1786140799204,5669
NEW,O-5670,BUY,100,10,1786140799204,5670
NEW,O-5671,SELL,105,19,1786140799204,5671
NEW,O-5672,SELL,92,20,1786140799204,5672
NEW,O-5673,SELL,100,20,1786140799204,5673
NEW,O-5674,BUY,104,14,1786140799204,5674
NEW,O-5675,SELL,104,4,1786140799204,5675
NEW,O-5658,BUY,107,14,1786140799204,5658
NEW,O-5677,BUY,104,13,1786140799204,5677
NEW,O-5678,SELL,92,16,1786140799204,5678
NEW,O-5679,BUY,96,8,1786140799204,5679
NEW,O-5680,BUY,93,11,1786140799204,5680
NEW,O-5681,BUY,98,16,1786140799204,5681
NEW,O-5683,BUY,94,14,1786140799204,5683
NEW,O-5684,SELL,95,4,1786140799204,5684
NEW,O-5682,BUY,95,13,1786140799204,5682
NEW,O-5685,SELL,95,18,1786140799204,5685
NEW,O-5686,SELL,98,1,1786140799204,5686
NEW,O-5688,SELL,105,11,1786140799204,5688
NEW,O-5687,SELL,107,14,1786140799204,5687
NEW,O-5689,SELL,103,10,1786140799204,5689
NEW,O-5690,BUY,107,11,1786140799204,5690
NEW,O-5659,BUY,94,7,1786140799204,5659
NEW,O-5692,BUY,101,3,1786140799204,5692
NEW,O-5691,SELL,108,15,1786140799204,5691
NEW,O-5693,SELL,100,2,1786140799204,5693
NEW,O-5657,SELL,92,12,1786140799204,5657
NEW,O-5694,BUY,109,6,1786140799204,5694
NEW,O-5695,BUY,94,8,1786140799204,5695
NEW,O-5697,SELL,102,17,1786140799204,5697
NEW,O-5699,SELL,96,13,1786140799204,5699
NEW,O-5698,BUY,106,1,1786140799204,5698
NEW,O-5700,SELL,105,1,1786140799204,5700
NEW,O-5701,SELL,94,8,1786140799204,5701
NEW,O-5702,BUY,90,13,1786140799204,5702
NEW,O-5703,BUY,97,17,1786140799204,5703
NEW,O-5705,BUY,109,9,1786140799204,5705
NEW,O-5704,BUY,92,6,1786140799204,5704
NEW,O-5706,BUY,97,9,1786140799204,5706
NEW,O-5707,SELL,104,5,1786140799204,5707
NEW,O-5709,BUY,108,13,1786140799204,5709
NEW,O-5710,SELL,109,6,1786140799204,5710
NEW,O-5696,SELL,103,18,1786140799204,5696
NEW,O-5711,SELL,98,3,1786140799204,5711
NEW,O-5712,SELL,106,16,1786140799204,5712
NEW,O-5713,BUY,91,16,1786140799204,5713
NEW,O-5715,BUY,91,9,1786140799204,5715
NEW,O-5714,SELL,102,16,1786140799204,5714
NEW,O-5716,SELL,92,7,1786140799204,5716
NEW,O-5718,BUY,93,10,1786140799204,5718
NEW,O-5717,BUY,95,2,1786140799204,5717
NEW,O-5719,SELL,92,19,1786140799204,5719
NEW,O-5720,BUY,92,1,1786140799204,5720
NEW,O-5721,SELL,92,14,1786140799204,5721
NEW,O-5722,BUY,102,6,1786140799204,5722
NEW,O-5723,SELL,105,3,1786140799204,5723
NEW,O-5725,SELL,95,12,1786140799204,5725
NEW,O-5676,SELL,109,15,1786140799204,5676
NEW,O-5726,SELL,103,15,1786140799204,5726
NEW,O-5727,BUY,101,8,1786140799204,5727
NEW,O-5729,SELL,95,7,1786140799204,5729
NEW,O-5708,BUY,106,19,1786140799204,5708
NEW,O-5730,BUY,92,6,1786140799204,5730
NEW,O-5731,SELL,108,10,1786140799204,5731
NEW,O-5732,SELL,97,9,1786140799204,5732
NEW,O-5733,BUY,104,20,1786140799204,5733
NEW,O-5734,SELL,103,4,1786140799204,5734
NEW,O-5735,SELL,97,7,1786140799204,5735
NEW,O-5737,SELL,93,15,1786140799204,5737
NEW,O-5736,SELL,98,18,1786140799204,5736
NEW,O-5739,SELL,108,2,1786140799204,5739
NEW,O-5724,SELL,106,17,1786140799204,5724
NEW,O-5741,BUY,110,19,1786140799204,5741
NEW,O-5740,SELL,97,4,1786140799204,5740
NEW,O-5742,SELL,101,11,1786140799204,5742
NEW,O-5743,BUY,96,2,1786140799204,5743
NEW,O-5744,BUY,94,5,1786140799204,5744
NEW,O-5745,SELL,105,17,1786140799204,5745
NEW,O-5746,SELL,93,9,1786140799204,5746
NEW,O-5747,BUY,102,13,1786140799204,5747
NEW,O-5748,SELL,106,18,1786140799204,5748
NEW,O-5749,SELL,100,6,1786140799204,5749
NEW,O-5750,SELL,106,6,1786140799204,5750
NEW,O-5752,BUY,104,19,1786140799204,5752
NEW,O-5753,BUY,90,16,1786140799204,5753
NEW,O-5751,SELL,105,16,1786140799204,5751
NEW,O-5754,BUY,110,18,1786140799204,5754
NEW,O-5755,BUY,107,15,1786140799204,5755
NEW,O-5756,SELL,106,17,1786140799204,5756
NEW,O-5757,BUY,106,17,1786140799204,5757
NEW,O-5759,SELL,90,9,1786140799204,5759
NEW,O-5758,BUY,108,11,1786140799204,5758
NEW,O-5761,BUY,96,20,1786140799204,5761
NEW,O-5762,BUY,107,1,1786140799204,5762
NEW,O-5764,BUY,96,14,1786140799204,5764
NEW,O-5763,BUY,99,8,1786140799204,5763
NEW,O-5765,SELL,102,10,1786140799204,5765
NEW,O-5766,SELL,106,1,1786140799204,5766
NEW,O-5768,SELL,108,17,1786140799204,5768
NEW,O-5767,SELL,95,3,1786140799204,5767
NEW,O-5769,BUY,105,3,1786140799204,5769
NEW,O-5770,SELL,99,7,1786140799204,5770
NEW,O-5772,SELL,101,12,1786140799204,5772
NEW,O-5771,SELL,91,19,1786140799204,5771
NEW,O-5773,SELL,107,20,1786140799204,5773
NEW,O-5774,BUY,100,17,1786140799204,5774
NEW,O-5775,BUY,104,5,1786140799204,5775
NEW,O-5728,BUY,97,13,1786140799204,5728
NEW,O-5778,BUY,95,12,1786140799204,5778
NEW,O-5738,BUY,101,15,1786140799204,5738
NEW,O-5777,SELL,108,16,1786140799204,5777
NEW,O-5779,BUY,102,4,1786140799204,5779
NEW,O-5780,SELL,95,2,1786140799204,5780
NEW,O-5781,SELL,103,7,1786140799204,5781
NEW,O-5782,BUY,91,12,1786140799204,5782
NEW,O-5783,BUY,110,11,1786140799204,5783
NEW,O-5784,SELL,93,9,1786140799204,5784
NEW,O-5785,SELL,104,16,1786140799204,5785
NEW,O-5786,BUY,102,2,1786140799204,5786
NEW,O-5788,SELL,108,6,1786140799204,5788
NEW,O-5787,BUY,104,14,1786140799204,5787
NEW,O-5789,BUY,104,18,1786140799204,5789
NEW,O-5790,BUY,109,14,1786140799204,5790
NEW,O-5791,BUY,96,7,1786140799204,5791
NEW,O-5792,SELL,107,6,1786140799204,5792
NEW,O-5794,SELL,98,9,1786140799204,5794
NEW,O-5793,BUY,99,9,1786140799204,5793
NEW,O-5795,BUY,100,19,1786140799204,5795
NEW,O-5796,SELL,106,1,1786140799204,5796
NEW,O-5798,SELL,105,2,1786140799204,5798
NEW,O-5797,BUY,94,8,1786140799204,5797
NEW,O-5800,BUY,90,6,1786140799204,5800
NEW,O-5799,BUY,95,20,1786140799204,5799
NEW,O-5802,BUY,109,2,1786140799204,5802
NEW,O-5760,SELL,107,13,1786140799204,5760
NEW,O-5803,SELL,104,6,1786140799204,5803
NEW,O-5804,BUY,92,19,1786140799204,5804
NEW,O-5805,SELL,94,3,1786140799204,5805
NEW,O-5806,SELL,105,16,1786140799204,5806
NEW,O-5807,BUY,109,8,1786140799204,5807
NEW,O-5808,BUY,104,3,1786140799204,5808
NEW,O-5809,SELL,109,3,1786140799204,5809
NEW,O-5810,BUY,110,1,1786140799204,5810
NEW,O-5811,BUY,97,12,1786140799204,5811
NEW,O-5813,SELL,90,16,1786140799204,5813
NEW,O-5812,BUY,93,2,1786140799204,5812
NEW,O-5815,SELL,95,17,1786140799204,5815
NEW,O-5814,SELL,109,15,1786140799204,5814
NEW,O-5817,SELL,110,4,1786140799204,5817
NEW,O-5776,SELL,90,6,1786140799204,5776
NEW,O-5819,SELL,109,8,1786140799204,5819
NEW,O-5820,BUY,92,20,1786140799204,5820
NEW,O-5818,SELL,95,13,1786140799204,5818
NEW,O-5821,BUY,106,14,1786140799204,5821
NEW,O-5822,SELL,95,1,1786140799204,5822
NEW,O-5823,BUY,95,8,1786140799204,5823
NEW,O-5824,BUY,106,15,1786140799204,5824
NEW,O-5826,SELL,110,12,1786140799204,5826
NEW,O-5825,BUY,93,18,1786140799204,5825
NEW,O-5827,SELL,110,9,1786140799204,5827
NEW,O-5828,SELL,102,9,1786140799204,5828
NEW,O-5829,SELL,109,16,1786140799204,5829
NEW,O-5830,SELL,94,13,1786140799204,5830
NEW,O-5832,SELL,92,13,1786140799204,5832
NEW,O-5833,SELL,97,12,1786140799204,5833
NEW,O-5831,BUY,98,14,1786140799204,5831
NEW,O-5834,BUY,91,20,1786140799204,5834
NEW,O-5835,SELL,109,20,1786140799204,5835
NEW,O-5836,SELL,109,20,1786140799204,5836
NEW,O-5837,SELL,97,10,1786140799204,5837
NEW,O-5838,BUY,109,16,1786140799204,5838
NEW,O-5839,BUY,105,9,1786140799204,5839
NEW,O-5840,SELL,96,14,1786140799204,5840
NEW,O-5841,SELL,108,2,1786140799204,5841
NEW,O-5843,BUY,100,4,1786140799204,5843
NEW,O-5844,SELL,102,20,1786140799204,5844
NEW,O-5845,SELL,95,9,1786140799204,5845
NEW,O-5846,SELL,92,1,1786140799204,5846
NEW,O-5847,SELL,110,15,1786140799204,5847
NEW,O-5848,SELL,96,5,1786140799204,5848
NEW,O-5849,SELL,98,10,1786140799204,5849
NEW,O-5850,SELL,101,16,1786140799204,5850
NEW,O-5851,SELL,101,6,1786140799204,5851
NEW,O-5852,BUY,102,4,1786140799204,5852
NEW,O-5853,BUY,105,13,1786140799204,5853
NEW,O-5854,SELL,109,19,1786140799204,5854
NEW,O-5855,SELL,106,18,1786140799204,5855
NEW,O-5856,SELL,106,2,1786140799204,5856
NEW,O-5857,BUY,98,1,1786140799204,5857
NEW,O-5858,BUY,99,5,1786140799204,5858
NEW,O-5859,SELL,102,17,1786140799204,5859
NEW,O-5860,BUY,94,12,1786140799204,5860
NEW,O-5861,SELL,101,8,1786140799204,5861
NEW,O-5862,SELL,99,3,1786140799204,5862
NEW,O-5863,SELL,104,2,1786140799204,5863
NEW,O-5864,BUY,99,2,1786140799204,5864
NEW,O-5866,BUY,100,15,1786140799204,5866
NEW,O-5867,BUY,101,2,1786140799204,5867
NEW,O-5868,BUY,102,7,1786140799204,5868
NEW,O-5869,SELL,100,15,1786140799204,5869
NEW,O-5865,BUY,104,19,1786140799204,5865
NEW,O-5870,SELL,110,17,1786140799204,5870
NEW,O-5842,BUY,95,3,1786140799204,5842
NEW,O-5871,BUY,91,11,1786140799204,5871
NEW,O-5873,BUY,106,5,1786140799204,5873
NEW,O-5874,SELL,90,19,1786140799204,5874
NEW,O-5876,SELL,93,18,1786140799204,5876
NEW,O-5877,SELL,95,18,1786140799204,5877
NEW,O-5875,BUY,110,1,1786140799204,5875
NEW,O-5878,SELL,102,14,1786140799204,5878
NEW,O-5879,SELL,90,14,1786140799204,5879
NEW,O-5881,BUY,92,5,1786140799204,5881
NEW,O-5880,BUY,95,12,1786140799204,5880
NEW,O-5882,BUY,97,9,1786140799204,5882
NEW,O-5883,SELL,100,18,1786140799204,5883
NEW,O-5884,BUY,108,11,1786140799204,5884
NEW,O-5885,SELL,105,8,1786140799204,5885
NEW,O-5886,SELL,100,13,1786140799204,5886
NEW,O-5888,BUY,98,3,1786140799204,5888
NEW,O-5887,BUY,105,11,1786140799204,5887
NEW,O-5889,BUY,108,10,1786140799204,5889
NEW,O-5801,SELL,95,4,1786140799204,5801
NEW,O-5890,SELL,108,15,1786140799204,5890
NEW,O-5892,BUY,99,18,1786140799204,5892
NEW,O-5891,BUY,96,13,1786140799204,5891
NEW,O-5893,BUY,91,10,1786140799204,5893
NEW,O-5894,BUY,106,19,1786140799204,5894
NEW,O-5816,SELL,96,8,1786140799204,5816
NEW,O-5895,BUY,102,11,1786140799204,5895
NEW,O-5897,SELL,96,1,1786140799204,5897
NEW,O-5898,SELL,97,1,1786140799204,5898
NEW,O-5896,SELL,100,1,1786140799204,5896
NEW,O-5899,SELL,102,14,1786140799204,5899
NEW,O-5900,SELL,101,4,1786140799204,5900
NEW,O-5901,SELL,106,9,1786140799204,5901
NEW,O-5902,BUY,110,1,1786140799204,5902
NEW,O-5903,BUY,96,17,1786140799204,5903
NEW,O-5905,BUY,102,3,1786140799204,5905
NEW,O-5904,BUY,92,19,1786140799204,5904
NEW,O-5906,BUY,93,14,1786140799204,5906
NEW,O-5907,BUY,106,13,1786140799204,5907
NEW,O-5908,SELL,103,16,1786140799204,5908
NEW,O-5909,BUY,110,17,1786140799204,5909
NEW,O-5872,SELL,100,8,1786140799204,5872
NEW,O-5912,BUY,108,8,1786140799205,5912
NEW,O-5914,SELL,94,11,1786140799205,5914
NEW,O-5915,BUY,94,8,1786140799205,5915
NEW,O-5916,BUY,98,2,1786140799205,5916
NEW,O-5910,SELL,97,2,1786140799205,5910
NEW,O-5917,BUY,104,20,1786140799205,5917
NEW,O-5919,BUY,109,15,1786140799205,5919
NEW,O-5920,BUY,108,17,1786140799205,5920
NEW,O-5921,BUY,103,17,1786140799205,5921
NEW,O-5922,BUY,93,9,1786140799205,5922
NEW,O-5923,SELL,97,16,1786140799205,5923
NEW,O-5924,SELL,93,11,1786140799205,5924
NEW,O-5925,BUY,93,17,1786140799205,5925
NEW,O-5926,BUY,91,13,1786140799205,5926
NEW,O-5913,BUY,106,14,1786140799205,5913
NEW,O-5911,BUY,110,17,1786140799205,5911
NEW,O-5929,BUY,90,4,1786140799205,5929
NEW,O-5930,BUY,97,4,1786140799205,5930
NEW,O-5931,BUY,105,9,1786140799205,5931
NEW,O-5932,SELL,92,9,1786140799205,5932
NEW,O-5933,SELL,101,1,1786140799205,5933
NEW,O-5918,SELL,102,9,1786140799205,5918
NEW,O-5935,BUY,110,17,1786140799205,5935
NEW,O-5936,SELL,102,6,1786140799205,5936
NEW,O-5927,SELL,96,3,1786140799205,5927
NEW,O-5937,BUY,99,20,1786140799205,5937
NEW,O-5939,SELL,93,5,1786140799205,5939
NEW,O-5938,BUY,91,8,1786140799205,5938
NEW,O-5940,BUY,90,9,1786140799205,5940
NEW,O-5941,BUY,107,7,1786140799205,5941
NEW,O-5942,SELL,94,11,1786140799205,5942
NEW,O-5943,BUY,99,6,1786140799205,5943
NEW,O-5944,SELL,106,1,1786140799205,5944
NEW,O-5945,SELL,101,15,1786140799205,5945
NEW,O-5946,SELL,109,14,1786140799205,5946
NEW,O-5947,SELL,105,11,1786140799205,5947
NEW,O-5948,SELL,109,5,1786140799205,5948
NEW,O-5950,SELL,103,9,1786140799205,5950
NEW,O-5949,SELL,97,4,1786140799205,5949
NEW,O-5951,SELL,95,9,1786140799205,5951
NEW,O-5952,BUY,99,15,1786140799205,5952
NEW,O-5953,BUY,109,2,1786140799205,5953
NEW,O-5954,BUY,102,9,1786140799205,5954
NEW,O-5955,SELL,110,7,1786140799205,5955
NEW,O-5956,SELL,94,19,1786140799205,5956
NEW,O-5957,BUY,110,11,1786140799205,5957
NEW,O-5958,SELL,104,3,1786140799205,5958
NEW,O-5959,BUY,107,16,1786140799205,5959
NEW,O-5960,SELL,90,7,1786140799205,5960
NEW,O-5961,BUY,100,15,1786140799205,5961
NEW,O-5962,BUY,90,4,1786140799205,5962
NEW,O-5963,SELL,91,11,1786140799205,5963
NEW,O-5964,SELL,99,6,1786140799205,5964
NEW,O-5965,BUY,108,9,1786140799205,5965
NEW,O-5966,BUY,96,2,1786140799205,5966
NEW,O-5967,BUY,91,2,1786140799205,5967
NEW,O-5968,BUY,97,1,1786140799205,5968
NEW,O-5969,BUY,95,19,1786140799205,5969
NEW,O-5970,SELL,110,15,1786140799205,5970
NEW,O-5971,BUY,105,14,1786140799205,5971
NEW,O-5973,SELL,97,12,1786140799205,5973
NEW,O-5972,BUY,108,1,1786140799205,5972
NEW,O-5974,SELL,93,10,1786140799205,5974
NEW,O-5975,BUY,95,11,1786140799205,5975
NEW,O-5976,SELL,96,14,1786140799205,5976
NEW,O-5977,SELL,100,16,1786140799205,5977
NEW,O-5978,SELL,107,20,1786140799205,5978
NEW,O-5979,SELL,110,16,1786140799205,5979
NEW,O-5980,SELL,102,3,1786140799205,5980
NEW,O-5982,BUY,98,16,1786140799205,5982
NEW,O-5983,BUY,108,15,1786140799205,5983
NEW,O-5981,BUY,108,6,1786140799205,5981
NEW,O-5984,BUY,91,1,1786140799205,5984
NEW,O-5985,SELL,100,6,1786140799205,5985
NEW,O-5986,BUY,99,11,1786140799205,5986
NEW,O-5987,SELL,97,2,1786140799205,5987
NEW,O-5988,SELL,91,2,1786140799205,5988
NEW,O-5989,BUY,100,4,1786140799205,5989
NEW,O-5990,BUY,97,15,1786140799205,5990
NEW,O-5991,SELL,106,3,1786140799205,5991
NEW,O-5992,BUY,90,9,1786140799205,5992
NEW,O-5993,BUY,91,18,1786140799205,5993
NEW,O-5994,SELL,101,7,1786140799205,5994
NEW,O-5995,SELL,90,9,1786140799205,5995
NEW,O-5996,BUY,99,10,1786140799205,5996
NEW,O-5997,SELL,95,3,1786140799205,5997
NEW,O-5998,BUY,92,8,1786140799205,5998
NEW,O-5999,BUY,108,17,1786140799205,5999
NEW,O-6000,SELL,107,1,1786140799205,6000
NEW,O-6001,BUY,104,15,1786140799205,6001
NEW,O-6002,BUY,101,12,1786140799205,6002
NEW,O-6003,BUY,98,2,1786140799205,6003
NEW,O-6004,SELL,101,9,1786140799205,6004
NEW,O-6005,SELL,93,3,1786140799205,6005
NEW,O-6006,BUY,97,3,1786140799205,6006
NEW,O-6007,BUY,93,20,1786140799205,6007
NEW,O-6008,BUY,102,7,1786140799205,6008
NEW,O-6009,BUY,100,3,1786140799205,6009
NEW,O-6010,BUY,107,20,1786140799205,6010
NEW,O-6011,BUY,103,3,1786140799205,6011
NEW,O-6012,SELL,90,8,1786140799205,6012
NEW,O-6013,SELL,93,15,1786140799205,6013
NEW,O-6015,BUY,110,8,1786140799205,6015
NEW,O-6016,SELL,90,14,1786140799205,6016
NEW,O-6017,BUY,105,11,1786140799205,6017
NEW,O-6014,BUY,110,6,1786140799205,6014
NEW,O-6018,BUY,106,4,1786140799205,6018
NEW,O-6019,SELL,95,20,1786140799205,6019
NEW,O-6020,BUY,104,18,1786140799205,6020
NEW,O-6021,SELL,101,1,1786140799205,6021
NEW,O-6022,SELL,91,20,1786140799205,6022
NEW,O-6023,SELL,108,17,1786140799205,6023
NEW,O-6024,SELL,90,18,1786140799205,6024
NEW,O-6025,BUY,110,2,1786140799205,6025
NEW,O-6026,BUY,100,6,1786140799205,6026
NEW,O-6027,BUY,91,16,1786140799205,6027
NEW,O-6028,BUY,96,14,1786140799205,6028
NEW,O-6029,BUY,103,15,1786140799205,6029
NEW,O-6030,SELL,92,2,1786140799205,6030
NEW,O-6031,BUY,109,13,1786140799205,6031
NEW,O-6032,SELL,94,8,1786140799205,6032
NEW,O-6033,BUY,103,5,1786140799205,6033
NEW,O-6034,BUY,92,11,1786140799205,6034
NEW,O-6036,SELL,108,6,1786140799205,6036
NEW,O-6035,BUY,92,9,1786140799205,6035
NEW,O-6037,SELL,110,8,1786140799205,6037
NEW,O-6038,BUY,98,19,1786140799205,6038
NEW,O-6039,BUY,98,11,1786140799205,6039
NEW,O-6040,SELL,110,7,1786140799205,6040
NEW,O-6041,BUY,102,12,1786140799205,6041
NEW,O-6042,BUY,94,19,1786140799205,6042
NEW,O-6043,BUY,107,1,1786140799205,6043
NEW,O-6044,BUY,105,18,1786140799205,6044
NEW,O-6045,BUY,106,5,1786140799205,6045
NEW,O-6046,SELL,104,7,1786140799205,6046
NEW,O-6047,SELL,104,15,1786140799205,6047
NEW,O-6048,SELL,94,3,1786140799205,6048
NEW,O-6049,SELL,104,12,1786140799205,6049
NEW,O-6050,BUY,92,12,1786140799205,6050
NEW,O-6051,SELL,92,3,1786140799205,6051
NEW,O-6052,BUY,101,13,1786140799205,6052
NEW,O-6053,SELL,101,19,1786140799205,6053
NEW,O-6054,SELL,103,9,1786140799205,6054
NEW,O-6055,SELL,101,2,1786140799205,6055
NEW,O-6056,BUY,103,15,1786140799205,6056
NEW,O-6057,SELL,95,10,1786140799205,6057
NEW,O-6058,BUY,109,18,1786140799205,6058
NEW,O-6059,SELL,97,2,1786140799205,6059
NEW,O-6060,SELL,94,3,1786140799205,6060
NEW,O-6061,SELL,92,8,1786140799205,6061
NEW,O-6062,BUY,97,3,1786140799205,6062
NEW,O-6063,BUY,90,18,1786140799205,6063
NEW,O-6064,BUY,107,14,1786140799205,6064
NEW,O-6065,BUY,95,15,1786140799205,6065
NEW,O-6066,SELL,91,20,1786140799205,6066
NEW,O-6067,BUY,90,2,1786140799205,6067
NEW,O-6068,BUY,107,10,1786140799205,6068
NEW,O-6069,BUY,110,7,1786140799205,6069
NEW,O-6070,SELL,104,4,1786140799205,6070
NEW,O-6071,SELL,96,19,1786140799205,6071
NEW,O-6072,SELL,106,11,1786140799205,6072
NEW,O-6073,SELL,107,2,1786140799205,6073
NEW,O-6074,SELL,109,4,1786140799205,6074
NEW,O-6075,BUY,108,4,1786140799205,6075
NEW,O-6076,SELL,92,8,1786140799205,6076
NEW,O-6077,SELL,106,7,1786140799205,6077
NEW,O-6078,BUY,103,17,1786140799205,6078
NEW,O-6079,BUY,93,10,1786140799205,6079
NEW,O-6080,SELL,101,15,1786140799205,6080
NEW,O-6081,BUY,101,2,1786140799205,6081
NEW,O-6082,SELL,109,6,1786140799205,6082
NEW,O-6083,SELL,94,15,1786140799205,6083
NEW,O-6084,SELL,100,18,1786140799205,6084
NEW,O-6085,BUY,90,5,1786140799205,6085
NEW,O-6086,BUY,101,6,1786140799205,6086
NEW,O-6087,SELL,110,6,1786140799205,6087
NEW,O-6088,SELL,104,16,1786140799205,6088
NEW,O-6089,BUY,96,4,1786140799205,6089
NEW,O-6090,BUY,101,3,1786140799205,6090
NEW,O-6091,BUY,97,6,1786140799205,6091
NEW,O-6092,BUY,95,11,1786140799205,6092
NEW,O-6093,BUY,108,11,1786140799205,6093
NEW,O-6094,BUY,97,10,1786140799205,6094
NEW,O-6095,BUY,92,6,1786140799205,6095
NEW,O-6096,BUY,96,2,1786140799205,6096
NEW,O-6097,SELL,100,16,1786140799205,6097
NEW,O-6098,BUY,94,7,1786140799205,6098
NEW,O-6099,BUY,106,3,1786140799205,6099
NEW,O-5928,SELL,101,14,1786140799205,5928
NEW,O-6102,SELL,93,20,1786140799205,6102
NEW,O-6103,SELL,94,10,1786140799205,6103
NEW,O-6104,SELL,103,5,1786140799205,6104
NEW,O-6105,BUY,99,18,1786140799205,6105
NEW,O-6106,SELL,99,8,1786140799205,6106
NEW,O-6107,BUY,100,18,1786140799205,6107
NEW,O-6108,SELL,101,9,1786140799205,6108
NEW,O-6109,SELL,104,11,1786140799205,6109
NEW,O-6110,SELL,93,9,1786140799205,6110
NEW,O-6111,SELL,109,19,1786140799205,6111
NEW,O-6112,SELL,97,3,1786140799205,6112
NEW,O-6113,BUY,109,10,1786140799205,6113
NEW,O-6114,SELL,110,14,1786140799205,6114
NEW,O-6115,BUY,107,19,1786140799205,6115
NEW,O-6116,BUY,95,8,1786140799205,6116
NEW,O-6117,SELL,94,4,1786140799205,6117
NEW,O-6118,SELL,104,6,1786140799205,6118
NEW,O-6119,BUY,93,20,1786140799205,6119
NEW,O-6120,BUY,106,7,1786140799205,6120
NEW,O-6121,BUY,97,16,1786140799205,6121
NEW,O-6122,BUY,105,10,1786140799205,6122
NEW,O-6123,BUY,102,17,1786140799205,6123
NEW,O-6124,BUY,105,12,1786140799205,6124
NEW,O-6125,BUY,109,13,1786140799205,6125
NEW,O-6126,SELL,104,18,1786140799205,6126
NEW,O-6127,BUY,90,9,1786140799205,6127
NEW,O-6128,SELL,92,19,1786140799205,6128
NEW,O-6129,SELL,101,14,1786140799205,6129
NEW,O-6130,SELL,92,6,1786140799205,6130
NEW,O-6131,BUY,97,17,1786140799205,6131
NEW,O-6132,BUY,92,8,1786140799205,6132
NEW,O-6133,SELL,107,2,1786140799205,6133
NEW,O-6134,SELL,105,13,1786140799205,6134
NEW,O-6135,BUY,107,4,1786140799205,6135
NEW,O-6136,SELL,106,14,1786140799205,6136
NEW,O-6137,SELL,108,6,1786140799205,6137
NEW,O-6138,SELL,105,5,1786140799205,6138
NEW,O-6139,BUY,109,16,1786140799205,6139
NEW,O-6140,BUY,106,7,1786140799205,6140
NEW,O-6141,SELL,94,7,1786140799205,6141
NEW,O-6142,BUY,94,14,1786140799205,6142
NEW,O-6143,SELL,106,9,1786140799205,6143
NEW,O-6144,SELL,107,8,1786140799205,6144
NEW,O-6145,SELL,95,16,1786140799205,6145
NEW,O-6146,BUY,105,11,1786140799205,6146
NEW,O-6147,SELL,103,14,1786140799205,6147
NEW,O-6148,SELL,100,10,1786140799205,6148
NEW,O-6149,BUY,91,16,1786140799205,6149
NEW,O-6150,BUY,108,17,1786140799205,6150
NEW,O-6151,BUY,94,1,1786140799205,6151
NEW,O-6152,BUY,96,7,1786140799205,6152
NEW,O-6153,SELL,96,10,1786140799205,6153
NEW,O-6154,SELL,106,12,1786140799205,6154
NEW,O-6155,BUY,94,4,1786140799205,6155
NEW,O-6156,SELL,95,12,1786140799205,6156
NEW,O-6157,BUY,106,9,1786140799205,6157
NEW,O-6158,BUY,110,3,1786140799205,6158
NEW,O-6159,BUY,108,19,1786140799205,6159
NEW,O-6160,SELL,105,19,1786140799205,6160
NEW,O-6161,SELL,98,3,1786140799205,6161
NEW,O-6162,BUY,106,1,1786140799205,6162
NEW,O-6163,BUY,91,10,1786140799205,6163
NEW,O-6164,SELL,108,13,1786140799205,6164
NEW,O-6165,BUY,94,1,1786140799205,6165
NEW,O-6166,SELL,90,15,1786140799205,6166
NEW,O-6167,SELL,109,13,1786140799205,6167
NEW,O-6168,BUY,105,8,1786140799205,6168
NEW,O-6169,SELL,96,17,1786140799205,6169
NEW,O-6170,SELL,99,6,1786140799205,6170
NEW,O-6171,BUY,93,12,1786140799205,6171
NEW,O-6172,SELL,102,1,1786140799205,6172
NEW,O-6173,BUY,101,3,1786140799205,6173
NEW,O-6174,SELL,93,12,1786140799205,6174
NEW,O-6175,SELL,102,15,1786140799205,6175
NEW,O-6176,SELL,90,20,1786140799205,6176
NEW,O-6177,BUY,96,7,1786140799205,6177
NEW,O-6178,SELL,107,11,1786140799205,6178
NEW,O-6179,BUY,94,5,1786140799205,6179
NEW,O-6180,BUY,91,16,1786140799205,6180
NEW,O-6181,SELL,108,3,1786140799205,6181
NEW,O-6182,SELL,91,6,1786140799205,6182
NEW,O-6183,BUY,107,10,1786140799205,6183
NEW,O-6184,SELL,100,8,1786140799205,6184
NEW,O-6185,BUY,92,11,1786140799205,6185
NEW,O-6186,SELL,105,10,1786140799205,6186
NEW,O-6187,BUY,108,14,1786140799205,6187
NEW,O-6188,BUY,94,14,1786140799205,6188
NEW,O-6189,BUY,94,8,1786140799205,6189
NEW,O-6190,SELL,94,18,1786140799205,6190
NEW,O-6191,SELL,100,9,1786140799205,6191
NEW,O-6192,SELL,96,5,1786140799205,6192
NEW,O-6193,SELL,108,16,1786140799205,6193
NEW,O-6194,BUY,91,16,1786140799205,6194
NEW,O-6195,SELL,90,15,1786140799205,6195
NEW,O-6196,SELL,94,8,1786140799205,6196
NEW,O-6197,SELL,105,18,1786140799205,6197
NEW,O-6198,SELL,105,1,1786140799205,6198
NEW,O-6199,SELL,99,7,1786140799205,6199
NEW,O-6200,SELL,110,7,1786140799205,6200
NEW,O-6201,BUY,108,4,1786140799205,6201
NEW,O-6202,BUY,102,6,1786140799205,6202
NEW,O-6203,BUY,91,6,1786140799205,6203
NEW,O-6204,BUY,94,7,1786140799205,6204
NEW,O-6205,SELL,101,19,1786140799205,6205
NEW,O-6206,SELL,104,15,1786140799205,6206
NEW,O-6207,BUY,97,19,1786140799205,6207
NEW,O-6208,SELL,99,6,1786140799205,6208
NEW,O-6209,BUY,106,14,1786140799205,6209
NEW,O-6210,SELL,96,13,1786140799205,6210
NEW,O-6211,SELL,103,5,1786140799205,6211
NEW,O-6212,BUY,96,6,1786140799205,6212
NEW,O-6213,SELL,97,8,1786140799205,6213
NEW,O-6214,BUY,104,5,1786140799205,6214
NEW,O-6215,BUY,100,5,1786140799205,6215
NEW,O-6216,SELL,108,13,1786140799205,6216
NEW,O-6217,BUY,99,16,1786140799205,6217
NEW,O-6218,BUY,103,11,1786140799205,6218
NEW,O-6219,BUY,90,11,1786140799205,6219
NEW,O-6220,SELL,104,7,1786140799205,6220
NEW,O-6221,BUY,109,5,1786140799205,6221
NEW,O-6222,SELL,95,6,1786140799205,6222
NEW,O-6223,BUY,95,2,1786140799205,6223
NEW,O-6224,BUY,102,13,1786140799205,6224
NEW,O-6225,SELL,105,13,1786140799205,6225
NEW,O-6226,SELL,94,16,1786140799205,6226
NEW,O-6227,BUY,98,15,1786140799205,6227
NEW,O-6228,SELL,94,5,1786140799205,6228
NEW,O-6229,SELL,90,12,1786140799205,6229
NEW,O-6230,BUY,98,20,1786140799205,6230
NEW,O-6231,SELL,100,20,1786140799205,6231
NEW,O-6232,SELL,93,13,1786140799205,6232
NEW,O-6233,SELL,106,12,1786140799205,6233
NEW,O-6234,SELL,103,2,1786140799205,6234
NEW,O-6235,BUY,101,14,1786140799205,6235
NEW,O-6236,BUY,100,3,1786140799205,6236
NEW,O-6237,SELL,110,19,1786140799205,6237
NEW,O-6238,BUY,93,11,1786140799205,6238
NEW,O-6239,SELL,92,13,1786140799205,6239
NEW,O-6240,SELL,107,3,1786140799205,6240
NEW,O-6241,SELL,107,2,1786140799205,6241
NEW,O-6242,SELL,93,7,1786140799205,6242
NEW,O-6243,BUY,101,19,1786140799205,6243
NEW,O-6244,SELL,103,20,1786140799205,6244
NEW,O-6245,SELL,91,8,1786140799205,6245
NEW,O-6246,BUY,92,10,1786140799205,6246
NEW,O-6247,SELL,98,3,1786140799205,6247
NEW,O-6249,SELL,110,17,1786140799205,6249
NEW,O-6248,BUY,106,19,1786140799205,6248
NEW,O-6250,SELL,104,7,1786140799205,6250
NEW,O-6251,SELL,95,2,1786140799205,6251
NEW,O-6252,BUY,91,10,1786140799205,6252
NEW,O-6253,SELL,99,15,1786140799205,6253
NEW,O-6254,SELL,100,19,1786140799205,6254
NEW,O-5934,SELL,108,11,1786140799205,5934
NEW,O-6256,SELL,96,13,1786140799205,6256
NEW,O-6257,SELL,109,1,1786140799205,6257
NEW,O-6258,SELL,93,19,1786140799205,6258
NEW,O-6259,BUY,95,1,1786140799205,6259
NEW,O-6261,SELL,109,6,1786140799205,6261
NEW,O-6262,SELL,110,6,1786140799205,6262
NEW,O-6260,BUY,95,2,1786140799205,6260
NEW,O-6263,SELL,98,15,1786140799205,6263
NEW,O-6264,BUY,107,11,1786140799205,6264
NEW,O-6266,BUY,108,13,1786140799205,6266
NEW,O-6265,SELL,103,7,1786140799205,6265
NEW,O-6268,BUY,99,17,1786140799205,6268
NEW,O-6100,BUY,106,3,1786140799205,6100
NEW,O-6269,SELL,91,11,1786140799205,6269
NEW,O-6270,SELL,97,10,1786140799205,6270
NEW,O-6272,BUY,91,6,1786140799205,6272
NEW,O-6271,SELL,107,11,1786140799205,6271
NEW,O-6273,BUY,101,6,1786140799205,6273
NEW,O-6274,SELL,99,4,1786140799205,6274
NEW,O-6275,BUY,103,12,1786140799205,6275
NEW,O-6276,SELL,101,19,1786140799205,6276
NEW,O-6277,BUY,109,18,1786140799205,6277
NEW,O-6278,SELL,109,4,1786140799205,6278
NEW,O-6101,SELL,103,14,1786140799205,6101
NEW,O-6280,SELL,107,10,1786140799205,6280
NEW,O-6279,SELL,92,16,1786140799205,6279
NEW,O-6281,BUY,91,4,1786140799205,6281
NEW,O-6282,BUY,95,12,1786140799205,6282
NEW,O-6255,BUY,94,6,1786140799205,6255
NEW,O-6283,BUY,101,20,1786140799205,6283
NEW,O-6267,BUY,110,14,1786140799205,6267
NEW,O-6285,SELL,91,14,1786140799205,6285
NEW,O-6287,SELL,91,3,1786140799205,6287
NEW,O-6288,SELL,98,5,1786140799205,6288
NEW,O-6286,BUY,100,10,1786140799205,6286
NEW,O-6290,SELL,104,9,1786140799205,6290
NEW,O-6289,SELL,105,2,1786140799205,6289
NEW,O-6291,BUY,92,4,1786140799205,6291
NEW,O-6292,SELL,92,20,1786140799205,6292
NEW,O-6293,BUY,106,9,1786140799205,6293
NEW,O-6294,SELL,99,13,1786140799205,6294
NEW,O-6295,BUY,106,8,1786140799205,6295
NEW,O-6296,SELL,107,12,1786140799205,6296
NEW,O-6297,BUY,100,11,1786140799205,6297
NEW,O-6299,SELL,91,5,1786140799205,6299
NEW,O-6300,SELL,101,10,1786140799205,6300
NEW,O-6301,SELL,107,4,1786140799205,6301
NEW,O-6298,SELL,92,8,1786140799205,6298
NEW,O-6303,SELL,99,17,1786140799205,6303
NEW,O-6304,SELL,92,2,1786140799205,6304
NEW,O-6284,BUY,98,5,1786140799205,6284
NEW,O-6305,BUY,93,5,1786140799205,6305
NEW,O-6306,SELL,110,20,1786140799205,6306
NEW,O-6307,SELL,96,4,1786140799205,6307
NEW,O-6308,SELL,110,18,1786140799205,6308
NEW,O-6309,SELL,98,7,1786140799205,6309
NEW,O-6310,BUY,95,10,1786140799205,6310
NEW,O-6311,BUY,103,17,1786140799205,6311
NEW,O-6312,SELL,105,15,1786140799205,6312
NEW,O-6313,BUY,109,12,1786140799205,6313
NEW,O-6314,BUY,98,2,1786140799205,6314
NEW,O-6315,SELL,92,1,1786140799205,6315
NEW,O-6316,SELL,94,15,1786140799205,6316
NEW,O-6318,SELL,91,4,1786140799205,6318
NEW,O-6302,SELL,106,6,1786140799205,6302
NEW,O-6319,BUY,97,6,1786140799205,6319
NEW,O-6321,SELL,102,19,1786140799205,6321
NEW,O-6320,SELL,104,14,1786140799205,6320
NEW,O-6323,SELL,108,20,1786140799205,6323
NEW,O-6324,SELL,110,2,1786140799205,6324
NEW,O-6325,SELL,104,16,1786140799205,6325
NEW,O-6317,BUY,103,20,1786140799205,6317
NEW,O-6328,SELL,109,13,1786140799205,6328
NEW,O-6327,SELL,92,3,1786140799205,6327
NEW,O-6329,BUY,105,20,1786140799205,6329
NEW,O-6330,SELL,92,18,1786140799205,6330
NEW,O-6332,BUY,107,18,1786140799205,6332
NEW,O-6331,BUY,101,13,1786140799205,6331
NEW,O-6333,BUY,97,14,1786140799205,6333
NEW,O-6334,BUY,109,20,1786140799205,6334
NEW,O-6335,SELL,102,4,1786140799205,6335
NEW,O-6337,SELL,98,1,1786140799205,6337
NEW,O-6336,BUY,109,1,1786140799205,6336
NEW,O-6338,BUY,91,9,1786140799205,6338
NEW,O-6339,SELL,92,11,1786140799205,6339
NEW,O-6341,BUY,91,5,1786140799205,6341
NEW,O-6340,SELL,108,12,1786140799205,6340
NEW,O-6343,SELL,91,6,1786140799205,6343
NEW,O-6342,BUY,101,11,1786140799205,6342
NEW,O-6344,BUY,95,18,1786140799205,6344
NEW,O-6345,BUY,101,9,1786140799205,6345
NEW,O-6346,SELL,100,8,1786140799205,6346
NEW,O-6322,BUY,110,11,1786140799205,6322
NEW,O-6348,BUY,109,6,1786140799205,6348
NEW,O-6349,BUY,94,15,1786140799205,6349
NEW,O-6350,SELL,103,5,1786140799205,6350
NEW,O-6351,SELL,108,15,1786140799205,6351
NEW,O-6326,SELL,104,4,1786140799205,6326
NEW,O-6352,SELL,103,12,1786140799205,6352
NEW,O-6353,BUY,103,13,1786140799205,6353
NEW,O-6355,SELL,94,20,1786140799205,6355
NEW,O-6354,BUY,106,7,1786140799205,6354
NEW,O-6358,SELL,91,1,1786140799205,6358
NEW,O-6357,BUY,108,3,1786140799205,6357
NEW,O-6347,SELL,108,16,1786140799205,6347
NEW,O-6359,SELL,108,20,1786140799205,6359
NEW,O-6361,SELL,91,17,1786140799205,6361
NEW,O-6362,SELL,106,6,1786140799205,6362
NEW,O-6360,BUY,97,3,1786140799205,6360
NEW,O-6364,BUY,91,20,1786140799205,6364
NEW,O-6365,BUY,110,9,1786140799205,6365
NEW,O-6366,SELL,102,11,1786140799205,6366
NEW,O-6356,BUY,90,3,1786140799205,6356
NEW,O-6367,BUY,91,7,1786140799205,6367
NEW,O-6369,BUY,93,14,1786140799205,6369
NEW,O-6368,SELL,105,1,1786140799205,6368
NEW,O-6370,BUY,109,18,1786140799205,6370
NEW,O-6371,SELL,98,14,1786140799205,6371
NEW,O-6372,BUY,102,13,1786140799205,6372
NEW,O-6373,SELL,100,6,1786140799205,6373
NEW,O-6375,SELL,105,15,1786140799205,6375
NEW,O-6374,BUY,92,14,1786140799205,6374
NEW,O-6377,BUY,97,20,1786140799205,6377
NEW,O-6378,BUY,92,1,1786140799205,6378
NEW,O-6363,SELL,97,17,1786140799205,6363
NEW,O-6379,SELL,107,18,1786140799205,6379
NEW,O-6380,BUY,97,18,1786140799205,6380
NEW,O-6381,BUY,108,11,1786140799205,6381
NEW,O-6382,SELL,100,19,1786140799205,6382
NEW,O-6383,SELL,99,10,1786140799205,6383
NEW,O-6385,SELL,98,20,1786140799205,6385
NEW,O-6386,SELL,110,19,1786140799205,6386
NEW,O-6388,SELL,100,16,1786140799205,6388
NEW,O-6389,BUY,99,1,1786140799205,6389
NEW,O-6387,BUY,101,5,1786140799205,6387
NEW,O-6390,BUY,107,6,1786140799205,6390
NEW,O-6391,BUY,104,14,1786140799205,6391
NEW,O-6392,BUY,109,5,1786140799205,6392
NEW,O-6393,SELL,99,15,1786140799205,6393
NEW,O-6395,BUY,93,2,1786140799205,6395
NEW,O-6376,SELL,99,9,1786140799205,6376
NEW,O-6394,SELL,104,5,1786140799205,6394
NEW,O-6384,SELL,91,4,1786140799205,6384
NEW,O-6398,SELL,108,4,1786140799205,6398
NEW,O-6396,BUY,102,19,1786140799205,6396
NEW,O-6399,SELL,102,8,1786140799205,6399
NEW,O-6400,SELL,94,17,1786140799205,6400
NEW,O-6401,BUY,94,7,1786140799205,6401
NEW,O-6403,SELL,101,12,1786140799205,6403
NEW,O-6404,SELL,109,5,1786140799205,6404
NEW,O-6406,SELL,95,13,1786140799205,6406
NEW,O-6402,SELL,100,20,1786140799205,6402
NEW,O-6405,BUY,93,10,1786140799205,6405
NEW,O-6408,BUY,104,11,1786140799205,6408
NEW,O-6410,SELL,105,1,1786140799205,6410
NEW,O-6409,SELL,100,13,1786140799205,6409
NEW,O-6411,BUY,104,8,1786140799205,6411
NEW,O-6397,SELL,90,6,1786140799205,6397
NEW,O-6414,SELL,98,12,1786140799205,6414
NEW,O-6415,BUY,90,9,1786140799205,6415
NEW,O-6407,BUY,90,4,1786140799205,6407
NEW,O-6416,SELL,100,10,1786140799205,6416
NEW,O-6418,SELL,92,7,1786140799205,6418
NEW,O-6413,BUY,98,20,1786140799205,6413
NEW,O-6419,BUY,98,9,1786140799205,6419
NEW,O-6417,BUY,100,2,1786140799205,6417
NEW,O-6420,SELL,108,18,1786140799205,6420
NEW,O-6421,BUY,92,1,1786140799205,6421
NEW,O-6422,SELL,102,7,1786140799206,6422
NEW,O-6423,BUY,92,15,1786140799206,6423
NEW,O-6424,SELL,90,8,1786140799206,6424
NEW,O-6425,BUY,107,18,1786140799206,6425
NEW,O-6427,BUY,92,19,1786140799206,6427
NEW,O-6426,SELL,96,18,1786140799206,6426
NEW,O-6428,BUY,91,18,1786140799206,6428
NEW,O-6430,SELL,100,4,1786140799206,6430
NEW,O-6412,SELL,101,15,1786140799205,6412
NEW,O-6432,BUY,97,16,1786140799206,6432
NEW,O-6433,SELL,105,11,1786140799206,6433
NEW,O-6431,SELL,107,16,1786140799206,6431
NEW,O-6434,BUY,97,15,1786140799206,6434
NEW,O-6436,SELL,90,12,1786140799206,6436
NEW,O-6429,SELL,104,15,1786140799206,6429
NEW,O-6437,SELL,93,4,1786140799206,6437
NEW,O-6438,SELL,104,3,1786140799206,6438
NEW,O-6440,BUY,104,13,1786140799206,6440
NEW,O-6441,SELL,107,18,1786140799206,6441
NEW,O-6442,BUY,96,13,1786140799206,6442
NEW,O-6435,SELL,91,9,1786140799206,6435
NEW,O-6444,SELL,93,7,1786140799206,6444
NEW,O-6443,SELL,110,19,1786140799206,6443
NEW,O-6446,SELL,94,17,1786140799206,6446
NEW,O-6439,SELL,90,1,1786140799206,6439
NEW,O-6447,BUY,91,3,1786140799206,6447
NEW,O-6448,SELL,107,16,1786140799206,6448
NEW,O-6449,SELL,106,8,1786140799206,6449
NEW,O-6451,SELL,96,17,1786140799206,6451
NEW,O-6450,BUY,102,15,1786140799206,6450
NEW,O-6452,BUY,102,13,1786140799206,6452
NEW,O-6453,BUY,90,15,1786140799206,6453
NEW,O-6455,SELL,105,3,1786140799206,6455
NEW,O-6454,SELL,101,9,1786140799206,6454
NEW,O-6456,SELL,105,8,1786140799206,6456
NEW,O-6457,SELL,92,10,1786140799206,6457
NEW,O-6458,SELL,92,16,1786140799206,6458
NEW,O-6459,BUY,109,8,1786140799206,6459
NEW,O-6461,BUY,102,2,1786140799206,6461
NEW,O-6460,SELL,91,16,1786140799206,6460
NEW,O-6462,SELL,102,14,1786140799206,6462
NEW,O-6463,SELL,93,8,1786140799206,6463
NEW,O-6464,BUY,104,4,1786140799206,6464
NEW,O-6466,SELL,105,9,1786140799206,6466
NEW,O-6465,BUY,96,13,1786140799206,6465
NEW,O-6468,BUY,100,1,1786140799206,6468
NEW,O-6469,BUY,103,9,1786140799206,6469
NEW,O-6471,SELL,90,18,1786140799206,6471
NEW,O-6472,BUY,92,3,1786140799206,6472
NEW,O-6470,SELL,99,20,1786140799206,6470
NEW,O-6474,BUY,102,18,1786140799206,6474
NEW,O-6473,BUY,94,8,1786140799206,6473
NEW,O-6476,SELL,93,13,1786140799206,6476
NEW,O-6477,BUY,105,14,1786140799206,6477
NEW,O-6475,SELL,104,3,1786140799206,6475
NEW,O-6478,SELL,107,4,1786140799206,6478
NEW,O-6479,BUY,92,8,1786140799206,6479
NEW,O-6480,SELL,103,20,1786140799206,6480
NEW,O-6481,BUY,95,1,1786140799206,6481
NEW,O-6483,SELL,96,5,1786140799206,6483
NEW,O-6482,BUY,90,11,1786140799206,6482
NEW,O-6484,BUY,100,2,1786140799206,6484
NEW,O-6485,BUY,95,7,1786140799206,6485
NEW,O-6487,SELL,106,13,1786140799206,6487
NEW,O-6489,SELL,101,3,1786140799206,6489
NEW,O-6488,BUY,103,20,1786140799206,6488
NEW,O-6486,BUY,103,8,1786140799206,6486
NEW,O-6491,SELL,104,10,1786140799206,6491
NEW,O-6445,BUY,106,20,1786140799206,6445
NEW,O-6493,SELL,98,10,1786140799206,6493
NEW,O-6467,SELL,93,17,1786140799206,6467
NEW,O-6494,SELL,110,8,1786140799206,6494
NEW,O-6495,SELL,110,14,1786140799206,6495
NEW,O-6496,BUY,109,20,1786140799206,6496
NEW,O-6497,SELL,104,9,1786140799206,6497
NEW,O-6499,BUY,104,14,1786140799206,6499
NEW,O-6498,BUY,93,6,1786140799206,6498
NEW,O-6500,SELL,106,2,1786140799206,6500
NEW,O-6502,BUY,90,2,1786140799206,6502
NEW,O-6501,SELL,109,4,1786140799206,6501
NEW,O-6504,BUY,105,1,1786140799206,6504
NEW,O-6503,BUY,105,10,1786140799206,6503
NEW,O-6506,SELL,96,13,1786140799206,6506
NEW,O-6505,BUY,108,3,1786140799206,6505
NEW,O-6507,SELL,91,12,1786140799206,6507
NEW,O-6508,BUY,90,1,1786140799206,6508
NEW,O-6509,BUY,96,16,1786140799206,6509
NEW,O-6510,BUY,105,20,1786140799206,6510
NEW,O-6511,BUY,110,4,1786140799206,6511
NEW,O-6513,SELL,101,2,1786140799206,6513
NEW,O-6512,SELL,92,6,1786140799206,6512
NEW,O-6514,SELL,91,4,1786140799206,6514
NEW,O-6490,SELL,91,18,1786140799206,6490
NEW,O-6516,SELL,104,1,1786140799206,6516
NEW,O-6517,SELL,107,14,1786140799206,6517
NEW,O-6492,SELL,92,4,1786140799206,6492
NEW,O-6518,SELL,100,6,1786140799206,6518
NEW,O-6521,SELL,90,7,1786140799206,6521
NEW,O-6515,BUY,103,6,1786140799206,6515
NEW,O-6523,BUY,98,1,1786140799206,6523
NEW,O-6522,BUY,105,10,1786140799206,6522
NEW,O-6524,BUY,102,11,1786140799206,6524
NEW,O-6525,SELL,99,14,1786140799206,6525
NEW,O-6526,SELL,107,12,1786140799206,6526
NEW,O-6527,BUY,107,13,1786140799206,6527
NEW,O-6528,SELL,102,8,1786140799206,6528
NEW,O-6529,SELL,103,1,1786140799206,6529
NEW,O-6530,SELL,96,12,1786140799206,6530
NEW,O-6531,SELL,93,2,1786140799206,6531
NEW,O-6532,BUY,93,10,1786140799206,6532
NEW,O-6534,BUY,106,1,1786140799206,6534
NEW,O-6535,BUY,104,15,1786140799206,6535
NEW,O-6533,BUY,97,12,1786140799206,6533
NEW,O-6536,SELL,100,5,1786140799206,6536
NEW,O-6537,SELL,110,7,1786140799206,6537
NEW,O-6538,SELL,95,10,1786140799206,6538
NEW,O-6540,SELL,102,17,1786140799206,6540
NEW,O-6519,BUY,104,2,1786140799206,6519
NEW,O-6541,SELL,94,8,1786140799206,6541
NEW,O-6542,SELL,109,1,1786140799206,6542
NEW,O-6544,BUY,104,5,1786140799206,6544
NEW,O-6545,BUY,108,19,1786140799206,6545
NEW,O-6543,BUY,93,8,1786140799206,6543
NEW,O-6520,BUY,90,4,1786140799206,6520
NEW,O-6547,BUY,110,17,1786140799206,6547
NEW,O-6548,SELL,92,9,1786140799206,6548
NEW,O-6549,BUY,107,17,1786140799206,6549
NEW,O-6539,SELL,92,14,1786140799206,6539
NEW,O-6550,SELL,101,19,1786140799206,6550
NEW,O-6551,SELL,110,4,1786140799206,6551
NEW,O-6554,BUY,96,18,1786140799206,6554
NEW,O-6553,SELL,90,9,1786140799206,6553
NEW,O-6555,SELL,92,14,1786140799206,6555
NEW,O-6556,BUY,109,19,1786140799206,6556
NEW,O-6557,SELL,105,17,1786140799206,6557
NEW,O-6558,BUY,100,16,1786140799206,6558
NEW,O-6552,BUY,109,20,1786140799206,6552
NEW,O-6560,BUY,100,19,1786140799206,6560
NEW,O-6546,SELL,110,7,1786140799206,6546
NEW,O-6561,SELL,95,19,1786140799206,6561
NEW,O-6562,SELL,100,17,1786140799206,6562
NEW,O-6563,BUY,102,7,1786140799206,6563
NEW,O-6564,SELL,105,16,1786140799206,6564
NEW,O-6566,SELL,105,3,1786140799206,6566
NEW,O-6565,SELL,101,17,1786140799206,6565
NEW,O-6559,BUY,96,5,1786140799206,6559
NEW,O-6567,SELL,93,19,1786140799206,6567
NEW,O-6569,SELL,110,6,1786140799206,6569
NEW,O-6570,SELL,99,9,1786140799206,6570
NEW,O-6571,SELL,98,16,1786140799206,6571
NEW,O-6568,SELL,109,7,1786140799206,6568
NEW,O-6572,BUY,108,13,1786140799206,6572
NEW,O-6574,BUY,104,1,1786140799206,6574
NEW,O-6573,BUY,109,5,1786140799206,6573
NEW,O-6575,SELL,93,15,1786140799206,6575
NEW,O-6577,SELL,100,15,1786140799206,6577
NEW,O-6576,SELL,100,13,1786140799206,6576
NEW,O-6578,SELL,106,4,1786140799206,6578
NEW,O-6580,SELL,101,7,1786140799206,6580
NEW,O-6581,SELL,91,7,1786140799206,6581
NEW,O-6579,BUY,93,16,1786140799206,6579
NEW,O-6582,BUY,100,15,1786140799206,6582
NEW,O-6583,BUY,90,12,1786140799206,6583
NEW,O-6585,BUY,90,11,1786140799206,6585
NEW,O-6586,BUY,104,17,1786140799206,6586
NEW,O-6587,BUY,99,5,1786140799206,6587
NEW,O-6588,BUY,101,17,1786140799206,6588
NEW,O-6589,BUY,96,5,1786140799206,6589
NEW,O-6590,SELL,105,3,1786140799206,6590
NEW,O-6591,BUY,106,10,1786140799206,6591
NEW,O-6592,SELL,97,15,1786140799206,6592
NEW,O-6593,SELL,104,17,1786140799206,6593
NEW,O-6594,BUY,90,8,1786140799206,6594
NEW,O-6596,SELL,97,2,1786140799206,6596
NEW,O-6595,BUY,93,6,1786140799206,6595
NEW,O-6597,BUY,100,3,1786140799206,6597
NEW,O-6584,BUY,94,20,1786140799206,6584
NEW,O-6599,SELL,93,8,1786140799206,6599
NEW,O-6600,SELL,103,11,1786140799206,6600
NEW,O-6598,BUY,107,20,1786140799206,6598
NEW,O-6601,BUY,99,5,1786140799206,6601
NEW,O-6602,BUY,97,1,1786140799206,6602
NEW,O-6604,SELL,103,9,1786140799206,6604
NEW,O-6603,SELL,102,11,1786140799206,6603
NEW,O-6605,BUY,102,10,1786140799206,6605
NEW,O-6606,SELL,109,19,1786140799206,6606
NEW,O-6607,SELL,90,2,1786140799206,6607
NEW,O-6608,BUY,104,1,1786140799206,6608
NEW,O-6609,SELL,107,3,1786140799206,6609
NEW,O-6610,SELL,95,3,1786140799206,6610
NEW,O-6611,BUY,100,14,1786140799206,6611
NEW,O-6613,BUY,99,9,1786140799206,6613
NEW,O-6614,SELL,101,12,1786140799206,6614
NEW,O-6615,BUY,96,20,1786140799206,6615
NEW,O-6616,BUY,110,4,1786140799206,6616
NEW,O-6617,SELL,97,15,1786140799206,6617
NEW,O-6618,SELL,105,17,1786140799206,6618
NEW,O-6612,BUY,106,1,1786140799206,6612
NEW,O-6619,BUY,95,3,1786140799206,6619
NEW,O-6620,SELL,102,6,1786140799206,6620
NEW,O-6621,BUY,97,16,1786140799206,6621
NEW,O-6622,SELL,94,5,1786140799206,6622
NEW,O-6624,SELL,93,12,1786140799206,6624
NEW,O-6626,SELL,93,20,1786140799206,6626
NEW,O-6625,SELL,93,17,1786140799206,6625
NEW,O-6628,BUY,105,12,1786140799206,6628
NEW,O-6627,SELL,94,3,1786140799206,6627
NEW,O-6623,BUY,100,20,1786140799206,6623
NEW,O-6630,SELL,92,17,1786140799206,6630
NEW,O-6631,SELL,92,15,1786140799206,6631
NEW,O-6629,BUY,109,6,1786140799206,6629
NEW,O-6632,BUY,107,1,1786140799206,6632
NEW,O-6633,BUY,99,17,1786140799206,6633
NEW,O-6635,BUY,99,20,1786140799206,6635
NEW,O-6634,BUY,110,4,1786140799206,6634
NEW,O-6636,BUY,101,17,1786140799206,6636
NEW,O-6637,BUY,91,15,1786140799206,6637
NEW,O-6638,SELL,98,2,1786140799206,6638
NEW,O-6639,BUY,97,2,1786140799206,6639
NEW,O-6641,SELL,99,19,1786140799206,6641
NEW,O-6642,SELL,91,7,1786140799206,6642
NEW,O-6640,SELL,93,1,1786140799206,6640
NEW,O-6643,SELL,92,10,1786140799206,6643
NEW,O-6644,SELL,105,5,1786140799206,6644
NEW,O-6645,SELL,99,11,1786140799206,6645
NEW,O-6646,SELL,100,19,1786140799206,6646
NEW,O-6647,SELL,104,19,1786140799206,6647
NEW,O-6648,BUY,93,2,1786140799206,6648
NEW,O-6650,SELL,99,18,1786140799206,6650
NEW,O-6649,SELL,107,16,1786140799206,6649
NEW,O-6651,BUY,103,4,1786140799206,6651
NEW,O-6652,BUY,93,9,1786140799206,6652
NEW,O-6654,BUY,91,9,1786140799206,6654
NEW,O-6653,BUY,92,7,1786140799206,6653
NEW,O-6655,SELL,109,11,1786140799206,6655
NEW,O-6656,SELL,109,13,1786140799206,6656
NEW,O-6657,SELL,98,6,1786140799206,6657
NEW,O-6658,SELL,104,4,1786140799206,6658
NEW,O-6659,BUY,90,9,1786140799206,6659
NEW,O-6660,BUY,93,1,1786140799206,6660
NEW,O-6661,BUY,90,11,1786140799206,6661
NEW,O-6662,SELL,94,6,1786140799206,6662
NEW,O-6663,SELL,90,12,1786140799206,6663
NEW,O-6665,SELL,94,5,1786140799206,6665
NEW,O-6664,BUY,96,11,1786140799206,6664
NEW,O-6666,SELL,110,3,1786140799206,6666
NEW,O-6668,SELL,96,6,1786140799206,6668
NEW,O-6667,BUY,109,1,1786140799206,6667
NEW,O-6671,BUY,95,16,1786140799206,6671
NEW,O-6669,BUY,91,16,1786140799206,6669
NEW,O-6670,BUY,94,6,1786140799206,6670
NEW,O-6673,BUY,104,18,1786140799206,6673
NEW,O-6672,SELL,94,19,1786140799206,6672
NEW,O-6674,BUY,106,20,1786140799206,6674
NEW,O-6675,BUY,99,6,1786140799206,6675
NEW,O-6677,SELL,92,16,1786140799206,6677
NEW,O-6676,SELL,102,16,1786140799206,6676
NEW,O-6678,BUY,103,13,1786140799206,6678
NEW,O-6679,BUY,104,16,1786140799206,6679
NEW,O-6680,BUY,93,7,1786140799206,6680
NEW,O-6681,BUY,101,1,1786140799206,6681
NEW,O-6682,SELL,103,4,1786140799206,6682
NEW,O-6683,BUY,109,1,1786140799206,6683
NEW,O-6684,SELL,101,8,1786140799206,6684
NEW,O-6685,SELL,104,8,1786140799206,6685
NEW,O-6686,BUY,101,16,1786140799206,6686
NEW,O-6687,SELL,97,8,1786140799206,6687
NEW,O-6688,BUY,105,14,1786140799206,6688
NEW,O-6689,BUY,102,16,1786140799206,6689
NEW,O-6690,SELL,96,13,1786140799206,6690
NEW,O-6691,BUY,102,6,1786140799206,6691
NEW,O-6692,BUY,100,5,1786140799206,6692
NEW,O-6693,SELL,98,14,1786140799206,6693
NEW,O-6694,BUY,96,16,1786140799206,6694
NEW,O-6695,SELL,97,5,1786140799206,6695
NEW,O-6696,BUY,103,18,1786140799206,6696
NEW,O-6697,SELL,90,11,1786140799206,6697
NEW,O-6698,SELL,94,19,1786140799206,6698
NEW,O-6700,BUY,94,17,1786140799206,6700
NEW,O-6699,BUY,90,4,1786140799206,6699
NEW,O-6701,BUY,108,20,1786140799206,6701
NEW,O-6702,SELL,95,8,1786140799206,6702
NEW,O-6704,SELL,107,7,1786140799206,6704
NEW,O-6703,SELL,93,19,1786140799206,6703
NEW,O-6705,SELL,105,5,1786140799206,6705
NEW,O-6706,BUY,103,7,1786140799206,6706
NEW,O-6707,SELL,99,8,1786140799206,6707
NEW,O-6708,SELL,107,1,1786140799206,6708
NEW,O-6711,SELL,97,8,1786140799206,6711
NEW,O-6709,SELL,100,9,1786140799206,6709
NEW,O-6710,SELL,98,9,1786140799206,6710
NEW,O-6712,SELL,110,20,1786140799206,6712
NEW,O-6714,SELL,95,19,1786140799206,6714
NEW,O-6715,SELL,109,11,1786140799206,6715
NEW,O-6713,SELL,99,1,1786140799206,6713
NEW,O-6716,BUY,101,7,1786140799206,6716
NEW,O-6717,SELL,99,18,1786140799206,6717
NEW,O-6718,SELL,109,1,1786140799206,6718
NEW,O-6719,BUY,101,1,1786140799206,6719
NEW,O-6720,SELL,102,12,1786140799206,6720
NEW,O-6722,BUY,99,2,1786140799206,6722
NEW,O-6721,SELL,110,6,1786140799206,6721
NEW,O-6724,BUY,98,7,1786140799206,6724
NEW,O-6723,SELL,94,3,1786140799206,6723
NEW,O-6725,BUY,102,2,1786140799206,6725
NEW,O-6726,SELL,96,7,1786140799206,6726
NEW,O-6727,BUY,98,9,1786140799206,6727
NEW,O-6728,SELL,103,6,1786140799206,6728
NEW,O-6729,SELL,99,3,1786140799206,6729
NEW,O-6730,BUY,100,15,1786140799206,6730
NEW,O-6731,BUY,103,2,1786140799206,6731
NEW,O-6732,SELL,102,10,1786140799206,6732
NEW,O-6733,SELL,90,9,1786140799206,6733
NEW,O-6734,BUY,102,19,1786140799206,6734
NEW,O-6736,BUY,103,1,1786140799206,6736
NEW,O-6735,SELL,109,8,1786140799206,6735
NEW,O-6738,BUY,108,7,1786140799206,6738
NEW,O-6737,SELL,93,8,1786140799206,6737
NEW,O-6739,BUY,109,3,1786140799206,6739
NEW,O-6740,BUY,109,11,1786140799206,6740
NEW,O-6741,SELL,95,19,1786140799206,6741
NEW,O-6742,SELL,103,16,1786140799206,6742
NEW,O-6743,BUY,106,20,1786140799206,6743
NEW,O-6746,SELL,102,12,1786140799206,6746
NEW,O-6747,BUY,110,5,1786140799206,6747
NEW,O-6745,BUY,107,11,1786140799206,6745
NEW,O-6748,SELL,104,4,1786140799206,6748
NEW,O-6749,BUY,93,3,1786140799206,6749
NEW,O-6750,BUY,93,9,1786140799206,6750
NEW,O-6751,SELL,93,18,1786140799206,6751
NEW,O-6752,BUY,96,4,1786140799206,6752
NEW,O-6753,SELL,96,15,1786140799206,6753
NEW,O-6754,SELL,108,16,1786140799206,6754
NEW,O-6755,BUY,106,9,1786140799206,6755
NEW,O-6756,BUY,105,4,1786140799206,6756
NEW,O-6757,SELL,103,9,1786140799206,6757
NEW,O-6758,SELL,94,8,1786140799206,6758
NEW,O-6759,BUY,90,2,1786140799206,6759
NEW,O-6760,BUY,100,2,1786140799206,6760
NEW,O-6761,SELL,109,1,1786140799206,6761
NEW,O-6762,BUY,107,17,1786140799206,6762
NEW,O-6763,SELL,104,11,1786140799206,6763
NEW,O-6764,SELL,91,17,1786140799206,6764
NEW,O-6765,BUY,96,9,1786140799206,6765
NEW,O-6766,SELL,110,20,1786140799206,6766
NEW,O-6767,SELL,90,1,1786140799206,6767
NEW,O-6769,BUY,91,13,1786140799206,6769
NEW,O-6768,SELL,99,13,1786140799206,6768
NEW,O-6770,SELL,109,15,1786140799206,6770
NEW,O-6771,SELL,98,7,1786140799206,6771
NEW,O-6772,SELL,99,19,1786140799206,6772
NEW,O-6773,SELL,96,10,1786140799206,6773
NEW,O-6774,SELL,98,20,1786140799206,6774
NEW,O-6775,BUY,98,9,1786140799206,6775
NEW,O-6776,SELL,100,15,1786140799206,6776
NEW,O-6778,BUY,92,13,1786140799206,6778
NEW,O-6779,SELL,96,11,1786140799206,6779
NEW,O-6777,SELL,92,11,1786140799206,6777
NEW,O-6780,SELL,91,4,1786140799206,6780
NEW,O-6781,SELL,98,9,1786140799206,6781
NEW,O-6782,SELL,110,15,1786140799206,6782
NEW,O-6783,SELL,98,6,1786140799206,6783
NEW,O-6784,BUY,99,17,1786140799206,6784
NEW,O-6786,BUY,103,16,1786140799206,6786
NEW,O-6785,SELL,108,18,1786140799206,6785
NEW,O-6787,BUY,98,4,1786140799206,6787
NEW,O-6788,SELL,92,6,1786140799206,6788
NEW,O-6789,SELL,103,1,1786140799206,6789
NEW,O-6790,BUY,94,18,1786140799206,6790
NEW,O-6792,BUY,103,11,1786140799206,6792
NEW,O-6791,BUY,96,4,1786140799206,6791
NEW,O-6793,BUY,91,8,1786140799206,6793
NEW,O-6794,BUY,109,15,1786140799206,6794
NEW,O-6795,SELL,90,12,1786140799206,6795
NEW,O-6796,BUY,93,6,1786140799206,6796
NEW,O-6797,SELL,106,16,1786140799206,6797
NEW,O-6798,SELL,102,19,1786140799206,6798
NEW,O-6799,BUY,104,9,1786140799206,6799
NEW,O-6800,SELL,104,1,1786140799206,6800
NEW,O-6801,SELL,91,2,1786140799206,6801
NEW,O-6802,SELL,103,18,1786140799206,6802
NEW,O-6804,SELL,90,2,1786140799206,6804
NEW,O-6803,SELL,94,3,1786140799206,6803
NEW,O-6805,BUY,109,7,1786140799206,6805
NEW,O-6807,BUY,102,5,1786140799206,6807
NEW,O-6808,BUY,90,4,1786140799206,6808
NEW,O-6806,BUY,105,14,1786140799206,6806
NEW,O-6809,BUY,93,4,1786140799206,6809
NEW,O-6810,BUY,92,8,1786140799206,6810
NEW,O-6811,BUY,92,5,1786140799206,6811
NEW,O-6812,BUY,96,2,1786140799206,6812
NEW,O-6813,SELL,99,19,1786140799206,6813
NEW,O-6814,BUY,105,14,1786140799206,6814
NEW,O-6815,BUY,107,7,1786140799206,6815
NEW,O-6817,SELL,96,3,1786140799206,6817
NEW,O-6816,BUY,101,5,1786140799206,6816
NEW,O-6818,BUY,100,3,1786140799206,6818
NEW,O-6820,SELL,98,5,1786140799206,6820
NEW,O-6819,BUY,103,10,1786140799206,6819
NEW,O-6821,BUY,101,13,1786140799206,6821
NEW,O-6822,SELL,103,7,1786140799206,6822
NEW,O-6823,SELL,93,20,1786140799206,6823
NEW,O-6824,BUY,109,7,1786140799206,6824
NEW,O-6825,SELL,90,4,1786140799206,6825
NEW,O-6826,SELL,97,10,1786140799206,6826
NEW,O-6827,BUY,99,11,1786140799206,6827
NEW,O-6828,SELL,96,20,1786140799206,6828
NEW,O-6829,BUY,90,7,1786140799206,6829
NEW,O-6830,BUY,94,16,1786140799206,6830
NEW,O-6831,BUY,105,11,1786140799206,6831
NEW,O-6832,SELL,109,19,1786140799206,6832
NEW,O-6833,BUY,106,17,1786140799206,6833
NEW,O-6834,BUY,95,5,1786140799206,6834
NEW,O-6835,SELL,106,18,1786140799206,6835
NEW,O-6836,BUY,97,17,1786140799206,6836
NEW,O-6837,SELL,98,13,1786140799206,6837
NEW,O-6838,SELL,92,7,1786140799206,6838
NEW,O-6839,BUY,109,7,1786140799206,6839
NEW,O-6840,BUY,90,16,1786140799206,6840
NEW,O-6841,SELL,109,8,1786140799206,6841
NEW,O-6842,BUY,94,8,1786140799206,6842
NEW,O-6844,SELL,104,10,1786140799206,6844
NEW,O-6843,BUY,96,17,1786140799206,6843
NEW,O-6845,BUY,103,3,1786140799206,6845
NEW,O-6846,BUY,90,13,1786140799206,6846
NEW,O-6847,SELL,103,3,1786140799206,6847
NEW,O-6848,SELL,98,17,1786140799206,6848
NEW,O-6849,BUY,99,17,1786140799206,6849
NEW,O-6850,SELL,109,16,1786140799206,6850
NEW,O-6851,BUY,106,12,1786140799206,6851
NEW,O-6852,BUY,93,6,1786140799206,6852
NEW,O-6853,BUY,104,5,1786140799206,6853
NEW,O-6854,SELL,98,15,1786140799206,6854
NEW,O-6855,SELL,93,19,1786140799206,6855
NEW,O-6856,BUY,103,1,1786140799206,6856
NEW,O-6857,SELL,92,17,1786140799206,6857
NEW,O-6859,SELL,92,1,1786140799206,6859
NEW,O-6858,SELL,94,7,1786140799206,6858
NEW,O-6860,BUY,108,15,1786140799206,6860
NEW,O-6861,SELL,104,7,1786140799206,6861
NEW,O-6862,BUY,105,11,1786140799206,6862
NEW,O-6863,SELL,102,2,1786140799206,6863
NEW,O-6864,SELL,92,13,1786140799206,6864
NEW,O-6865,BUY,105,5,1786140799206,6865
NEW,O-6866,BUY,102,7,1786140799206,6866
NEW,O-6867,BUY,93,4,1786140799206,6867
NEW,O-6868,SELL,106,9,1786140799206,6868
NEW,O-6869,BUY,98,5,1786140799206,6869
NEW,O-6870,BUY,109,10,1786140799206,6870
NEW,O-6871,BUY,90,5,1786140799206,6871
NEW,O-6873,BUY,90,13,1786140799206,6873
NEW,O-6872,BUY,97,4,1786140799206,6872
NEW,O-6874,BUY,100,1,1786140799206,6874
NEW,O-6875,BUY,106,14,1786140799206,6875
NEW,O-6876,SELL,93,5,1786140799206,6876
NEW,O-6877,BUY,94,4,1786140799206,6877
NEW,O-6878,BUY,90,14,1786140799206,6878
NEW,O-6879,SELL,94,2,1786140799206,6879
NEW,O-6880,SELL,103,5,1786140799206,6880
NEW,O-6881,SELL,93,7,1786140799206,6881
NEW,O-6882,SELL,96,5,1786140799206,6882
NEW,O-6883,SELL,93,11,1786140799206,6883
NEW,O-6884,BUY,98,13,1786140799206,6884
NEW,O-6885,BUY,110,4,1786140799206,6885
NEW,O-6886,SELL,92,20,1786140799206,6886
NEW,O-6744,BUY,91,20,1786140799206,6744
NEW,O-6887,SELL,106,10,1786140799206,6887
NEW,O-6888,BUY,97,6,1786140799206,6888
NEW,O-6889,SELL,103,12,1786140799206,6889
NEW,O-6890,BUY,110,13,1786140799206,6890
NEW,O-6892,SELL,90,11,1786140799206,6892
NEW,O-6893,BUY,104,8,1786140799206,6893
NEW,O-6894,SELL,100,3,1786140799206,6894
NEW,O-6891,SELL,107,16,1786140799206,6891
NEW,O-6895,BUY,102,12,1786140799206,6895
NEW,O-6896,SELL,106,20,1786140799206,6896
NEW,O-6897,BUY,93,20,1786140799206,6897
NEW,O-6898,BUY,107,7,1786140799206,6898
NEW,O-6900,BUY,109,19,1786140799206,6900
NEW,O-6901,SELL,103,14,1786140799206,6901
NEW,O-6899,SELL,108,6,1786140799206,6899
NEW,O-6902,SELL,103,5,1786140799206,6902
NEW,O-6903,SELL,99,1,1786140799206,6903
NEW,O-6904,BUY,98,13,1786140799206,6904
NEW,O-6905,BUY,94,16,1786140799206,6905
NEW,O-6906,BUY,96,11,1786140799206,6906
NEW,O-6907,SELL,102,13,1786140799206,6907
NEW,O-6908,SELL,105,19,1786140799206,6908
NEW,O-6909,BUY,107,4,1786140799206,6909
NEW,O-6910,SELL,100,20,1786140799206,6910
NEW,O-6911,BUY,98,8,1786140799206,6911
NEW,O-6913,BUY,98,10,1786140799206,6913
NEW,O-6912,BUY,105,3,1786140799206,6912
NEW,O-6914,SELL,106,19,1786140799206,6914
NEW,O-6915,BUY,106,11,1786140799206,6915
NEW,O-6916,SELL,109,6,1786140799206,6916
NEW,O-6917,SELL,103,7,1786140799206,6917
NEW,O-6918,BUY,100,18,1786140799206,6918
NEW,O-6919,BUY,97,20,1786140799206,6919
NEW,O-6920,BUY,93,3,1786140799206,6920
NEW,O-6923,BUY,103,2,1786140799206,6923
NEW,O-6924,BUY,92,20,1786140799206,6924
NEW,O-6925,BUY,93,9,1786140799206,6925
NEW,O-6926,BUY,98,7,1786140799206,6926
NEW,O-6927,BUY,90,12,1786140799206,6927
NEW,O-6928,SELL,102,13,1786140799206,6928
NEW,O-6929,BUY,90,14,1786140799206,6929
NEW,O-6921,BUY,93,16,1786140799206,6921
NEW,O-6931,BUY,99,9,1786140799206,6931
NEW,O-6932,BUY,97,7,1786140799206,6932
NEW,O-6933,BUY,96,20,1786140799206,6933
NEW,O-6934,SELL,91,1,1786140799206,6934
NEW,O-6935,SELL,92,4,1786140799206,6935
NEW,O-6936,BUY,110,11,1786140799206,6936
NEW,O-6922,SELL,99,12,1786140799206,6922
NEW,O-6937,BUY,101,2,1786140799206,6937
NEW,O-6938,BUY,104,7,1786140799206,6938
NEW,O-6939,SELL,106,8,1786140799206,6939
NEW,O-6940,SELL,101,7,1786140799206,6940
NEW,O-6941,BUY,106,6,1786140799206,6941
NEW,O-6942,SELL,97,17,1786140799206,6942
NEW,O-6943,BUY,96,2,1786140799206,6943
NEW,O-6944,SELL,99,7,1786140799206,6944
NEW,O-6930,BUY,91,18,1786140799206,6930
NEW,O-6946,BUY,106,7,1786140799206,6946
NEW,O-6948,BUY,110,5,1786140799206,6948
NEW,O-6950,BUY,98,1,1786140799206,6950
NEW,O-6949,BUY,92,3,1786140799206,6949
NEW,O-6951,SELL,109,10,1786140799206,6951
NEW,O-6952,BUY,104,8,1786140799206,6952
NEW,O-6953,SELL,99,2,1786140799206,6953
NEW,O-6945,BUY,106,2,1786140799206,6945
NEW,O-6954,SELL,101,20,1786140799206,6954
NEW,O-6955,BUY,95,18,1786140799206,6955
NEW,O-6956,BUY,90,16,1786140799206,6956
NEW,O-6957,SELL,103,2,1786140799206,6957
NEW,O-6958,BUY,109,17,1786140799206,6958
NEW,O-6959,SELL,95,20,1786140799206,6959
NEW,O-6960,SELL,96,16,1786140799206,6960
NEW,O-6947,SELL,104,20,1786140799206,6947
NEW,O-6963,BUY,100,6,1786140799206,6963
NEW,O-6961,SELL,97,18,1786140799206,6961
NEW,O-6962,BUY,96,6,1786140799206,6962
NEW,O-6964,SELL,90,1,1786140799206,6964
NEW,O-6965,BUY,107,9,1786140799206,6965
NEW,O-6966,BUY,104,18,1786140799206,6966
NEW,O-6968,SELL,105,9,1786140799206,6968
NEW,O-6969,SELL,105,5,1786140799206,6969
NEW,O-6967,BUY,104,10,1786140799206,6967
NEW,O-6971,SELL,109,18,1786140799206,6971
NEW,O-6970,SELL,94,18,1786140799206,6970
NEW,O-6972,BUY,106,7,1786140799206,6972
NEW,O-6973,SELL,102,10,1786140799206,6973
NEW,O-6974,BUY,106,3,1786140799206,6974
NEW,O-6978,SELL,102,19,1786140799206,6978
NEW,O-6976,SELL,92,9,1786140799206,6976
NEW,O-6977,SELL,94,4,1786140799206,6977
NEW,O-6975,BUY,97,20,1786140799206,6975
NEW,O-6979,BUY,100,12,1786140799206,6979
NEW,O-6980,BUY,91,2,1786140799206,6980
NEW,O-6981,SELL,90,3,1786140799206,6981
NEW,O-6982,SELL,96,4,1786140799206,6982
NEW,O-6983,BUY,98,12,1786140799206,6983
NEW,O-6985,SELL,103,15,1786140799206,6985
NEW,O-6984,SELL,102,7,1786140799206,6984
NEW,O-6987,BUY,102,6,1786140799206,6987
NEW,O-6986,SELL,103,4,1786140799206,6986
NEW,O-6988,BUY,102,3,1786140799206,6988
NEW,O-6989,SELL,92,16,1786140799206,6989
NEW,O-6991,SELL,105,1,1786140799206,6991
NEW,O-6990,SELL,92,11,1786140799206,6990
NEW,O-6994,SELL,95,8,1786140799206,6994
NEW,O-6993,SELL,97,17,1786140799206,6993
NEW,O-6992,SELL,106,14,1786140799206,6992
NEW,O-6995,BUY,104,12,1786140799206,6995
NEW,O-6996,SELL,107,13,1786140799206,6996
NEW,O-6997,BUY,105,16,1786140799206,6997
NEW,O-7000,SELL,90,14,1786140799206,7000
NEW,O-6998,SELL,109,7,1786140799206,6998
NEW,O-6999,SELL,102,14,1786140799206,6999
NEW,O-7001,BUY,110,13,1786140799206,7001
NEW,O-7002,BUY,110,2,1786140799206,7002
NEW,O-7003,BUY,100,5,1786140799206,7003
NEW,O-7004,BUY,105,11,1786140799206,7004
NEW,O-7005,SELL,103,2,1786140799206,7005
NEW,O-7006,SELL,107,19,1786140799206,7006
NEW,O-7007,BUY,92,8,1786140799206,7007
NEW,O-7008,SELL,98,8,1786140799206,7008
NEW,O-7010,SELL,105,4,1786140799206,7010
NEW,O-7011,SELL,105,7,1786140799206,7011
NEW,O-7012,SELL,100,16,1786140799206,7012
NEW,O-7009,BUY,98,5,1786140799206,7009
NEW,O-7013,SELL,107,11,1786140799206,7013
NEW,O-7015,BUY,104,12,1786140799206,7015
NEW,O-7016,BUY,108,2,1786140799206,7016
NEW,O-7017,SELL,96,19,1786140799206,7017
NEW,O-7014,SELL,108,10,1786140799206,7014
NEW,O-7018,BUY,103,10,1786140799206,7018
NEW,O-7019,BUY,107,16,1786140799206,7019
NEW,O-7020,SELL,110,19,1786140799206,7020
NEW,O-7021,BUY,94,10,1786140799206,7021
NEW,O-7022,SELL,108,11,1786140799206,7022
NEW,O-7023,BUY,94,3,1786140799206,7023
NEW,O-7024,BUY,98,17,1786140799206,7024
NEW,O-7025,BUY,97,12,1786140799206,7025
NEW,O-7027,SELL,93,13,1786140799206,7027
NEW,O-7026,BUY,109,13,1786140799206,7026
NEW,O-7028,SELL,106,19,1786140799206,7028
NEW,O-7030,BUY,102,12,1786140799206,7030
NEW,O-7031,BUY,108,11,1786140799206,7031
NEW,O-7032,SELL,97,11,1786140799206,7032
NEW,O-7029,SELL,105,5,1786140799206,7029
NEW,O-7033,BUY,99,3,1786140799206,7033
NEW,O-7034,BUY,91,11,1786140799206,7034
NEW,O-7035,BUY,95,19,1786140799206,7035
NEW,O-7036,SELL,94,15,1786140799206,7036
NEW,O-7038,SELL,98,2,1786140799206,7038
NEW,O-7037,BUY,108,5,1786140799206,7037
NEW,O-7039,SELL,91,3,1786140799206,7039
NEW,O-7040,BUY,105,11,1786140799206,7040
NEW,O-7041,BUY,94,3,1786140799206,7041
NEW,O-7042,BUY,91,3,1786140799206,7042
NEW,O-7044,SELL,95,2,1786140799206,7044
NEW,O-7043,SELL,104,11,1786140799206,7043
NEW,O-7045,SELL,101,16,1786140799206,7045
NEW,O-7047,SELL,99,11,1786140799206,7047
NEW,O-7046,SELL,96,3,1786140799206,7046
NEW,O-7048,SELL,109,16,1786140799206,7048
NEW,O-7049,SELL,100,3,1786140799206,7049
NEW,O-7050,SELL,99,11,1786140799206,7050
NEW,O-7051,SELL,96,3,1786140799206,7051
NEW,O-7052,SELL,97,17,1786140799206,7052
NEW,O-7053,BUY,104,5,1786140799206,7053
NEW,O-7055,BUY,106,13,1786140799206,7055
NEW,O-7056,BUY,102,1,1786140799206,7056
NEW,O-7057,SELL,105,3,1786140799206,7057
NEW,O-7058,SELL,95,7,1786140799206,7058
NEW,O-7059,BUY,93,17,1786140799206,7059
NEW,O-7060,SELL,90,20,1786140799206,7060
NEW,O-7061,BUY,95,2,1786140799206,7061
NEW,O-7062,BUY,104,2,1786140799207,7062
NEW,O-7063,BUY,100,13,1786140799207,7063
NEW,O-7054,BUY,105,10,1786140799206,7054
NEW,O-7064,BUY,92,15,1786140799207,7064
NEW,O-7065,BUY,108,4,1786140799207,7065
NEW,O-7066,SELL,102,6,1786140799207,7066
NEW,O-7067,SELL,106,8,1786140799207,7067
NEW,O-7068,SELL,95,5,1786140799207,7068
NEW,O-7069,SELL,92,5,1786140799207,7069
NEW,O-7071,BUY,108,16,1786140799207,7071
NEW,O-7070,SELL,91,4,1786140799207,7070
NEW,O-7073,SELL,109,5,1786140799207,7073
NEW,O-7074,BUY,96,14,1786140799207,7074
NEW,O-7072,SELL,104,17,1786140799207,7072
NEW,O-7075,BUY,105,9,1786140799207,7075
NEW,O-7076,BUY,103,20,1786140799207,7076
NEW,O-7077,BUY,99,13,1786140799207,7077
NEW,O-7079,BUY,109,13,1786140799207,7079
NEW,O-7080,SELL,99,13,1786140799207,7080
NEW,O-7078,SELL,106,6,1786140799207,7078
NEW,O-7081,BUY,105,16,1786140799207,7081
NEW,O-7082,BUY,109,14,1786140799207,7082
NEW,O-7083,BUY,95,17,1786140799207,7083
NEW,O-7084,BUY,94,18,1786140799207,7084
NEW,O-7085,BUY,110,10,1786140799207,7085
NEW,O-7086,SELL,98,4,1786140799207,7086
NEW,O-7087,SELL,92,13,1786140799207,7087
NEW,O-7088,BUY,110,7,1786140799207,7088
NEW,O-7089,SELL,98,9,1786140799207,7089
NEW,O-7090,SELL,97,12,1786140799207,7090
NEW,O-7091,SELL,92,11,1786140799207,7091
NEW,O-7092,SELL,94,8,1786140799207,7092
NEW,O-7093,BUY,109,11,1786140799207,7093
NEW,O-7094,BUY,94,1,1786140799207,7094
NEW,O-7096,BUY,110,7,1786140799207,7096
NEW,O-7095,SELL,95,4,1786140799207,7095
NEW,O-7099,SELL,109,17,1786140799207,7099
NEW,O-7097,BUY,107,4,1786140799207,7097
NEW,O-7098,SELL,99,11,1786140799207,7098
NEW,O-7100,SELL,109,14,1786140799207,7100
NEW,O-7101,BUY,107,6,1786140799207,7101
NEW,O-7102,BUY,91,14,1786140799207,7102
NEW,O-7103,SELL,93,13,1786140799207,7103
NEW,O-7104,SELL,90,10,1786140799207,7104
NEW,O-7105,SELL,106,18,1786140799207,7105
NEW,O-7106,SELL,97,14,1786140799207,7106
NEW,O-7107,SELL,97,18,1786140799207,7107
NEW,O-7109,BUY,110,12,1786140799207,7109
NEW,O-7108,BUY,101,19,1786140799207,7108
NEW,O-7110,BUY,95,2,1786140799207,7110
NEW,O-7111,SELL,92,4,1786140799207,7111
NEW,O-7112,SELL,105,3,1786140799207,7112
NEW,O-7113,BUY,106,16,1786140799207,7113
NEW,O-7114,BUY,98,6,1786140799207,7114
NEW,O-7115,BUY,102,4,1786140799207,7115
NEW,O-7116,SELL,91,20,1786140799207,7116
NEW,O-7118,BUY,101,11,1786140799207,7118
NEW,O-7117,BUY,90,7,1786140799207,7117
NEW,O-7120,BUY,96,20,1786140799207,7120
NEW,O-7119,BUY,108,12,1786140799207,7119
NEW,O-7121,SELL,109,4,1786140799207,7121
NEW,O-7122,BUY,93,15,1786140799207,7122
NEW,O-7123,SELL,103,12,1786140799207,7123
NEW,O-7124,BUY,90,1,1786140799207,7124
NEW,O-7125,SELL,93,15,1786140799207,7125
NEW,O-7126,BUY,97,6,1786140799207,7126
NEW,O-7127,SELL,108,9,1786140799207,7127
NEW,O-7128,BUY,91,16,1786140799207,7128
NEW,O-7129,SELL,93,2,1786140799207,7129
NEW,O-7130,SELL,106,14,1786140799207,7130
NEW,O-7132,SELL,107,4,1786140799207,7132
NEW,O-7131,BUY,109,9,1786140799207,7131
NEW,O-7133,SELL,110,9,1786140799207,7133
NEW,O-7134,BUY,100,20,1786140799207,7134
NEW,O-7136,BUY,102,7,1786140799207,7136
NEW,O-7135,BUY,105,18,1786140799207,7135
NEW,O-7137,SELL,91,20,1786140799207,7137
NEW,O-7138,BUY,105,9,1786140799207,7138
NEW,O-7140,SELL,96,3,1786140799207,7140
NEW,O-7141,SELL,102,14,1786140799207,7141
NEW,O-7139,SELL,90,5,1786140799207,7139
NEW,O-7142,BUY,108,11,1786140799207,7142
NEW,O-7143,SELL,92,9,1786140799207,7143
NEW,O-7144,BUY,101,6,1786140799207,7144
NEW,O-7145,SELL,90,10,1786140799207,7145
NEW,O-7147,BUY,96,12,1786140799207,7147
NEW,O-7148,SELL,102,7,1786140799207,7148
NEW,O-7146,BUY,110,4,1786140799207,7146
NEW,O-7149,SELL,105,12,1786140799207,7149
NEW,O-7150,SELL,108,15,1786140799207,7150
NEW,O-7151,SELL,97,19,1786140799207,7151
NEW,O-7153,BUY,99,3,1786140799207,7153
NEW,O-7152,BUY,104,7,1786140799207,7152
NEW,O-7154,SELL,99,12,1786140799207,7154
NEW,O-7155,BUY,107,10,1786140799207,7155
NEW,O-7156,SELL,96,2,1786140799207,7156
NEW,O-7158,SELL,106,1,1786140799207,7158
NEW,O-7159,BUY,96,11,1786140799207,7159
NEW,O-7161,BUY,98,9,1786140799207,7161
NEW,O-7162,SELL,96,8,1786140799207,7162
NEW,O-7157,BUY,101,5,1786140799207,7157
NEW,O-7163,SELL,98,15,1786140799207,7163
NEW,O-7160,SELL,90,19,1786140799207,7160
NEW,O-7165,SELL,110,5,1786140799207,7165
NEW,O-7164,SELL,107,5,1786140799207,7164
NEW,O-7166,SELL,91,10,1786140799207,7166
NEW,O-7167,BUY,105,20,1786140799207,7167
NEW,O-7168,SELL,105,1,1786140799207,7168
NEW,O-7170,BUY,105,16,1786140799207,7170
NEW,O-7169,SELL,90,6,1786140799207,7169
NEW,O-7171,BUY,101,1,1786140799207,7171
NEW,O-7172,BUY,90,20,1786140799207,7172
NEW,O-7173,SELL,103,18,1786140799207,7173
NEW,O-7175,SELL,93,5,1786140799207,7175
NEW,O-7174,BUY,94,9,1786140799207,7174
NEW,O-7176,SELL,90,5,1786140799207,7176
NEW,O-7177,SELL,98,1,1786140799207,7177
NEW,O-7178,SELL,91,5,1786140799207,7178
NEW,O-7179,SELL,98,15,1786140799207,7179
NEW,O-7180,SELL,107,10,1786140799207,7180
NEW,O-7181,SELL,103,7,1786140799207,7181
NEW,O-7182,SELL,97,20,1786140799207,7182
NEW,O-7183,SELL,93,14,1786140799207,7183
NEW,O-7184,SELL,97,10,1786140799207,7184
NEW,O-7187,BUY,100,12,1786140799207,7187
NEW,O-7185,SELL,101,8,1786140799207,7185
NEW,O-7186,BUY,100,14,1786140799207,7186
NEW,O-7188,BUY,100,5,1786140799207,7188
NEW,O-7189,SELL,107,12,1786140799207,7189
NEW,O-7190,SELL,106,17,1786140799207,7190
NEW,O-7191,SELL,109,2,1786140799207,7191
NEW,O-7192,BUY,110,9,1786140799207,7192
NEW,O-7193,BUY,97,17,1786140799207,7193
NEW,O-7194,BUY,97,2,1786140799207,7194
NEW,O-7195,BUY,99,9,1786140799207,7195
NEW,O-7196,BUY,96,1,1786140799207,7196
NEW,O-7197,BUY,103,8,1786140799207,7197
NEW,O-7198,BUY,106,2,1786140799207,7198
NEW,O-7199,SELL,101,20,1786140799207,7199
NEW,O-7200,BUY,107,14,1786140799207,7200
NEW,O-7201,BUY,108,8,1786140799207,7201
NEW,O-7202,BUY,91,18,1786140799207,7202
NEW,O-7203,BUY,91,13,1786140799207,7203
NEW,O-7204,BUY,101,14,1786140799207,7204
NEW,O-7205,SELL,94,2,1786140799207,7205
NEW,O-7206,BUY,106,1,1786140799207,7206
NEW,O-7207,BUY,105,9,1786140799207,7207
NEW,O-7209,BUY,91,20,1786140799207,7209
NEW,O-7208,SELL,104,3,1786140799207,7208
NEW,O-7210,SELL,109,4,1786140799207,7210
NEW,O-7211,SELL,99,15,1786140799207,7211
NEW,O-7212,SELL,108,19,1786140799207,7212
NEW,O-7213,BUY,96,11,1786140799207,7213
NEW,O-7214,BUY,91,5,1786140799207,7214
NEW,O-7216,BUY,103,15,1786140799207,7216
NEW,O-7215,SELL,110,11,1786140799207,7215
NEW,O-7217,SELL,103,4,1786140799207,7217
NEW,O-7218,SELL,92,5,1786140799207,7218
NEW,O-7220,BUY,90,18,1786140799207,7220
NEW,O-7221,SELL,92,15,1786140799207,7221
NEW,O-7223,SELL,92,10,1786140799207,7223
NEW,O-7222,SELL,99,1,1786140799207,7222
NEW,O-7225,SELL,99,19,1786140799207,7225
NEW,O-7224,SELL,109,3,1786140799207,7224
NEW,O-7226,BUY,105,19,1786140799207,7226
NEW,O-7227,BUY,96,14,1786140799207,7227
NEW,O-7219,BUY,93,15,1786140799207,7219
NEW,O-7229,BUY,90,5,1786140799207,7229
NEW,O-7230,SELL,105,14,1786140799207,7230
NEW,O-7228,BUY,98,12,1786140799207,7228
NEW,O-7231,SELL,103,8,1786140799207,7231
NEW,O-7232,SELL,94,9,1786140799207,7232
NEW,O-7233,SELL,100,15,1786140799207,7233
NEW,O-7234,BUY,99,8,1786140799207,7234
NEW,O-7236,BUY,93,4,1786140799207,7236
NEW,O-7237,BUY,94,9,1786140799207,7237
NEW,O-7235,SELL,95,9,1786140799207,7235
NEW,O-7238,BUY,104,2,1786140799207,7238
NEW,O-7239,BUY,99,2,1786140799207,7239
NEW,O-7240,BUY,108,9,1786140799207,7240
NEW,O-7241,BUY,106,11,1786140799207,7241
NEW,O-7243,BUY,109,8,1786140799207,7243
NEW,O-7244,BUY,101,1,1786140799207,7244
NEW,O-7246,SELL,101,1,1786140799207,7246
NEW,O-7247,BUY,105,7,1786140799207,7247
NEW,O-7248,BUY,109,13,1786140799207,7248
NEW,O-7242,SELL,105,17,1786140799207,7242
NEW,O-7249,SELL,98,14,1786140799207,7249
NEW,O-7245,BUY,105,7,1786140799207,7245
NEW,O-7251,SELL,102,10,1786140799207,7251
NEW,O-7252,BUY,107,17,1786140799207,7252
NEW,O-7253,SELL,107,5,1786140799207,7253
NEW,O-7254,SELL,99,13,1786140799207,7254
NEW,O-7256,BUY,110,13,1786140799207,7256
NEW,O-7257,SELL,90,14,1786140799207,7257
NEW,O-7250,BUY,101,3,1786140799207,7250
NEW,O-7258,SELL,92,10,1786140799207,7258
NEW,O-7255,BUY,93,9,1786140799207,7255
NEW,O-7259,BUY,103,5,1786140799207,7259
NEW,O-7260,BUY,105,16,1786140799207,7260
NEW,O-7261,BUY,105,5,1786140799207,7261
NEW,O-7262,SELL,94,12,1786140799207,7262
NEW,O-7263,BUY,108,8,1786140799207,7263
NEW,O-7265,SELL,99,8,1786140799207,7265
NEW,O-7267,SELL,96,16,1786140799207,7267
NEW,O-7266,BUY,101,10,1786140799207,7266
NEW,O-7264,BUY,106,1,1786140799207,7264
NEW,O-7268,BUY,98,14,1786140799207,7268
NEW,O-7270,SELL,97,8,1786140799207,7270
NEW,O-7269,BUY,100,4,1786140799207,7269
NEW,O-7271,SELL,95,1,1786140799207,7271
NEW,O-7272,SELL,105,12,1786140799207,7272
NEW,O-7273,SELL,90,14,1786140799207,7273
NEW,O-7274,BUY,99,10,1786140799207,7274
NEW,O-7275,BUY,100,2,1786140799207,7275
NEW,O-7276,SELL,98,18,1786140799207,7276
NEW,O-7278,SELL,95,10,1786140799207,7278
NEW,O-7277,BUY,90,2,1786140799207,7277
NEW,O-7280,BUY,99,18,1786140799207,7280
NEW,O-7279,BUY,106,5,1786140799207,7279
NEW,O-7282,SELL,95,4,1786140799207,7282
NEW,O-7283,BUY,99,1,1786140799207,7283
NEW,O-7285,SELL,98,16,1786140799207,7285
NEW,O-7281,BUY,110,10,1786140799207,7281
NEW,O-7284,SELL,98,8,1786140799207,7284
NEW,O-7286,SELL,108,19,1786140799207,7286
NEW,O-7287,SELL,92,18,1786140799207,7287
NEW,O-7288,SELL,92,6,1786140799207,7288
NEW,O-7289,SELL,100,10,1786140799207,7289
NEW,O-7291,SELL,97,7,1786140799207,7291
NEW,O-7290,SELL,102,12,1786140799207,7290
NEW,O-7292,BUY,100,13,1786140799207,7292
NEW,O-7293,BUY,99,2,1786140799207,7293
NEW,O-7294,BUY,90,18,1786140799207,7294
NEW,O-7295,SELL,106,8,1786140799207,7295
NEW,O-7296,BUY,110,19,1786140799207,7296
NEW,O-7297,SELL,92,17,1786140799207,7297
NEW,O-7299,SELL,107,17,1786140799207,7299
NEW,O-7298,SELL,110,6,1786140799207,7298
NEW,O-7300,BUY,103,9,1786140799207,7300
NEW,O-7301,SELL,91,11,1786140799207,7301
NEW,O-7302,BUY,95,19,1786140799207,7302
NEW,O-7303,SELL,107,1,1786140799207,7303
NEW,O-7305,SELL,91,7,1786140799207,7305
NEW,O-7306,BUY,100,17,1786140799207,7306
NEW,O-7304,SELL,100,11,1786140799207,7304
NEW,O-7307,SELL,96,18,1786140799207,7307
NEW,O-7308,SELL,91,16,1786140799207,7308
NEW,O-7309,SELL,106,4,1786140799207,7309
NEW,O-7311,SELL,106,4,1786140799207,7311
NEW,O-7310,SELL,99,6,1786140799207,7310
NEW,O-7312,SELL,94,16,1786140799207,7312
NEW,O-7313,BUY,96,3,1786140799207,7313
NEW,O-7314,BUY,108,1,1786140799207,7314
NEW,O-7315,SELL,96,19,1786140799207,7315
NEW,O-7316,BUY,105,5,1786140799207,7316
NEW,O-7317,SELL,101,14,1786140799207,7317
NEW,O-7318,BUY,107,7,1786140799207,7318
NEW,O-7319,SELL,96,15,1786140799207,7319
NEW,O-7320,SELL,99,4,1786140799207,7320
NEW,O-7321,BUY,105,3,1786140799207,7321
NEW,O-7322,SELL,99,20,1786140799207,7322
NEW,O-7323,BUY,98,14,1786140799207,7323
NEW,O-7324,SELL,109,3,1786140799207,7324
NEW,O-7326,SELL,94,8,1786140799207,7326
NEW,O-7325,SELL,104,13,1786140799207,7325
NEW,O-7328,SELL,94,10,1786140799207,7328
NEW,O-7327,SELL,97,15,1786140799207,7327
NEW,O-7329,SELL,100,13,1786140799207,7329
NEW,O-7330,BUY,110,9,1786140799207,7330
NEW,O-7331,SELL,92,7,1786140799207,7331
NEW,O-7332,BUY,106,2,1786140799207,7332
NEW,O-7333,SELL,98,3,1786140799207,7333
NEW,O-7334,BUY,96,17,1786140799207,7334
NEW,O-7335,BUY,95,15,1786140799207,7335
NEW,O-7336,SELL,108,13,1786140799207,7336
NEW,O-7338,SELL,98,9,1786140799207,7338
NEW,O-7339,SELL,102,10,1786140799207,7339
NEW,O-7337,SELL,92,7,1786140799207,7337
NEW,O-7340,BUY,94,6,1786140799207,7340
NEW,O-7341,SELL,96,9,1786140799207,7341
NEW,O-7342,SELL,110,12,1786140799207,7342
NEW,O-7343,SELL,93,20,1786140799207,7343
NEW,O-7344,BUY,93,11,1786140799207,7344
NEW,O-7345,SELL,101,5,1786140799207,7345
NEW,O-7346,SELL,93,20,1786140799207,7346
NEW,O-7347,BUY,96,4,1786140799207,7347
NEW,O-7348,BUY,109,15,1786140799207,7348
NEW,O-7349,BUY,96,19,1786140799207,7349
NEW,O-7350,SELL,110,18,1786140799207,7350
NEW,O-7351,BUY,98,15,1786140799207,7351
NEW,O-7352,SELL,104,8,1786140799207,7352
NEW,O-7353,BUY,103,11,1786140799207,7353
NEW,O-7354,BUY,96,15,1786140799207,7354
NEW,O-7355,BUY,105,6,1786140799207,7355
NEW,O-7356,SELL,90,10,1786140799207,7356
NEW,O-7357,BUY,94,10,1786140799207,7357
NEW,O-7358,SELL,108,17,1786140799207,7358
NEW,O-7360,BUY,95,3,1786140799207,7360
NEW,O-7359,BUY,103,4,1786140799207,7359
NEW,O-7362,BUY,98,10,1786140799207,7362
NEW,O-7361,BUY,90,19,1786140799207,7361
NEW,O-7365,SELL,100,18,1786140799207,7365
NEW,O-7364,SELL,107,2,1786140799207,7364
NEW,O-7363,BUY,95,10,1786140799207,7363
NEW,O-7366,BUY,93,18,1786140799207,7366
NEW,O-7367,BUY,92,14,1786140799207,7367
NEW,O-7369,BUY,106,15,1786140799207,7369
NEW,O-7368,SELL,109,20,1786140799207,7368
NEW,O-7370,SELL,106,1,1786140799207,7370
NEW,O-7371,SELL,91,6,1786140799207,7371
NEW,O-7372,SELL,108,17,1786140799207,7372
NEW,O-7373,SELL,94,4,1786140799207,7373
NEW,O-7374,SELL,101,13,1786140799207,7374
NEW,O-7375,SELL,106,14,1786140799207,7375
NEW,O-7377,BUY,93,18,1786140799207,7377
NEW,O-7376,SELL,104,11,1786140799207,7376
NEW,O-7378,SELL,109,1,1786140799207,7378
NEW,O-7379,BUY,99,17,1786140799207,7379
NEW,O-7381,SELL,105,1,1786140799207,7381
NEW,O-7380,SELL,90,13,1786140799207,7380
NEW,O-7382,SELL,103,10,1786140799207,7382
NEW,O-7383,BUY,107,11,1786140799207,7383
NEW,O-7384,SELL,110,13,1786140799207,7384
NEW,O-7385,SELL,97,11,1786140799207,7385
NEW,O-7386,BUY,92,7,1786140799207,7386
NEW,O-7387,BUY,92,5,1786140799207,7387
NEW,O-7389,SELL,90,12,1786140799207,7389
NEW,O-7388,BUY,99,14,1786140799207,7388
NEW,O-7390,SELL,108,19,1786140799207,7390
NEW,O-7391,BUY,99,14,1786140799207,7391
NEW,O-7392,BUY,100,12,1786140799207,7392
NEW,O-7393,SELL,100,19,1786140799207,7393
NEW,O-7394,BUY,109,4,1786140799207,7394
NEW,O-7395,SELL,103,14,1786140799207,7395
NEW,O-7396,BUY,108,3,1786140799207,7396
NEW,O-7397,BUY,96,8,1786140799207,7397
NEW,O-7398,BUY,103,13,1786140799207,7398
NEW,O-7399,BUY,95,14,1786140799207,7399
NEW,O-7400,SELL,91,15,1786140799207,7400
NEW,O-7401,SELL,106,15,1786140799207,7401
NEW,O-7402,BUY,101,10,1786140799207,7402
NEW,O-7403,BUY,96,6,1786140799207,7403
NEW,O-7404,SELL,100,14,1786140799207,7404
NEW,O-7405,SELL,104,7,1786140799207,7405
NEW,O-7406,BUY,95,20,1786140799207,7406
NEW,O-7408,BUY,103,3,1786140799207,7408
NEW,O-7407,SELL,108,13,1786140799207,7407
NEW,O-7409,SELL,109,14,1786140799207,7409
NEW,O-7411,BUY,110,19,1786140799207,7411
NEW,O-7410,BUY,109,10,1786140799207,7410
NEW,O-7412,BUY,99,2,1786140799207,7412
NEW,O-7414,SELL,103,17,1786140799207,7414
NEW,O-7413,BUY,101,4,1786140799207,7413
NEW,O-7415,SELL,96,8,1786140799207,7415
NEW,O-7416,BUY,102,19,1786140799207,7416
NEW,O-7417,BUY,96,13,1786140799207,7417
NEW,O-7418,SELL,93,10,1786140799207,7418
NEW,O-7419,SELL,92,18,1786140799207,7419
NEW,O-7420,SELL,109,8,1786140799207,7420
NEW,O-7421,BUY,106,10,1786140799207,7421
NEW,O-7423,BUY,102,2,1786140799207,7423
NEW,O-7422,BUY,109,11,1786140799207,7422
NEW,O-7424,SELL,101,14,1786140799207,7424
NEW,O-7425,SELL,107,7,1786140799207,7425
NEW,O-7426,BUY,94,4,1786140799207,7426
NEW,O-7427,SELL,90,19,1786140799207,7427
NEW,O-7429,BUY,94,10,1786140799207,7429
NEW,O-7428,BUY,101,6,1786140799207,7428
NEW,O-7430,BUY,106,7,1786140799207,7430
NEW,O-7431,BUY,102,9,1786140799207,7431
NEW,O-7432,BUY,108,20,1786140799207,7432
NEW,O-7433,BUY,97,18,1786140799207,7433
NEW,O-7434,SELL,91,14,1786140799207,7434
NEW,O-7435,BUY,105,3,1786140799207,7435
NEW,O-7436,BUY,93,20,1786140799207,7436
NEW,O-7438,SELL,96,11,1786140799207,7438
NEW,O-7437,BUY,108,5,1786140799207,7437
NEW,O-7439,BUY,103,10,1786140799207,7439
NEW,O-7440,BUY,108,4,1786140799207,7440
NEW,O-7441,BUY,105,13,1786140799207,7441
NEW,O-7442,SELL,100,2,1786140799207,7442
NEW,O-7443,BUY,94,19,1786140799207,7443
NEW,O-7444,BUY,109,18,1786140799207,7444
NEW,O-7445,BUY,92,20,1786140799207,7445
NEW,O-7447,SELL,94,19,1786140799207,7447
NEW,O-7448,SELL,96,8,1786140799207,7448
NEW,O-7446,BUY,94,13,1786140799207,7446
NEW,O-7449,BUY,103,18,1786140799207,7449
NEW,O-7450,SELL,96,15,1786140799207,7450
NEW,O-7451,BUY,92,12,1786140799207,7451
NEW,O-7452,SELL,99,9,1786140799207,7452
NEW,O-7453,BUY,92,20,1786140799207,7453
NEW,O-7454,SELL,98,13,1786140799207,7454
NEW,O-7455,SELL,109,20,1786140799207,7455
NEW,O-7457,BUY,95,11,1786140799207,7457
NEW,O-7456,SELL,90,15,1786140799207,7456
NEW,O-7458,BUY,93,10,1786140799207,7458
NEW,O-7460,SELL,102,9,1786140799207,7460
NEW,O-7459,BUY,99,17,1786140799207,7459
NEW,O-7461,BUY,105,2,1786140799207,7461
NEW,O-7462,BUY,97,20,1786140799207,7462
NEW,O-7463,SELL,95,15,1786140799207,7463
NEW,O-7464,SELL,96,3,1786140799207,7464
NEW,O-7465,SELL,93,1,1786140799207,7465
NEW,O-7466,SELL,96,7,1786140799207,7466
NEW,O-7467,BUY,91,19,1786140799207,7467
NEW,O-7469,SELL,92,12,1786140799207,7469
NEW,O-7468,SELL,110,10,1786140799207,7468
NEW,O-7470,BUY,98,15,1786140799207,7470
NEW,O-7472,SELL,91,1,1786140799207,7472
NEW,O-7471,SELL,98,3,1786140799207,7471
NEW,O-7473,BUY,90,17,1786140799207,7473
NEW,O-7475,BUY,103,5,1786140799207,7475
NEW,O-7474,BUY,94,4,1786140799207,7474
NEW,O-7476,BUY,108,19,1786140799207,7476
NEW,O-7477,SELL,108,18,1786140799207,7477
NEW,O-7479,BUY,92,14,1786140799207,7479
NEW,O-7478,BUY,96,20,1786140799207,7478
NEW,O-7480,BUY,106,19,1786140799207,7480
NEW,O-7481,BUY,98,10,1786140799207,7481
NEW,O-7482,SELL,97,13,1786140799207,7482
NEW,O-7483,SELL,108,14,1786140799207,7483
NEW,O-7484,BUY,102,17,1786140799207,7484
NEW,O-7485,SELL,101,18,1786140799207,7485
NEW,O-7486,SELL,98,1,1786140799207,7486
NEW,O-7487,BUY,104,12,1786140799207,7487
NEW,O-7488,BUY,106,10,1786140799207,7488
NEW,O-7490,SELL,99,11,1786140799207,7490
NEW,O-7489,SELL,96,7,1786140799207,7489
NEW,O-7491,BUY,94,5,1786140799207,7491
NEW,O-7493,BUY,110,2,1786140799207,7493
NEW,O-7492,BUY,104,5,1786140799207,7492
NEW,O-7494,SELL,92,18,1786140799207,7494
NEW,O-7495,BUY,98,14,1786140799207,7495
NEW,O-7496,BUY,99,14,1786140799207,7496
NEW,O-7497,SELL,90,16,1786140799207,7497
NEW,O-7498,BUY,92,12,1786140799207,7498
NEW,O-7500,BUY,107,19,1786140799207,7500
NEW,O-7499,BUY,97,1,1786140799207,7499
NEW,O-7501,SELL,101,6,1786140799207,7501
NEW,O-7502,SELL,99,4,1786140799207,7502
NEW,O-7503,BUY,105,19,1786140799207,7503
NEW,O-7504,BUY,103,9,1786140799207,7504
NEW,O-7505,BUY,106,1,1786140799207,7505
NEW,O-7506,SELL,90,1,1786140799207,7506
NEW,O-7507,SELL,94,11,1786140799207,7507
NEW,O-7508,SELL,96,19,1786140799207,7508
NEW,O-7510,SELL,100,6,1786140799207,7510
NEW,O-7509,BUY,110,20,1786140799207,7509
NEW,O-7511,SELL,109,20,1786140799207,7511
NEW,O-7512,SELL,91,9,1786140799207,7512
NEW,O-7513,SELL,96,19,1786140799207,7513
NEW,O-7514,SELL,92,7,1786140799207,7514
NEW,O-7516,SELL,95,3,1786140799207,7516
NEW,O-7515,BUY,101,20,1786140799207,7515
NEW,O-7517,SELL,107,8,1786140799207,7517
NEW,O-7518,BUY,100,3,1786140799207,7518
NEW,O-7519,SELL,107,17,1786140799207,7519
NEW,O-7520,BUY,92,14,1786140799207,7520
NEW,O-7522,SELL,96,19,1786140799207,7522
NEW,O-7521,BUY,107,12,1786140799207,7521
NEW,O-7523,BUY,94,18,1786140799207,7523
NEW,O-7525,BUY,110,4,1786140799207,7525
NEW,O-7524,BUY,92,1,1786140799207,7524
NEW,O-7526,SELL,102,13,1786140799207,7526
NEW,O-7528,SELL,90,8,1786140799207,7528
NEW,O-7529,BUY,97,15,1786140799207,7529
NEW,O-7527,BUY,107,16,1786140799207,7527
NEW,O-7530,SELL,106,14,1786140799207,7530
NEW,O-7531,SELL,109,13,1786140799207,7531
NEW,O-7532,SELL,109,9,1786140799207,7532
NEW,O-7533,SELL,96,3,1786140799207,7533
NEW,O-7534,SELL,109,3,1786140799207,7534
NEW,O-7535,SELL,100,14,1786140799207,7535
NEW,O-7536,SELL,107,8,1786140799207,7536
NEW,O-7537,SELL,107,18,1786140799207,7537
NEW,O-7538,BUY,106,11,1786140799207,7538
NEW,O-7539,SELL,103,3,1786140799207,7539
NEW,O-7542,SELL,99,3,1786140799207,7542
NEW,O-7541,SELL,97,5,1786140799207,7541
NEW,O-7540,SELL,94,14,1786140799207,7540
NEW,O-7543,BUY,106,15,1786140799207,7543
NEW,O-7544,SELL,94,6,1786140799207,7544
NEW,O-7545,BUY,91,13,1786140799207,7545
NEW,O-7546,BUY,103,17,1786140799207,7546
NEW,O-7547,BUY,90,9,1786140799207,7547
NEW,O-7548,BUY,104,14,1786140799207,7548
NEW,O-7549,SELL,99,10,1786140799207,7549
NEW,O-7550,BUY,101,2,1786140799207,7550
NEW,O-7551,BUY,109,20,1786140799207,7551
NEW,O-7552,SELL,100,1,1786140799207,7552
NEW,O-7554,SELL,96,2,1786140799207,7554
NEW,O-7553,BUY,91,3,1786140799207,7553
NEW,O-7555,BUY,90,16,1786140799207,7555
NEW,O-7556,BUY,94,6,1786140799207,7556
NEW,O-7558,SELL,96,18,1786140799207,7558
NEW,O-7557,BUY,101,1,1786140799207,7557
NEW,O-7559,BUY,108,16,1786140799207,7559
NEW,O-7560,BUY,106,19,1786140799207,7560
NEW,O-7561,BUY,99,7,1786140799207,7561
NEW,O-7562,BUY,94,4,1786140799207,7562
NEW,O-7563,BUY,90,8,1786140799207,7563
NEW,O-7564,BUY,106,12,1786140799207,7564
NEW,O-7566,SELL,91,3,1786140799207,7566
NEW,O-7565,SELL,100,14,1786140799207,7565
NEW,O-7567,BUY,109,5,1786140799207,7567
NEW,O-7569,SELL,102,16,1786140799207,7569
NEW,O-7568,SELL,91,1,1786140799207,7568
NEW,O-7570,BUY,95,17,1786140799207,7570
NEW,O-7571,BUY,95,1,1786140799207,7571
NEW,O-7572,SELL,92,14,1786140799207,7572
NEW,O-7573,SELL,95,6,1786140799207,7573
NEW,O-7574,BUY,95,17,1786140799207,7574
NEW,O-7575,SELL,107,16,1786140799207,7575
NEW,O-7576,BUY,96,10,1786140799207,7576
NEW,O-7577,SELL,97,9,1786140799207,7577
NEW,O-7578,SELL,93,13,1786140799207,7578
NEW,O-7579,SELL,99,8,1786140799207,7579
NEW,O-7580,BUY,103,16,1786140799207,7580
NEW,O-7581,BUY,102,11,1786140799207,7581
NEW,O-7583,SELL,90,18,1786140799207,7583
NEW,O-7582,SELL,101,2,1786140799207,7582
NEW,O-7584,SELL,109,1,1786140799207,7584
NEW,O-7585,SELL,104,5,1786140799207,7585
NEW,O-7587,SELL,104,10,1786140799207,7587
NEW,O-7586,BUY,106,7,1786140799207,7586
NEW,O-7588,SELL,100,13,1786140799207,7588
NEW,O-7589,BUY,102,20,1786140799207,7589
NEW,O-7590,SELL,107,11,1786140799207,7590
NEW,O-7591,SELL,102,20,1786140799207,7591
NEW,O-7592,SELL,104,9,1786140799207,7592
NEW,O-7593,BUY,91,3,1786140799207,7593
NEW,O-7594,SELL,110,11,1786140799207,7594
NEW,O-7595,BUY,109,5,1786140799207,7595
NEW,O-7596,BUY,93,2,1786140799207,7596
NEW,O-7597,BUY,95,8,1786140799207,7597
NEW,O-7598,BUY,95,20,1786140799207,7598
NEW,O-7599,SELL,104,20,1786140799207,7599
NEW,O-7600,SELL,106,2,1786140799207,7600
NEW,O-7601,SELL,109,11,1786140799207,7601
NEW,O-7602,BUY,110,10,1786140799207,7602
NEW,O-7603,BUY,102,19,1786140799207,7603
NEW,O-7604,SELL,93,7,1786140799207,7604
NEW,O-7605,SELL,105,1,1786140799207,7605
NEW,O-7606,SELL,97,7,1786140799207,7606
NEW,O-7607,BUY,98,18,1786140799207,7607
NEW,O-7608,BUY,98,13,1786140799207,7608
NEW,O-7609,SELL,107,1,1786140799207,7609
NEW,O-7610,BUY,100,12,1786140799207,7610
NEW,O-7611,BUY,93,13,1786140799207,7611
NEW,O-7612,BUY,91,3,1786140799207,7612
NEW,O-7613,BUY,109,8,1786140799207,7613
NEW,O-7614,SELL,95,3,1786140799207,7614
NEW,O-7615,SELL,110,19,1786140799207,7615
NEW,O-7616,SELL,91,14,1786140799207,7616
NEW,O-7617,BUY,94,18,1786140799207,7617
NEW,O-7618,SELL,100,18,1786140799207,7618
NEW,O-7619,SELL,105,6,1786140799207,7619
NEW,O-7620,BUY,99,10,1786140799207,7620
NEW,O-7621,BUY,97,8,1786140799207,7621
NEW,O-7622,SELL,102,8,1786140799207,7622
NEW,O-7623,BUY,95,5,1786140799207,7623
NEW,O-7624,BUY,93,7,1786140799207,7624
NEW,O-7625,SELL,101,1,1786140799207,7625
NEW,O-7626,SELL,110,5,1786140799207,7626
NEW,O-7627,SELL,109,2,1786140799207,7627
NEW,O-7628,BUY,106,6,1786140799207,7628
NEW,O-7629,SELL,102,4,1786140799207,7629
NEW,O-7630,BUY,96,5,1786140799207,7630
NEW,O-7631,SELL,92,4,1786140799207,7631
NEW,O-7632,BUY,97,8,1786140799207,7632
NEW,O-7633,SELL,92,15,1786140799207,7633
NEW,O-7634,SELL,96,16,1786140799208,7634
NEW,O-7635,SELL,108,19,1786140799208,7635
NEW,O-7636,SELL,90,11,1786140799208,7636
NEW,O-7637,BUY,110,20,1786140799208,7637
NEW,O-7638,BUY,102,10,1786140799208,7638
NEW,O-7639,BUY,96,10,1786140799208,7639
NEW,O-7640,SELL,95,16,1786140799208,7640
NEW,O-7641,BUY,97,13,1786140799208,7641
NEW,O-7642,SELL,99,7,1786140799208,7642
NEW,O-7643,SELL,93,6,1786140799208,7643
NEW,O-7644,SELL,107,6,1786140799208,7644
NEW,O-7645,BUY,106,11,1786140799208,7645
NEW,O-7646,BUY,92,1,1786140799208,7646
NEW,O-7647,BUY,104,10,1786140799208,7647
NEW,O-7648,SELL,93,9,1786140799208,7648
NEW,O-7649,BUY,90,12,1786140799208,7649
NEW,O-7650,SELL,102,18,1786140799208,7650
NEW,O-7651,BUY,103,7,1786140799208,7651
NEW,O-7652,SELL,97,1,1786140799208,7652
NEW,O-7653,BUY,94,18,1786140799208,7653
NEW,O-7654,BUY,107,16,1786140799208,7654
NEW,O-7655,BUY,90,17,1786140799208,7655
NEW,O-7656,SELL,101,19,1786140799208,7656
NEW,O-7657,BUY,108,3,1786140799208,7657
NEW,O-7658,BUY,93,11,1786140799208,7658
NEW,O-7659,BUY,93,18,1786140799208,7659
NEW,O-7660,BUY,100,1,1786140799208,7660
NEW,O-7661,BUY,95,7,1786140799208,7661
NEW,O-7662,BUY,91,5,1786140799208,7662
NEW,O-7663,SELL,102,8,1786140799208,7663
NEW,O-7664,SELL,97,16,1786140799208,7664
NEW,O-7665,SELL,98,19,1786140799208,7665
NEW,O-7666,SELL,98,18,1786140799208,7666
NEW,O-7667,SELL,96,12,1786140799208,7667
NEW,O-7668,SELL,93,7,1786140799208,7668
NEW,O-7669,SELL,109,2,1786140799208,7669
NEW,O-7670,BUY,90,9,1786140799208,7670
NEW,O-7671,BUY,109,9,1786140799208,7671
NEW,O-7672,BUY,109,7,1786140799208,7672
NEW,O-7673,SELL,100,15,1786140799208,7673
NEW,O-7674,BUY,96,14,1786140799208,7674
NEW,O-7675,SELL,105,3,1786140799208,7675
NEW,O-7676,BUY,109,7,1786140799208,7676
NEW,O-7677,SELL,94,2,1786140799208,7677
NEW,O-7678,SELL,100,20,1786140799208,7678
NEW,O-7679,SELL,107,12,1786140799208,7679
NEW,O-7680,BUY,104,20,1786140799208,7680
NEW,O-7681,BUY,103,5,1786140799208,7681
NEW,O-7682,BUY,102,4,1786140799208,7682
NEW,O-7683,BUY,95,9,1786140799208,7683
NEW,O-7684,BUY,96,8,1786140799208,7684
NEW,O-7685,SELL,101,18,1786140799208,7685
NEW,O-7686,SELL,100,8,1786140799208,7686
NEW,O-7687,BUY,92,4,1786140799208,7687
NEW,O-7688,SELL,94,17,1786140799208,7688
NEW,O-7689,BUY,106,6,1786140799208,7689
NEW,O-7690,BUY,105,10,1786140799208,7690
NEW,O-7691,BUY,108,4,1786140799208,7691
NEW,O-7692,BUY,108,6,1786140799208,7692
NEW,O-7693,SELL,105,13,1786140799208,7693
NEW,O-7694,BUY,106,20,1786140799208,7694
NEW,O-7695,BUY,105,1,1786140799208,7695
NEW,O-7696,BUY,95,3,1786140799208,7696
NEW,O-7697,SELL,104,5,1786140799208,7697
NEW,O-7698,BUY,100,11,1786140799208,7698
NEW,O-7699,BUY,104,19,1786140799208,7699
NEW,O-7700,BUY,110,11,1786140799208,7700
NEW,O-7701,BUY,101,3,1786140799208,7701
NEW,O-7702,BUY,96,15,1786140799208,7702
NEW,O-7703,BUY,90,12,1786140799208,7703
NEW,O-7704,SELL,95,1,1786140799208,7704
NEW,O-7705,BUY,93,18,1786140799208,7705
NEW,O-7706,BUY,100,20,1786140799208,7706
NEW,O-7707,SELL,90,10,1786140799208,7707
NEW,O-7708,BUY,107,13,1786140799208,7708
NEW,O-7709,SELL,101,3,1786140799208,7709
NEW,O-7710,BUY,104,7,1786140799208,7710
NEW,O-7711,SELL,99,5,1786140799208,7711
NEW,O-7712,SELL,93,2,1786140799208,7712
NEW,O-7713,BUY,105,15,1786140799208,7713
NEW,O-7714,BUY,91,12,1786140799208,7714
NEW,O-7715,SELL,108,17,1786140799208,7715
NEW,O-7716,SELL,108,1,1786140799208,7716
NEW,O-7717,BUY,97,1,1786140799208,7717
NEW,O-7718,SELL,97,2,1786140799208,7718
NEW,O-7719,BUY,98,12,1786140799208,7719
NEW,O-7720,SELL,102,2,1786140799208,7720
NEW,O-7721,BUY,105,14,1786140799208,7721
NEW,O-7722,SELL,102,20,1786140799208,7722
NEW,O-7723,SELL,105,15,1786140799208,7723
NEW,O-7724,BUY,99,19,1786140799208,7724
NEW,O-7725,BUY,92,12,1786140799208,7725
NEW,O-7726,SELL,102,20,1786140799208,7726
NEW,O-7727,SELL,97,18,1786140799208,7727
NEW,O-7728,SELL,100,6,1786140799208,7728
NEW,O-7729,BUY,99,14,1786140799208,7729
NEW,O-7730,SELL,108,17,1786140799208,7730
NEW,O-7731,BUY,90,6,1786140799208,7731
NEW,O-7732,BUY,97,5,1786140799208,7732
NEW,O-7733,BUY,107,16,1786140799208,7733
NEW,O-7734,SELL,97,2,1786140799208,7734
NEW,O-7735,BUY,108,9,1786140799208,7735
NEW,O-7736,SELL,100,5,1786140799208,7736
NEW,O-7737,BUY,108,5,1786140799208,7737
NEW,O-7738,SELL,99,18,1786140799208,7738
NEW,O-7739,SELL,109,9,1786140799208,7739
NEW,O-7740,SELL,103,10,1786140799208,7740
NEW,O-7741,BUY,99,1,1786140799208,7741
NEW,O-7742,BUY,91,11,1786140799208,7742
NEW,O-7743,SELL,106,18,1786140799208,7743
NEW,O-7744,BUY,103,6,1786140799208,7744
NEW,O-7745,BUY,97,13,1786140799208,7745
NEW,O-7746,SELL,108,13,1786140799208,7746
NEW,O-7747,SELL,106,7,1786140799208,7747
NEW,O-7748,SELL,96,15,1786140799208,7748
NEW,O-7749,BUY,94,16,1786140799208,7749
NEW,O-7750,BUY,106,13,1786140799208,7750
NEW,O-7751,SELL,90,9,1786140799208,7751
NEW,O-7752,BUY,100,11,1786140799208,7752
NEW,O-7753,SELL,106,6,1786140799208,7753
NEW,O-7754,BUY,94,4,1786140799208,7754
NEW,O-7755,BUY,92,5,1786140799208,7755
NEW,O-7756,SELL,90,4,1786140799208,7756
NEW,O-7757,SELL,93,6,1786140799208,7757
NEW,O-7758,BUY,105,20,1786140799208,7758
NEW,O-7759,SELL,100,17,1786140799208,7759
NEW,O-7760,BUY,95,2,1786140799208,7760
NEW,O-7761,BUY,107,4,1786140799208,7761
NEW,O-7762,BUY,97,14,1786140799208,7762
NEW,O-7764,BUY,107,3,1786140799208,7764
NEW,O-7765,BUY,99,6,1786140799208,7765
NEW,O-7763,SELL,106,14,1786140799208,7763
NEW,O-7766,SELL,94,15,1786140799208,7766
NEW,O-7767,BUY,101,17,1786140799208,7767
NEW,O-7768,SELL,100,14,1786140799208,7768
NEW,O-7769,SELL,97,12,1786140799208,7769
NEW,O-7770,SELL,92,10,1786140799208,7770
NEW,O-7771,SELL,90,9,1786140799208,7771
NEW,O-7772,BUY,93,18,1786140799208,7772
NEW,O-7773,BUY,96,7,1786140799208,7773
NEW,O-7774,BUY,93,20,1786140799208,7774
NEW,O-7775,BUY,109,7,1786140799208,7775
NEW,O-7776,SELL,95,16,1786140799208,7776
NEW,O-7777,BUY,93,4,1786140799208,7777
NEW,O-7778,SELL,99,3,1786140799208,7778
NEW,O-7779,SELL,92,1,1786140799208,7779
NEW,O-7780,SELL,98,5,1786140799208,7780
NEW,O-7781,SELL,109,17,1786140799208,7781
NEW,O-7782,BUY,96,7,1786140799208,7782
NEW,O-7783,SELL,101,20,1786140799208,7783
NEW,O-7784,SELL,105,6,1786140799208,7784
NEW,O-7785,BUY,103,17,1786140799208,7785
NEW,O-7786,BUY,106,16,1786140799208,7786
NEW,O-7787,SELL,103,2,1786140799208,7787
NEW,O-7788,SELL,104,9,1786140799208,7788
NEW,O-7789,BUY,94,6,1786140799208,7789
NEW,O-7790,BUY,108,16,1786140799208,7790
NEW,O-7791,BUY,91,15,1786140799208,7791
NEW,O-7792,BUY,98,11,1786140799208,7792
NEW,O-7793,SELL,100,15,1786140799208,7793
NEW,O-7794,BUY,99,17,1786140799208,7794
NEW,O-7795,SELL,94,9,1786140799208,7795
NEW,O-7796,SELL,106,7,1786140799208,7796
NEW,O-7797,BUY,104,20,1786140799208,7797
NEW,O-7798,SELL,107,16,1786140799208,7798
NEW,O-7799,BUY,103,14,1786140799208,7799
NEW,O-7800,BUY,91,5,1786140799208,7800
NEW,O-7802,BUY,108,3,1786140799208,7802
NEW,O-7801,SELL,96,9,1786140799208,7801
NEW,O-7803,SELL,94,19,1786140799208,7803
NEW,O-7804,SELL,106,11,1786140799208,7804
NEW,O-7805,BUY,106,12,1786140799208,7805
NEW,O-7806,BUY,98,16,1786140799208,7806
NEW,O-7807,SELL,107,4,1786140799208,7807
NEW,O-7808,BUY,107,14,1786140799208,7808
NEW,O-7809,BUY,100,3,1786140799208,7809
NEW,O-7810,BUY,93,15,1786140799208,7810
NEW,O-7811,BUY,106,1,1786140799208,7811
NEW,O-7812,SELL,91,14,1786140799208,7812
NEW,O-7813,BUY,99,12,1786140799208,7813
NEW,O-7814,SELL,101,17,1786140799208,7814
NEW,O-7815,BUY,90,2,1786140799208,7815
NEW,O-7816,BUY,109,14,1786140799208,7816
NEW,O-7817,BUY,90,15,1786140799208,7817
NEW,O-7818,SELL,91,17,1786140799208,7818
NEW,O-7820,SELL,90,19,1786140799208,7820
NEW,O-7819,SELL,91,2,1786140799208,7819
NEW,O-7821,BUY,95,6,1786140799208,7821
NEW,O-7822,BUY,100,19,1786140799208,7822
NEW,O-7823,BUY,96,13,1786140799208,7823
NEW,O-7824,BUY,101,11,1786140799208,7824
NEW,O-7825,BUY,106,13,1786140799208,7825
NEW,O-7826,SELL,92,5,1786140799208,7826
NEW,O-7827,BUY,100,16,1786140799208,7827
NEW,O-7828,SELL,102,16,1786140799208,7828
NEW,O-7829,SELL,110,18,1786140799208,7829
NEW,O-7830,SELL,103,8,1786140799208,7830
NEW,O-7831,BUY,93,3,1786140799208,7831
NEW,O-7832,SELL,90,3,1786140799208,7832
NEW,O-7833,SELL,98,2,1786140799208,7833
NEW,O-7834,BUY,91,20,1786140799208,7834
NEW,O-7835,BUY,91,11,1786140799208,7835
NEW,O-7836,BUY,90,3,1786140799208,7836
NEW,O-7837,BUY,96,9,1786140799208,7837
NEW,O-7838,SELL,92,18,1786140799208,7838
NEW,O-7839,SELL,104,6,1786140799208,7839
NEW,O-7840,BUY,110,19,1786140799208,7840
NEW,O-7841,SELL,92,4,1786140799208,7841
NEW,O-7842,SELL,107,17,1786140799208,7842
NEW,O-7843,SELL,91,2,1786140799208,7843
NEW,O-7844,SELL,97,20,1786140799208,7844
NEW,O-7845,BUY,94,3,1786140799208,7845
NEW,O-7846,BUY,95,14,1786140799208,7846
NEW,O-7847,BUY,92,17,1786140799208,7847
NEW,O-7848,SELL,91,15,1786140799208,7848
NEW,O-7849,SELL,101,19,1786140799208,7849
NEW,O-7850,BUY,107,6,1786140799208,7850
NEW,O-7851,SELL,108,16,1786140799208,7851
NEW,O-7852,SELL,94,17,1786140799208,7852
NEW,O-7853,BUY,96,20,1786140799208,7853
NEW,O-7855,BUY,94,16,1786140799208,7855
NEW,O-7854,BUY,106,2,1786140799208,7854
NEW,O-7856,BUY,105,15,1786140799208,7856
NEW,O-7857,BUY,93,17,1786140799208,7857
NEW,O-7858,BUY,95,6,1786140799208,7858
NEW,O-7859,BUY,110,10,1786140799208,7859
NEW,O-7860,BUY,94,19,1786140799208,7860
NEW,O-7861,SELL,103,6,1786140799208,7861
NEW,O-7862,BUY,97,7,1786140799208,7862
NEW,O-7863,BUY,92,8,1786140799208,7863
NEW,O-7864,SELL,91,8,1786140799208,7864
NEW,O-7865,SELL,100,11,1786140799208,7865
NEW,O-7866,BUY,91,9,1786140799208,7866
NEW,O-7867,BUY,97,9,1786140799208,7867
NEW,O-7868,SELL,92,14,1786140799208,7868
NEW,O-7869,SELL,99,18,1786140799208,7869
NEW,O-7870,SELL,109,2,1786140799208,7870
NEW,O-7871,SELL,105,16,1786140799208,7871
NEW,O-7872,BUY,110,3,1786140799208,7872
NEW,O-7873,SELL,101,10,1786140799208,7873
NEW,O-7874,SELL,110,9,1786140799208,7874
NEW,O-7875,SELL,95,5,1786140799208,7875
NEW,O-7876,SELL,102,16,1786140799208,7876
NEW,O-7877,BUY,109,14,1786140799208,7877
NEW,O-7878,SELL,92,14,1786140799208,7878
NEW,O-7879,SELL,109,2,1786140799208,7879
NEW,O-7880,BUY,109,9,1786140799208,7880
NEW,O-7881,SELL,94,14,1786140799208,7881
NEW,O-7882,SELL,101,15,1786140799208,7882
NEW,O-7884,BUY,99,9,1786140799208,7884
NEW,O-7885,BUY,98,16,1786140799208,7885
NEW,O-7886,SELL,99,20,1786140799208,7886
NEW,O-7883,BUY,97,14,1786140799208,7883
NEW,O-7887,BUY,102,19,1786140799208,7887
NEW,O-7888,SELL,91,2,1786140799208,7888
NEW,O-7889,SELL,96,16,1786140799208,7889
NEW,O-7890,SELL,110,7,1786140799208,7890
NEW,O-7891,BUY,92,16,1786140799208,7891
NEW,O-7892,SELL,106,9,1786140799208,7892
NEW,O-7893,SELL,99,10,1786140799208,7893
NEW,O-7894,BUY,107,1,1786140799208,7894
NEW,O-7895,SELL,110,19,1786140799208,7895
NEW,O-7896,SELL,110,6,1786140799208,7896
NEW,O-7897,SELL,96,16,1786140799208,7897
NEW,O-7898,SELL,107,8,1786140799208,7898
NEW,O-7899,SELL,92,18,1786140799208,7899
NEW,O-7900,BUY,95,11,1786140799208,7900
NEW,O-7901,BUY,99,13,1786140799208,7901
NEW,O-7902,SELL,96,16,1786140799208,7902
NEW,O-7903,SELL,110,3,1786140799208,7903
NEW,O-7904,BUY,102,18,1786140799208,7904
NEW,O-7905,BUY,103,1,1786140799208,7905
NEW,O-7906,SELL,90,15,1786140799208,7906
NEW,O-7907,SELL,104,20,1786140799208,7907
NEW,O-7908,BUY,93,12,1786140799208,7908
NEW,O-7909,SELL,107,18,1786140799208,7909
NEW,O-7910,SELL,91,18,1786140799208,7910
NEW,O-7911,BUY,95,20,1786140799208,7911
NEW,O-7912,BUY,91,16,1786140799208,7912
NEW,O-7913,BUY,92,5,1786140799208,7913
NEW,O-7914,SELL,109,13,1786140799208,7914
NEW,O-7915,SELL,100,1,1786140799208,7915
NEW,O-7917,SELL,107,14,1786140799208,7917
NEW,O-7916,SELL,105,5,1786140799208,7916
NEW,O-7919,SELL,99,10,1786140799208,7919
NEW,O-7920,SELL,102,15,1786140799208,7920
NEW,O-7921,SELL,93,10,1786140799208,7921
NEW,O-7922,SELL,103,1,1786140799208,7922
NEW,O-7923,BUY,108,6,1786140799208,7923
NEW,O-7918,SELL,107,8,1786140799208,7918
NEW,O-7924,BUY,100,15,1786140799208,7924
NEW,O-7925,BUY,95,8,1786140799208,7925
NEW,O-7926,SELL,97,15,1786140799208,7926
NEW,O-7927,BUY,98,13,1786140799208,7927
NEW,O-7928,BUY,100,9,1786140799208,7928
NEW,O-7929,BUY,98,4,1786140799208,7929
NEW,O-7930,BUY,97,3,1786140799208,7930
NEW,O-7931,SELL,104,17,1786140799208,7931
NEW,O-7933,BUY,99,16,1786140799208,7933
NEW,O-7932,BUY,102,12,1786140799208,7932
NEW,O-7934,SELL,92,9,1786140799208,7934
NEW,O-7935,BUY,102,6,1786140799208,7935
NEW,O-7936,BUY,93,9,1786140799208,7936
NEW,O-7937,BUY,91,20,1786140799208,7937
NEW,O-7938,SELL,92,16,1786140799208,7938
NEW,O-7939,SELL,104,11,1786140799208,7939
NEW,O-7940,BUY,102,8,1786140799208,7940
NEW,O-7941,BUY,96,20,1786140799208,7941
NEW,O-7942,SELL,92,11,1786140799208,7942
NEW,O-7943,SELL,108,12,1786140799208,7943
NEW,O-7944,BUY,109,16,1786140799208,7944
NEW,O-7945,SELL,93,18,1786140799208,7945
NEW,O-7946,BUY,100,11,1786140799208,7946
NEW,O-7947,SELL,101,11,1786140799208,7947
NEW,O-7948,SELL,101,13,1786140799208,7948
NEW,O-7949,BUY,93,6,1786140799208,7949
NEW,O-7950,SELL,104,10,1786140799208,7950
NEW,O-7951,BUY,106,4,1786140799208,7951
NEW,O-7952,BUY,106,7,1786140799208,7952
NEW,O-7953,BUY,108,18,1786140799208,7953
NEW,O-7954,SELL,99,3,1786140799208,7954
NEW,O-7955,SELL,109,9,1786140799208,7955
NEW,O-7956,SELL,110,11,1786140799208,7956
NEW,O-7957,SELL,96,9,1786140799208,7957
NEW,O-7958,SELL,107,9,1786140799208,7958
NEW,O-7959,SELL,91,2,1786140799208,7959
NEW,O-7960,BUY,96,9,1786140799208,7960
NEW,O-7961,SELL,104,11,1786140799208,7961
NEW,O-7962,BUY,95,3,1786140799208,7962
NEW,O-7963,BUY,97,8,1786140799208,7963
NEW,O-7964,BUY,94,1,1786140799208,7964
NEW,O-7966,BUY,102,7,1786140799208,7966
NEW,O-7965,SELL,102,18,1786140799208,7965
NEW,O-7967,SELL,96,9,1786140799208,7967
NEW,O-7968,BUY,99,10,1786140799208,7968
NEW,O-7969,BUY,98,10,1786140799208,7969
NEW,O-7971,SELL,99,16,1786140799208,7971
NEW,O-7972,BUY,103,1,1786140799208,7972
NEW,O-7973,SELL,95,15,1786140799208,7973
NEW,O-7974,SELL,98,8,1786140799208,7974
NEW,O-7975,SELL,104,4,1786140799208,7975
NEW,O-7976,SELL,90,7,1786140799208,7976
NEW,O-7977,BUY,99,19,1786140799208,7977
NEW,O-7979,SELL,93,1,1786140799208,7979
NEW,O-7970,BUY,94,1,1786140799208,7970
NEW,O-7978,BUY,108,15,1786140799208,7978
NEW,O-7980,SELL,101,17,1786140799208,7980
NEW,O-7982,SELL,95,20,1786140799208,7982
NEW,O-7981,BUY,94,11,1786140799208,7981
NEW,O-7984,SELL,95,19,1786140799208,7984
NEW,O-7983,SELL,100,19,1786140799208,7983
NEW,O-7985,SELL,99,14,1786140799208,7985
NEW,O-7986,SELL,96,11,1786140799208,7986
NEW,O-7988,SELL,100,11,1786140799208,7988
NEW,O-7987,BUY,102,19,1786140799208,7987
NEW,O-7989,SELL,102,8,1786140799208,7989
NEW,O-7990,SELL,103,9,1786140799208,7990
NEW,O-7991,SELL,92,2,1786140799208,7991
NEW,O-7992,SELL,103,8,1786140799208,7992
NEW,O-7993,SELL,93,6,1786140799208,7993
NEW,O-7994,BUY,97,9,1786140799208,7994
NEW,O-7995,BUY,104,14,1786140799208,7995
NEW,O-7996,SELL,96,16,1786140799208,7996
NEW,O-7997,BUY,99,17,1786140799208,7997
NEW,O-7998,BUY,106,1,1786140799208,7998
NEW,O-7999,SELL,101,12,1786140799208,7999
NEW,O-8000,SELL,97,15,1786140799208,8000
NEW,O-8001,SELL,100,3,1786140799208,8001
NEW,O-8002,SELL,92,10,1786140799208,8002
NEW,O-8003,SELL,99,20,1786140799208,8003
NEW,O-8004,BUY,97,2,1786140799208,8004
NEW,O-8005,SELL,99,15,1786140799208,8005
NEW,O-8006,SELL,98,15,1786140799208,8006
NEW,O-8008,BUY,103,4,1786140799208,8008
NEW,O-8007,SELL,90,2,1786140799208,8007
NEW,O-8009,SELL,96,16,1786140799208,8009
NEW,O-8010,BUY,110,20,1786140799208,8010
NEW,O-8012,SELL,98,4,1786140799208,8012
NEW,O-8013,SELL,108,16,1786140799208,8013
NEW,O-8011,SELL,90,7,1786140799208,8011
NEW,O-8014,SELL,108,16,1786140799208,8014
NEW,O-8016,SELL,106,12,1786140799208,8016
NEW,O-8015,BUY,91,8,1786140799208,8015
NEW,O-8017,BUY,95,13,1786140799208,8017
NEW,O-8018,SELL,99,14,1786140799208,8018
NEW,O-8019,SELL,99,18,1786140799208,8019
NEW,O-8020,BUY,108,5,1786140799208,8020
NEW,O-8021,SELL,104,3,1786140799208,8021
NEW,O-8022,BUY,90,16,1786140799208,8022
NEW,O-8023,BUY,90,6,1786140799208,8023
NEW,O-8024,BUY,105,3,1786140799208,8024
NEW,O-8025,BUY,94,19,1786140799208,8025
NEW,O-8026,BUY,102,20,1786140799208,8026
NEW,O-8027,BUY,90,16,1786140799208,8027
NEW,O-8028,BUY,99,13,1786140799208,8028
NEW,O-8029,BUY,107,17,1786140799208,8029
NEW,O-8030,SELL,95,3,1786140799208,8030
NEW,O-8031,SELL,91,5,1786140799208,8031
NEW,O-8032,SELL,108,13,1786140799208,8032
NEW,O-8033,SELL,105,9,1786140799208,8033
NEW,O-8035,SELL,105,12,1786140799208,8035
NEW,O-8036,SELL,109,16,1786140799208,8036
NEW,O-8037,SELL,93,18,1786140799208,8037
NEW,O-8039,SELL,100,4,1786140799208,8039
NEW,O-8040,BUY,106,3,1786140799208,8040
NEW,O-8038,SELL,99,16,1786140799208,8038
NEW,O-8041,BUY,95,13,1786140799208,8041
NEW,O-8042,BUY,107,19,1786140799208,8042
NEW,O-8043,BUY,95,8,1786140799208,8043
NEW,O-8044,BUY,96,5,1786140799208,8044
NEW,O-8046,BUY,105,19,1786140799208,8046
NEW,O-8047,SELL,104,18,1786140799208,8047
NEW,O-8045,BUY,90,19,1786140799208,8045
NEW,O-8048,SELL,94,8,1786140799208,8048
NEW,O-8050,BUY,109,13,1786140799208,8050
NEW,O-8049,SELL,106,15,1786140799208,8049
NEW,O-8051,SELL,95,18,1786140799208,8051
NEW,O-8052,SELL,96,13,1786140799208,8052
NEW,O-8053,BUY,93,17,1786140799208,8053
NEW,O-8054,SELL,109,8,1786140799208,8054
NEW,O-8055,SELL,100,7,1786140799208,8055
NEW,O-8056,BUY,95,9,1786140799208,8056
NEW,O-8057,SELL,108,17,1786140799208,8057
NEW,O-8058,BUY,108,12,1786140799208,8058
NEW,O-8060,BUY,92,17,1786140799208,8060
NEW,O-8061,SELL,110,2,1786140799208,8061
NEW,O-8059,SELL,105,6,1786140799208,8059
NEW,O-8062,BUY,99,8,1786140799208,8062
NEW,O-8064,SELL,97,11,1786140799208,8064
NEW,O-8065,BUY,107,15,1786140799208,8065
NEW,O-8066,BUY,95,4,1786140799208,8066
NEW,O-8067,BUY,93,2,1786140799208,8067
NEW,O-8068,BUY,97,18,1786140799208,8068
NEW,O-8070,BUY,94,20,1786140799208,8070
NEW,O-8069,BUY,109,14,1786140799208,8069
NEW,O-8071,BUY,105,14,1786140799208,8071
NEW,O-8073,BUY,99,12,1786140799208,8073
NEW,O-8072,SELL,101,14,1786140799208,8072
NEW,O-8063,SELL,106,14,1786140799208,8063
NEW,O-8074,SELL,93,10,1786140799208,8074
NEW,O-8075,BUY,96,11,1786140799208,8075
NEW,O-8076,SELL,106,11,1786140799208,8076
NEW,O-8077,SELL,103,12,1786140799208,8077
NEW,O-8078,SELL,97,12,1786140799208,8078
NEW,O-8079,SELL,106,8,1786140799208,8079
NEW,O-8080,SELL,93,3,1786140799208,8080
NEW,O-8082,BUY,95,3,1786140799208,8082
NEW,O-8081,BUY,107,8,1786140799208,8081
NEW,O-8084,BUY,95,16,1786140799208,8084
NEW,O-8083,BUY,108,8,1786140799208,8083
NEW,O-8086,SELL,110,9,1786140799208,8086
NEW,O-8085,BUY,102,17,1786140799208,8085
NEW,O-8087,BUY,90,2,1786140799208,8087
NEW,O-8088,SELL,97,4,1786140799208,8088
NEW,O-8089,SELL,92,19,1786140799208,8089
NEW,O-8090,BUY,97,3,1786140799208,8090
NEW,O-8092,SELL,96,9,1786140799208,8092
NEW,O-8091,SELL,103,18,1786140799208,8091
NEW,O-8094,SELL,90,19,1786140799208,8094
NEW,O-8093,SELL,102,1,1786140799208,8093
NEW,O-8095,SELL,95,7,1786140799208,8095
NEW,O-8096,BUY,91,19,1786140799208,8096
NEW,O-8098,BUY,96,9,1786140799208,8098
NEW,O-8097,BUY,91,15,1786140799208,8097
NEW,O-8099,SELL,100,4,1786140799208,8099
NEW,O-8100,SELL,94,3,1786140799208,8100
NEW,O-8101,SELL,103,14,1786140799208,8101
NEW,O-8102,SELL,102,13,1786140799208,8102
NEW,O-8104,SELL,105,15,1786140799208,8104
NEW,O-8103,BUY,101,17,1786140799208,8103
NEW,O-8105,SELL,98,14,1786140799208,8105
NEW,O-8107,BUY,91,19,1786140799208,8107
NEW,O-8106,BUY,95,2,1786140799208,8106
NEW,O-8109,BUY,102,19,1786140799208,8109
NEW,O-8108,BUY,93,1,1786140799208,8108
NEW,O-8110,BUY,101,16,1786140799208,8110
NEW,O-8111,SELL,100,9,1786140799208,8111
NEW,O-8112,BUY,103,12,1786140799208,8112
NEW,O-8113,SELL,92,4,1786140799208,8113
NEW,O-8114,SELL,93,8,1786140799208,8114
NEW,O-8117,SELL,97,13,1786140799208,8117
NEW,O-8115,BUY,101,2,1786140799208,8115
NEW,O-8116,BUY,109,6,1786140799208,8116
NEW,O-8118,SELL,91,2,1786140799208,8118
NEW,O-8119,SELL,96,3,1786140799208,8119
NEW,O-8121,SELL,99,1,1786140799208,8121
NEW,O-8120,BUY,98,9,1786140799208,8120
NEW,O-8122,BUY,98,13,1786140799208,8122
NEW,O-8123,SELL,103,16,1786140799208,8123
NEW,O-8124,BUY,90,11,1786140799208,8124
NEW,O-8126,SELL,91,6,1786140799208,8126
NEW,O-8125,BUY,94,7,1786140799208,8125
NEW,O-8127,BUY,96,13,1786140799208,8127
NEW,O-8128,BUY,99,19,1786140799208,8128
NEW,O-8129,SELL,100,4,1786140799208,8129
NEW,O-8034,SELL,103,8,1786140799208,8034
NEW,O-8130,BUY,102,19,1786140799208,8130
NEW,O-8131,SELL,106,10,1786140799208,8131
NEW,O-8133,SELL,91,18,1786140799208,8133
NEW,O-8132,BUY,108,14,1786140799208,8132
NEW,O-8135,SELL,107,2,1786140799208,8135
NEW,O-8134,SELL,98,4,1786140799208,8134
NEW,O-8137,BUY,92,1,1786140799208,8137
NEW,O-8136,SELL,104,17,1786140799208,8136
NEW,O-8140,BUY,101,4,1786140799208,8140
NEW,O-8139,SELL,99,1,1786140799208,8139
NEW,O-8138,SELL,95,13,1786140799208,8138
NEW,O-8142,SELL,105,19,1786140799208,8142
NEW,O-8141,BUY,96,14,1786140799208,8141
NEW,O-8143,SELL,109,15,1786140799208,8143
NEW,O-8144,BUY,90,12,1786140799208,8144
NEW,O-8145,BUY,90,16,1786140799208,8145
NEW,O-8146,SELL,104,18,1786140799208,8146
NEW,O-8147,SELL,107,17,1786140799208,8147
NEW,O-8149,BUY,106,7,1786140799208,8149
NEW,O-8148,SELL,110,12,1786140799208,8148
NEW,O-8150,BUY,103,17,1786140799208,8150
NEW,O-8152,BUY,109,10,1786140799208,8152
NEW,O-8151,SELL,93,5,1786140799208,8151
NEW,O-8154,BUY,110,7,1786140799208,8154
NEW,O-8153,BUY,101,7,1786140799208,8153
NEW,O-8155,BUY,102,4,1786140799208,8155
NEW,O-8157,SELL,110,4,1786140799208,8157
NEW,O-8156,BUY,97,16,1786140799208,8156
NEW,O-8158,SELL,108,17,1786140799208,8158
NEW,O-8159,SELL,109,9,1786140799208,8159
NEW,O-8160,SELL,108,11,1786140799208,8160
NEW,O-8162,BUY,103,6,1786140799208,8162
NEW,O-8163,BUY,106,16,1786140799208,8163
NEW,O-8161,BUY,101,14,1786140799208,8161
NEW,O-8164,BUY,101,7,1786140799208,8164
NEW,O-8165,SELL,100,6,1786140799208,8165
NEW,O-8166,BUY,101,11,1786140799208,8166
NEW,O-8167,BUY,106,9,1786140799208,8167
NEW,O-8168,BUY,91,7,1786140799208,8168
NEW,O-8169,SELL,93,16,1786140799208,8169
NEW,O-8170,BUY,107,20,1786140799208,8170
NEW,O-8171,BUY,90,15,1786140799208,8171
NEW,O-8172,SELL,104,20,1786140799208,8172
NEW,O-8173,BUY,106,18,1786140799208,8173
NEW,O-8174,BUY,102,16,1786140799208,8174
NEW,O-8175,BUY,91,6,1786140799208,8175
NEW,O-8176,BUY,106,17,1786140799208,8176
NEW,O-8177,SELL,96,5,1786140799208,8177
NEW,O-8178,SELL,99,11,1786140799208,8178
NEW,O-8179,BUY,93,1,1786140799208,8179
NEW,O-8180,SELL,104,6,1786140799208,8180
NEW,O-8181,BUY,93,3,1786140799208,8181
NEW,O-8182,BUY,98,15,1786140799208,8182
NEW,O-8183,SELL,109,6,1786140799208,8183
NEW,O-8184,SELL,103,5,1786140799208,8184
NEW,O-8185,BUY,98,2,1786140799208,8185
NEW,O-8186,SELL,91,18,1786140799208,8186
NEW,O-8187,SELL,91,14,1786140799208,8187
NEW,O-8188,BUY,96,11,1786140799208,8188
NEW,O-8189,BUY,98,14,1786140799208,8189
NEW,O-8190,SELL,100,13,1786140799208,8190
NEW,O-8191,SELL,92,1,1786140799208,8191
NEW,O-8193,SELL,97,13,1786140799208,8193
NEW,O-8194,BUY,91,3,1786140799208,8194
NEW,O-8195,SELL,101,1,1786140799208,8195
NEW,O-8192,SELL,100,16,1786140799208,8192
NEW,O-8196,BUY,93,20,1786140799208,8196
NEW,O-8197,SELL,99,3,1786140799208,8197
NEW,O-8198,BUY,109,17,1786140799208,8198
NEW,O-8199,SELL,98,3,1786140799208,8199
NEW,O-8201,BUY,110,4,1786140799208,8201
NEW,O-8202,BUY,104,11,1786140799208,8202
NEW,O-8203,SELL,90,19,1786140799208,8203
NEW,O-8200,BUY,105,15,1786140799208,8200
NEW,O-8204,BUY,91,17,1786140799208,8204
NEW,O-8205,SELL,106,16,1786140799208,8205
NEW,O-8206,BUY,104,4,1786140799208,8206
NEW,O-8207,SELL,110,14,1786140799208,8207
NEW,O-8208,BUY,104,12,1786140799208,8208
NEW,O-8209,SELL,104,4,1786140799208,8209
NEW,O-8210,SELL,105,7,1786140799208,8210
NEW,O-8211,SELL,106,19,1786140799208,8211
NEW,O-8212,SELL,105,3,1786140799208,8212
NEW,O-8213,SELL,98,6,1786140799208,8213
NEW,O-8214,BUY,95,18,1786140799208,8214
NEW,O-8215,BUY,101,11,1786140799208,8215
NEW,O-8216,SELL,110,9,1786140799208,8216
NEW,O-8218,BUY,92,13,1786140799208,8218
NEW,O-8217,BUY,90,4,1786140799208,8217
NEW,O-8219,BUY,96,16,1786140799208,8219
NEW,O-8220,BUY,105,20,1786140799208,8220
NEW,O-8221,SELL,95,8,1786140799208,8221
NEW,O-8222,BUY,107,9,1786140799208,8222
NEW,O-8224,BUY,94,6,1786140799208,8224
NEW,O-8223,SELL,98,10,1786140799208,8223
NEW,O-8225,BUY,99,1,1786140799208,8225
NEW,O-8226,BUY,97,19,1786140799208,8226
NEW,O-8227,SELL,109,1,1786140799208,8227
NEW,O-8228,BUY,102,14,1786140799208,8228
NEW,O-8230,SELL,102,17,1786140799208,8230
NEW,O-8229,SELL,96,7,1786140799208,8229
NEW,O-8231,BUY,92,11,1786140799208,8231
NEW,O-8232,BUY,103,10,1786140799208,8232
NEW,O-8233,SELL,96,7,1786140799208,8233
NEW,O-8234,SELL,108,16,1786140799208,8234
NEW,O-8235,SELL,106,16,1786140799208,8235
NEW,O-8236,SELL,94,8,1786140799208,8236
NEW,O-8238,BUY,104,15,1786140799208,8238
NEW,O-8240,BUY,96,8,1786140799208,8240
NEW,O-8239,SELL,96,6,1786140799208,8239
NEW,O-8237,BUY,98,10,1786140799208,8237
NEW,O-8241,BUY,96,5,1786140799208,8241
NEW,O-8242,SELL,90,5,1786140799208,8242
NEW,O-8243,SELL,104,11,1786140799208,8243
NEW,O-8244,SELL,101,17,1786140799208,8244
NEW,O-8245,BUY,110,7,1786140799208,8245
NEW,O-8246,SELL,102,6,1786140799208,8246
NEW,O-8247,BUY,102,5,1786140799208,8247
NEW,O-8249,BUY,109,20,1786140799208,8249
NEW,O-8248,BUY,102,9,1786140799208,8248
NEW,O-8250,SELL,103,9,1786140799208,8250
NEW,O-8252,SELL,108,19,1786140799208,8252
NEW,O-8251,BUY,102,14,1786140799208,8251
NEW,O-8253,BUY,100,6,1786140799208,8253
NEW,O-8254,SELL,90,12,1786140799208,8254
NEW,O-8255,SELL,99,10,1786140799208,8255
NEW,O-8256,SELL,106,16,1786140799208,8256
NEW,O-8257,SELL,101,5,1786140799208,8257
NEW,O-8258,BUY,93,6,1786140799208,8258
NEW,O-8259,BUY,99,8,1786140799208,8259
NEW,O-8260,BUY,91,11,1786140799208,8260
NEW,O-8262,SELL,105,9,1786140799208,8262
NEW,O-8261,BUY,92,11,1786140799208,8261
NEW,O-8263,BUY,102,6,1786140799208,8263
NEW,O-8264,SELL,107,20,1786140799208,8264
NEW,O-8265,BUY,96,16,1786140799208,8265
NEW,O-8267,SELL,110,7,1786140799208,8267
NEW,O-8266,SELL,93,9,1786140799208,8266
NEW,O-8269,BUY,93,8,1786140799208,8269
NEW,O-8268,BUY,103,10,1786140799208,8268
NEW,O-8270,SELL,97,8,1786140799208,8270
NEW,O-8271,SELL,99,15,1786140799208,8271
NEW,O-8272,SELL,102,17,1786140799208,8272
NEW,O-8273,SELL,104,3,1786140799208,8273
NEW,O-8274,BUY,98,10,1786140799208,8274
NEW,O-8275,SELL,93,14,1786140799208,8275
NEW,O-8277,SELL,96,11,1786140799208,8277
NEW,O-8276,BUY,93,12,1786140799208,8276
NEW,O-8279,BUY,106,10,1786140799208,8279
NEW,O-8278,BUY,100,18,1786140799208,8278
NEW,O-8280,SELL,92,2,1786140799208,8280
NEW,O-8281,BUY,103,19,1786140799208,8281
NEW,O-8282,SELL,106,8,1786140799208,8282
NEW,O-8283,BUY,90,17,1786140799208,8283
NEW,O-8284,BUY,99,3,1786140799208,8284
NEW,O-8285,BUY,92,1,1786140799208,8285
NEW,O-8286,SELL,97,18,1786140799208,8286
NEW,O-8287,BUY,91,17,1786140799208,8287
NEW,O-8289,SELL,101,9,1786140799208,8289
NEW,O-8288,SELL,90,14,1786140799208,8288
NEW,O-8290,SELL,105,5,1786140799208,8290
NEW,O-8292,BUY,108,4,1786140799208,8292
NEW,O-8293,BUY,110,19,1786140799208,8293
NEW,O-8291,BUY,100,3,1786140799208,8291
NEW,O-8295,BUY,91,15,1786140799208,8295
NEW,O-8294,SELL,103,2,1786140799208,8294
NEW,O-8296,SELL,99,9,1786140799209,8296
NEW,O-8297,SELL,99,8,1786140799209,8297
NEW,O-8298,SELL,103,18,1786140799209,8298
NEW,O-8299,SELL,105,15,1786140799209,8299
NEW,O-8301,BUY,94,15,1786140799209,8301
NEW,O-8300,SELL,97,13,1786140799209,8300
NEW,O-8302,BUY,105,20,1786140799209,8302
NEW,O-8303,BUY,99,1,1786140799209,8303
NEW,O-8304,BUY,94,2,1786140799209,8304
NEW,O-8306,BUY,107,9,1786140799209,8306
NEW,O-8305,BUY,109,8,1786140799209,8305
NEW,O-8307,BUY,90,16,1786140799209,8307
NEW,O-8308,SELL,94,5,1786140799209,8308
NEW,O-8309,SELL,96,1,1786140799209,8309
NEW,O-8310,SELL,98,3,1786140799209,8310
NEW,O-8312,BUY,95,7,1786140799209,8312
NEW,O-8313,SELL,109,10,1786140799209,8313
NEW,O-8311,SELL,103,11,1786140799209,8311
NEW,O-8314,BUY,92,17,1786140799209,8314
NEW,O-8315,BUY,107,17,1786140799209,8315
NEW,O-8316,SELL,93,5,1786140799209,8316
NEW,O-8318,BUY,108,18,1786140799209,8318
NEW,O-8317,BUY,97,17,1786140799209,8317
NEW,O-8319,BUY,100,18,1786140799209,8319
NEW,O-8320,SELL,101,14,1786140799209,8320
NEW,O-8321,BUY,94,10,1786140799209,8321
NEW,O-8322,BUY,91,2,1786140799209,8322
NEW,O-8323,BUY,110,14,1786140799209,8323
NEW,O-8324,SELL,106,6,1786140799209,8324
NEW,O-8325,BUY,102,17,1786140799209,8325
NEW,O-8326,SELL,107,12,1786140799209,8326
NEW,O-8327,BUY,96,18,1786140799209,8327
NEW,O-8328,BUY,108,1,1786140799209,8328
NEW,O-8329,BUY,105,16,1786140799209,8329
NEW,O-8330,BUY,95,4,1786140799209,8330
NEW,O-8331,SELL,105,2,1786140799209,8331
NEW,O-8332,SELL,102,12,1786140799209,8332
NEW,O-8333,SELL,95,15,1786140799209,8333
NEW,O-8334,SELL,103,11,1786140799209,8334
NEW,O-8335,SELL,91,18,1786140799209,8335
NEW,O-8336,BUY,97,13,1786140799209,8336
NEW,O-8337,SELL,94,9,1786140799209,8337
NEW,O-8338,BUY,90,8,1786140799209,8338
NEW,O-8339,SELL,95,4,1786140799209,8339
NEW,O-8340,SELL,97,5,1786140799209,8340
NEW,O-8341,SELL,105,16,1786140799209,8341
NEW,O-8342,SELL,101,4,1786140799209,8342
NEW,O-8344,BUY,100,9,1786140799209,8344
NEW,O-8343,BUY,100,5,1786140799209,8343
NEW,O-8345,BUY,105,13,1786140799209,8345
NEW,O-8346,BUY,108,11,1786140799209,8346
NEW,O-8347,BUY,104,19,1786140799209,8347
NEW,O-8349,SELL,102,16,1786140799209,8349
NEW,O-8350,BUY,102,2,1786140799209,8350
NEW,O-8348,SELL,98,14,1786140799209,8348
NEW,O-8351,SELL,105,1,1786140799209,8351
NEW,O-8352,SELL,104,15,1786140799209,8352
NEW,O-8354,SELL,93,6,1786140799209,8354
NEW,O-8353,BUY,101,19,1786140799209,8353
NEW,O-8355,SELL,101,10,1786140799209,8355
NEW,O-8356,BUY,103,5,1786140799209,8356
NEW,O-8357,SELL,108,3,1786140799209,8357
NEW,O-8359,BUY,93,6,1786140799209,8359
NEW,O-8358,SELL,107,19,1786140799209,8358
NEW,O-8360,BUY,102,15,1786140799209,8360
NEW,O-8361,BUY,101,4,1786140799209,8361
NEW,O-8364,SELL,90,13,1786140799209,8364
NEW,O-8365,SELL,99,19,1786140799209,8365
NEW,O-8362,SELL,109,18,1786140799209,8362
NEW,O-8363,SELL,92,4,1786140799209,8363
NEW,O-8367,SELL,110,5,1786140799209,8367
NEW,O-8366,SELL,97,18,1786140799209,8366
NEW,O-8369,SELL,102,16,1786140799209,8369
NEW,O-8368,BUY,94,4,1786140799209,8368
NEW,O-8370,SELL,105,14,1786140799209,8370
NEW,O-8371,BUY,100,8,1786140799209,8371
NEW,O-8372,SELL,103,7,1786140799209,8372
NEW,O-8373,SELL,107,13,1786140799209,8373
NEW,O-8375,SELL,106,11,1786140799209,8375
NEW,O-8374,SELL,95,7,1786140799209,8374
NEW,O-8376,SELL,95,11,1786140799209,8376
NEW,O-8377,BUY,91,16,1786140799209,8377
NEW,O-8378,SELL,96,17,1786140799209,8378
NEW,O-8379,BUY,96,6,1786140799209,8379
NEW,O-8380,SELL,106,16,1786140799209,8380
NEW,O-8382,SELL,91,14,1786140799209,8382
NEW,O-8381,SELL,109,5,1786140799209,8381
NEW,O-8384,BUY,92,4,1786140799209,8384
NEW,O-8385,BUY,92,16,1786140799209,8385
NEW,O-8383,BUY,92,4,1786140799209,8383
NEW,O-8386,SELL,94,6,1786140799209,8386
NEW,O-8387,SELL,108,20,1786140799209,8387
NEW,O-8389,BUY,96,8,1786140799209,8389
NEW,O-8388,BUY,94,1,1786140799209,8388
NEW,O-8390,SELL,98,15,1786140799209,8390
NEW,O-8392,SELL,95,17,1786140799209,8392
NEW,O-8391,BUY,106,20,1786140799209,8391
NEW,O-8394,SELL,91,11,1786140799209,8394
NEW,O-8393,SELL,110,17,1786140799209,8393
NEW,O-8396,SELL,94,2,1786140799209,8396
NEW,O-8395,SELL,95,15,1786140799209,8395
NEW,O-8397,BUY,107,20,1786140799209,8397
NEW,O-8398,SELL,95,13,1786140799209,8398
NEW,O-8399,SELL,104,5,1786140799209,8399
NEW,O-8401,BUY,90,8,1786140799209,8401
NEW,O-8400,SELL,95,3,1786140799209,8400
NEW,O-8402,BUY,107,15,1786140799209,8402
NEW,O-8403,BUY,110,12,1786140799209,8403
NEW,O-8404,BUY,108,10,1786140799209,8404
NEW,O-8406,BUY,106,19,1786140799209,8406
NEW,O-8405,BUY,109,12,1786140799209,8405
NEW,O-8407,BUY,106,19,1786140799209,8407
NEW,O-8409,BUY,100,11,1786140799209,8409
NEW,O-8408,BUY,97,6,1786140799209,8408
NEW,O-8410,BUY,110,16,1786140799209,8410
NEW,O-8411,SELL,91,3,1786140799209,8411
NEW,O-8412,BUY,94,14,1786140799209,8412
NEW,O-8414,SELL,99,5,1786140799209,8414
NEW,O-8413,BUY,106,2,1786140799209,8413
NEW,O-8415,BUY,92,8,1786140799209,8415
NEW,O-8416,SELL,109,1,1786140799209,8416
NEW,O-8417,SELL,108,6,1786140799209,8417
NEW,O-8418,BUY,108,17,1786140799209,8418
NEW,O-8419,BUY,104,19,1786140799209,8419
NEW,O-8420,SELL,101,11,1786140799209,8420
NEW,O-8422,BUY,91,9,1786140799209,8422
NEW,O-8423,SELL,105,18,1786140799209,8423
NEW,O-8421,SELL,106,19,1786140799209,8421
NEW,O-8424,SELL,99,15,1786140799209,8424
NEW,O-8425,BUY,90,1,1786140799209,8425
NEW,O-8426,SELL,91,7,1786140799209,8426
NEW,O-8427,BUY,108,3,1786140799209,8427
NEW,O-8430,SELL,92,18,1786140799209,8430
NEW,O-8428,SELL,104,17,1786140799209,8428
NEW,O-8429,BUY,106,3,1786140799209,8429
NEW,O-8431,SELL,106,6,1786140799209,8431
NEW,O-8432,SELL,107,11,1786140799209,8432
NEW,O-8433,SELL,96,3,1786140799209,8433
NEW,O-8434,BUY,93,7,1786140799209,8434
NEW,O-8435,BUY,94,2,1786140799209,8435
NEW,O-8437,BUY,106,14,1786140799209,8437
NEW,O-8436,SELL,95,20,1786140799209,8436
NEW,O-8438,BUY,92,7,1786140799209,8438
NEW,O-8439,BUY,90,9,1786140799209,8439
NEW,O-8440,SELL,100,9,1786140799209,8440
NEW,O-8441,BUY,94,14,1786140799209,8441
NEW,O-8442,BUY,110,6,1786140799209,8442
NEW,O-8443,BUY,104,12,1786140799209,8443
NEW,O-8444,BUY,105,19,1786140799209,8444
NEW,O-8445,BUY,103,17,1786140799209,8445
NEW,O-8447,SELL,99,16,1786140799209,8447
NEW,O-8446,BUY,93,5,1786140799209,8446
NEW,O-8448,BUY,94,16,1786140799209,8448
NEW,O-8449,SELL,104,17,1786140799209,8449
NEW,O-8450,BUY,97,19,1786140799209,8450
NEW,O-8451,BUY,108,4,1786140799209,8451
NEW,O-8452,BUY,107,20,1786140799209,8452
NEW,O-8453,BUY,97,8,1786140799209,8453
NEW,O-8454,BUY,104,13,1786140799209,8454
NEW,O-8455,SELL,100,15,1786140799209,8455
NEW,O-8456,SELL,100,5,1786140799209,8456
NEW,O-8457,BUY,96,13,1786140799209,8457
NEW,O-8458,SELL,100,11,1786140799209,8458
NEW,O-8460,SELL,95,11,1786140799209,8460
NEW,O-8459,BUY,104,12,1786140799209,8459
NEW,O-8461,SELL,103,14,1786140799209,8461
NEW,O-8463,BUY,97,2,1786140799209,8463
NEW,O-8462,BUY,101,3,1786140799209,8462
NEW,O-8465,BUY,105,1,1786140799209,8465
NEW,O-8464,SELL,107,14,1786140799209,8464
NEW,O-8466,SELL,110,3,1786140799209,8466
NEW,O-8468,SELL,94,18,1786140799209,8468
NEW,O-8467,BUY,110,15,1786140799209,8467
NEW,O-8470,BUY,108,4,1786140799209,8470
NEW,O-8469,BUY,109,13,1786140799209,8469
NEW,O-8471,BUY,101,20,1786140799209,8471
NEW,O-8473,SELL,94,19,1786140799209,8473
NEW,O-8472,BUY,98,3,1786140799209,8472
NEW,O-8475,BUY,98,1,1786140799209,8475
NEW,O-8474,BUY,102,16,1786140799209,8474
NEW,O-8476,SELL,108,2,1786140799209,8476
NEW,O-8478,BUY,92,1,1786140799209,8478
NEW,O-8477,SELL,107,8,1786140799209,8477
NEW,O-8480,SELL,95,1,1786140799209,8480
NEW,O-8481,BUY,109,7,1786140799209,8481
NEW,O-8479,SELL,92,2,1786140799209,8479
NEW,O-8482,SELL,107,5,1786140799209,8482
NEW,O-8483,BUY,101,7,1786140799209,8483
NEW,O-8484,SELL,110,20,1786140799209,8484
NEW,O-8485,BUY,90,10,1786140799209,8485
NEW,O-8486,SELL,96,7,1786140799209,8486
NEW,O-8488,BUY,92,9,1786140799209,8488
NEW,O-8487,SELL,102,12,1786140799209,8487
NEW,O-8489,BUY,99,3,1786140799209,8489
NEW,O-8491,SELL,104,15,1786140799209,8491
NEW,O-8492,BUY,95,5,1786140799209,8492
NEW,O-8493,BUY,97,17,1786140799209,8493
NEW,O-8490,SELL,103,20,1786140799209,8490
NEW,O-8494,SELL,107,3,1786140799209,8494
NEW,O-8498,SELL,92,11,1786140799209,8498
NEW,O-8496,BUY,108,5,1786140799209,8496
NEW,O-8497,SELL,105,3,1786140799209,8497
NEW,O-8495,BUY,90,17,1786140799209,8495
NEW,O-8499,SELL,109,18,1786140799209,8499
NEW,O-8500,BUY,98,2,1786140799209,8500
NEW,O-8501,SELL,104,1,1786140799209,8501
NEW,O-8502,SELL,98,16,1786140799209,8502
NEW,O-8504,BUY,108,17,1786140799209,8504
NEW,O-8503,BUY,94,13,1786140799209,8503
NEW,O-8505,BUY,100,5,1786140799209,8505
NEW,O-8506,BUY,105,2,1786140799209,8506
NEW,O-8507,BUY,100,15,1786140799209,8507
NEW,O-8508,BUY,102,5,1786140799209,8508
NEW,O-8509,BUY,91,15,1786140799209,8509
NEW,O-8510,SELL,104,17,1786140799209,8510
NEW,O-8511,SELL,107,18,1786140799209,8511
NEW,O-8512,SELL,106,12,1786140799209,8512
NEW,O-8513,BUY,101,4,1786140799209,8513
NEW,O-8515,BUY,93,18,1786140799209,8515
NEW,O-8514,BUY,96,1,1786140799209,8514
NEW,O-8516,SELL,106,17,1786140799209,8516
NEW,O-8518,SELL,104,3,1786140799209,8518
NEW,O-8519,SELL,107,4,1786140799209,8519
NEW,O-8520,SELL,95,11,1786140799209,8520
NEW,O-8521,SELL,107,18,1786140799209,8521
NEW,O-8522,BUY,102,3,1786140799209,8522
NEW,O-8517,BUY,90,5,1786140799209,8517
NEW,O-8523,BUY,106,12,1786140799209,8523
NEW,O-8524,SELL,100,13,1786140799209,8524
NEW,O-8525,SELL,91,6,1786140799209,8525
NEW,O-8526,BUY,103,20,1786140799209,8526
NEW,O-8527,BUY,93,9,1786140799209,8527
NEW,O-8528,SELL,92,8,1786140799209,8528
NEW,O-8529,BUY,106,9,1786140799209,8529
NEW,O-8530,SELL,108,5,1786140799209,8530
NEW,O-8531,BUY,100,4,1786140799209,8531
NEW,O-8532,BUY,105,18,1786140799209,8532
NEW,O-8533,BUY,93,6,1786140799209,8533
NEW,O-8534,BUY,94,1,1786140799209,8534
NEW,O-8535,BUY,107,4,1786140799209,8535
NEW,O-8536,BUY,93,7,1786140799209,8536
NEW,O-8537,BUY,97,2,1786140799209,8537
NEW,O-8538,BUY,100,10,1786140799209,8538
NEW,O-8539,BUY,109,4,1786140799209,8539
NEW,O-8541,SELL,101,14,1786140799209,8541
NEW,O-8540,BUY,103,11,1786140799209,8540
NEW,O-8542,BUY,101,18,1786140799209,8542
NEW,O-8543,BUY,103,9,1786140799209,8543
NEW,O-8544,SELL,92,10,1786140799209,8544
NEW,O-8545,BUY,105,17,1786140799209,8545
NEW,O-8546,SELL,105,4,1786140799209,8546
NEW,O-8547,BUY,107,6,1786140799209,8547
NEW,O-8549,SELL,92,14,1786140799209,8549
NEW,O-8548,BUY,97,5,1786140799209,8548
NEW,O-8550,BUY,100,12,1786140799209,8550
NEW,O-8551,SELL,107,7,1786140799209,8551
NEW,O-8552,SELL,106,14,1786140799209,8552
NEW,O-8553,BUY,106,11,1786140799209,8553
NEW,O-8554,BUY,100,16,1786140799209,8554
NEW,O-8556,BUY,98,5,1786140799209,8556
NEW,O-8555,SELL,98,17,1786140799209,8555
NEW,O-8557,SELL,90,13,1786140799209,8557
NEW,O-8559,SELL,94,16,1786140799209,8559
NEW,O-8558,BUY,105,20,1786140799209,8558
NEW,O-8560,SELL,106,18,1786140799209,8560
NEW,O-8561,BUY,108,17,1786140799209,8561
NEW,O-8562,BUY,96,20,1786140799209,8562
NEW,O-8564,BUY,108,18,1786140799209,8564
NEW,O-8563,SELL,108,5,1786140799209,8563
NEW,O-8566,SELL,98,5,1786140799209,8566
NEW,O-8565,BUY,109,1,1786140799209,8565
NEW,O-8567,BUY,104,3,1786140799209,8567
NEW,O-8568,SELL,105,13,1786140799209,8568
NEW,O-8570,BUY,106,4,1786140799209,8570
NEW,O-8569,BUY,102,4,1786140799209,8569
NEW,O-8571,BUY,98,16,1786140799209,8571
NEW,O-8572,SELL,102,17,1786140799209,8572
NEW,O-8573,SELL,97,6,1786140799209,8573
NEW,O-8574,BUY,96,17,1786140799209,8574
NEW,O-8575,BUY,90,19,1786140799209,8575
NEW,O-8576,SELL,106,15,1786140799209,8576
NEW,O-8577,SELL,110,13,1786140799209,8577
NEW,O-8578,BUY,100,1,1786140799209,8578
NEW,O-8579,SELL,100,1,1786140799209,8579
NEW,O-8580,BUY,102,9,1786140799209,8580
NEW,O-8582,SELL,108,15,1786140799209,8582
NEW,O-8581,BUY,103,12,1786140799209,8581
NEW,O-8583,BUY,109,1,1786140799209,8583
NEW,O-8584,SELL,95,4,1786140799209,8584
NEW,O-8585,BUY,104,5,1786140799209,8585
NEW,O-8586,SELL,109,4,1786140799209,8586
NEW,O-8589,BUY,97,8,1786140799209,8589
NEW,O-8587,SELL,98,6,1786140799209,8587
NEW,O-8590,BUY,94,16,1786140799209,8590
NEW,O-8588,BUY,95,13,1786140799209,8588
NEW,O-8591,SELL,102,9,1786140799209,8591
NEW,O-8593,BUY,96,11,1786140799209,8593
NEW,O-8592,SELL,108,16,1786140799209,8592
NEW,O-8595,BUY,92,8,1786140799209,8595
NEW,O-8596,SELL,96,19,1786140799209,8596
NEW,O-8594,BUY,101,2,1786140799209,8594
NEW,O-8598,SELL,102,6,1786140799209,8598
NEW,O-8597,SELL,95,12,1786140799209,8597
NEW,O-8599,BUY,110,12,1786140799209,8599
NEW,O-8600,BUY,99,4,1786140799209,8600
NEW,O-8601,BUY,93,1,1786140799209,8601
NEW,O-8603,BUY,107,12,1786140799209,8603
NEW,O-8602,BUY,98,12,1786140799209,8602
NEW,O-8604,BUY,105,18,1786140799209,8604
NEW,O-8605,BUY,100,3,1786140799209,8605
NEW,O-8606,BUY,93,5,1786140799209,8606
NEW,O-8608,BUY,108,10,1786140799209,8608
NEW,O-8607,BUY,100,18,1786140799209,8607
NEW,O-8610,SELL,100,17,1786140799209,8610
NEW,O-8609,BUY,97,19,1786140799209,8609
NEW,O-8612,SELL,92,14,1786140799209,8612
NEW,O-8611,SELL,93,10,1786140799209,8611
NEW,O-8613,BUY,93,5,1786140799209,8613
NEW,O-8614,BUY,96,20,1786140799209,8614
NEW,O-8615,BUY,107,19,1786140799209,8615
NEW,O-8617,SELL,92,7,1786140799209,8617
NEW,O-8618,SELL,101,6,1786140799209,8618
NEW,O-8616,SELL,100,16,1786140799209,8616
NEW,O-8620,SELL,94,12,1786140799209,8620
NEW,O-8619,BUY,94,20,1786140799209,8619
NEW,O-8622,SELL,107,1,1786140799209,8622
NEW,O-8623,SELL,94,16,1786140799209,8623
NEW,O-8621,BUY,93,1,1786140799209,8621
NEW,O-8624,SELL,100,16,1786140799209,8624
NEW,O-8625,BUY,95,6,1786140799209,8625
NEW,O-8626,BUY,90,13,1786140799209,8626
NEW,O-8627,SELL,103,4,1786140799209,8627
NEW,O-8628,SELL,100,17,1786140799209,8628
NEW,O-8630,SELL,103,2,1786140799209,8630
NEW,O-8629,SELL,106,7,1786140799209,8629
NEW,O-8631,SELL,94,8,1786140799209,8631
NEW,O-8632,BUY,97,6,1786140799209,8632
NEW,O-8634,BUY,102,15,1786140799209,8634
NEW,O-8633,SELL,90,19,1786140799209,8633
NEW,O-8635,BUY,109,19,1786140799209,8635
NEW,O-8636,BUY,105,19,1786140799209,8636
NEW,O-8638,BUY,91,8,1786140799209,8638
NEW,O-8637,SELL,96,2,1786140799209,8637
NEW,O-8639,BUY,98,18,1786140799209,8639
NEW,O-8641,SELL,108,16,1786140799209,8641
NEW,O-8640,SELL,107,5,1786140799209,8640
NEW,O-8642,SELL,109,16,1786140799209,8642
NEW,O-8643,SELL,90,19,1786140799209,8643
NEW,O-8644,BUY,109,16,1786140799209,8644
NEW,O-8646,BUY,99,18,1786140799209,8646
NEW,O-8645,BUY,97,1,1786140799209,8645
NEW,O-8648,SELL,106,13,1786140799209,8648
NEW,O-8647,SELL,101,12,1786140799209,8647
NEW,O-8649,BUY,93,17,1786140799209,8649
NEW,O-8651,SELL,93,16,1786140799209,8651
NEW,O-8650,SELL,107,13,1786140799209,8650
NEW,O-8652,BUY,99,18,1786140799209,8652
NEW,O-8653,BUY,101,20,1786140799209,8653
NEW,O-8654,SELL,102,17,1786140799209,8654
NEW,O-8656,BUY,100,9,1786140799209,8656
NEW,O-8655,SELL,98,10,1786140799209,8655
NEW,O-8657,SELL,92,6,1786140799209,8657
NEW,O-8658,SELL,103,19,1786140799209,8658
NEW,O-8659,SELL,90,10,1786140799209,8659
NEW,O-8660,SELL,107,19,1786140799209,8660
NEW,O-8661,SELL,97,9,1786140799209,8661
NEW,O-8663,BUY,101,14,1786140799209,8663
NEW,O-8662,SELL,96,3,1786140799209,8662
NEW,O-8664,SELL,107,18,1786140799209,8664
NEW,O-8665,SELL,96,7,1786140799209,8665
NEW,O-8666,SELL,101,17,1786140799209,8666
NEW,O-8668,BUY,90,12,1786140799209,8668
NEW,O-8667,BUY,93,2,1786140799209,8667
NEW,O-8669,BUY,98,12,1786140799209,8669
NEW,O-8670,BUY,104,13,1786140799209,8670
NEW,O-8671,SELL,97,15,1786140799209,8671
NEW,O-8672,SELL,93,8,1786140799209,8672
NEW,O-8673,BUY,95,19,1786140799209,8673
NEW,O-8674,BUY,99,9,1786140799209,8674
NEW,O-8675,BUY,92,18,1786140799209,8675
NEW,O-8676,SELL,106,12,1786140799209,8676
NEW,O-8678,SELL,91,10,1786140799209,8678
NEW,O-8677,BUY,101,3,1786140799209,8677
NEW,O-8679,SELL,92,19,1786140799209,8679
NEW,O-8680,SELL,92,10,1786140799209,8680
NEW,O-8681,SELL,110,8,1786140799209,8681
NEW,O-8682,SELL,93,18,1786140799209,8682
NEW,O-8683,SELL,107,4,1786140799209,8683
NEW,O-8684,BUY,110,11,1786140799209,8684
NEW,O-8685,BUY,99,11,1786140799209,8685
NEW,O-8689,BUY,101,9,1786140799209,8689
NEW,O-8688,SELL,94,9,1786140799209,8688
NEW,O-8686,BUY,96,9,1786140799209,8686
NEW,O-8687,BUY,105,17,1786140799209,8687
NEW,O-8690,SELL,109,12,1786140799209,8690
NEW,O-8691,BUY,99,12,1786140799209,8691
NEW,O-8692,BUY,98,2,1786140799209,8692
NEW,O-8693,SELL,94,4,1786140799209,8693
NEW,O-8694,BUY,97,3,1786140799209,8694
NEW,O-8695,BUY,106,5,1786140799209,8695
NEW,O-8696,SELL,105,13,1786140799209,8696
NEW,O-8698,BUY,109,14,1786140799209,8698
NEW,O-8699,BUY,103,19,1786140799209,8699
NEW,O-8700,BUY,96,8,1786140799209,8700
NEW,O-8701,SELL,95,12,1786140799209,8701
NEW,O-8703,BUY,93,6,1786140799209,8703
NEW,O-8704,SELL,101,14,1786140799209,8704
NEW,O-8702,BUY,108,14,1786140799209,8702
NEW,O-8705,SELL,92,5,1786140799209,8705
NEW,O-8697,BUY,103,9,1786140799209,8697
NEW,O-8706,SELL,106,15,1786140799209,8706
NEW,O-8707,BUY,108,7,1786140799209,8707
NEW,O-8708,BUY,94,9,1786140799209,8708
NEW,O-8709,SELL,103,14,1786140799209,8709
NEW,O-8710,SELL,105,12,1786140799209,8710
NEW,O-8711,BUY,92,3,1786140799209,8711
NEW,O-8712,BUY,94,14,1786140799209,8712
NEW,O-8714,SELL,106,1,1786140799209,8714
NEW,O-8713,SELL,97,20,1786140799209,8713
NEW,O-8715,BUY,99,13,1786140799209,8715
NEW,O-8716,BUY,96,6,1786140799209,8716
NEW,O-8717,BUY,91,16,1786140799209,8717
NEW,O-8718,BUY,106,12,1786140799209,8718
NEW,O-8719,BUY,99,3,1786140799209,8719
NEW,O-8720,BUY,94,8,1786140799209,8720
NEW,O-8721,SELL,93,8,1786140799209,8721
NEW,O-8722,BUY,104,10,1786140799209,8722
NEW,O-8723,SELL,104,6,1786140799209,8723
NEW,O-8724,SELL,102,1,1786140799209,8724
NEW,O-8725,SELL,104,6,1786140799209,8725
NEW,O-8726,SELL,109,18,1786140799209,8726
NEW,O-8727,SELL,97,5,1786140799209,8727
NEW,O-8729,BUY,92,14,1786140799209,8729
NEW,O-8728,SELL,104,17,1786140799209,8728
NEW,O-8730,SELL,106,11,1786140799209,8730
NEW,O-8731,BUY,101,16,1786140799209,8731
NEW,O-8732,BUY,100,6,1786140799209,8732
NEW,O-8733,BUY,104,1,1786140799209,8733
NEW,O-8734,SELL,105,6,1786140799209,8734
NEW,O-8735,SELL,106,14,1786140799209,8735
NEW,O-8736,BUY,102,11,1786140799209,8736
NEW,O-8738,BUY,92,15,1786140799209,8738
NEW,O-8737,BUY,90,13,1786140799209,8737
NEW,O-8739,BUY,98,9,1786140799209,8739
NEW,O-8740,BUY,105,20,1786140799209,8740
NEW,O-8742,SELL,104,20,1786140799209,8742
NEW,O-8743,BUY,103,20,1786140799209,8743
NEW,O-8744,SELL,107,8,1786140799209,8744
NEW,O-8741,BUY,107,16,1786140799209,8741
NEW,O-8745,BUY,103,19,1786140799209,8745
NEW,O-8747,BUY,95,6,1786140799209,8747
NEW,O-8749,SELL,106,7,1786140799209,8749
NEW,O-8746,BUY,90,17,1786140799209,8746
NEW,O-8748,BUY,94,11,1786140799209,8748
NEW,O-8750,SELL,96,10,1786140799209,8750
NEW,O-8751,SELL,98,3,1786140799209,8751
NEW,O-8752,BUY,109,1,1786140799209,8752
NEW,O-8753,BUY,107,6,1786140799209,8753
NEW,O-8755,BUY,107,14,1786140799209,8755
NEW,O-8754,SELL,101,20,1786140799209,8754
NEW,O-8756,BUY,92,18,1786140799209,8756
NEW,O-8757,BUY,108,20,1786140799209,8757
NEW,O-8758,SELL,106,9,1786140799209,8758
NEW,O-8759,SELL,107,8,1786140799209,8759
NEW,O-8760,SELL,99,9,1786140799209,8760
NEW,O-8761,SELL,96,8,1786140799209,8761
NEW,O-8762,SELL,106,9,1786140799209,8762
NEW,O-8763,BUY,99,16,1786140799209,8763
NEW,O-8765,BUY,104,8,1786140799209,8765
NEW,O-8764,SELL,98,10,1786140799209,8764
NEW,O-8766,SELL,94,8,1786140799209,8766
NEW,O-8767,BUY,109,18,1786140799209,8767
NEW,O-8768,SELL,106,12,1786140799209,8768
NEW,O-8769,BUY,105,5,1786140799209,8769
NEW,O-8772,BUY,100,12,1786140799209,8772
NEW,O-8770,BUY,101,19,1786140799209,8770
NEW,O-8771,BUY,107,12,1786140799209,8771
NEW,O-8773,BUY,103,9,1786140799209,8773
NEW,O-8774,SELL,106,9,1786140799209,8774
NEW,O-8775,BUY,90,2,1786140799209,8775
NEW,O-8776,SELL,110,7,1786140799209,8776
NEW,O-8777,SELL,105,1,1786140799209,8777
NEW,O-8778,BUY,91,1,1786140799209,8778
NEW,O-8780,SELL,109,15,1786140799209,8780
NEW,O-8781,SELL,94,17,1786140799209,8781
NEW,O-8782,BUY,97,11,1786140799209,8782
NEW,O-8779,BUY,95,20,1786140799209,8779
NEW,O-8783,BUY,93,9,1786140799209,8783
NEW,O-8784,SELL,96,18,1786140799209,8784
NEW,O-8786,BUY,99,19,1786140799209,8786
NEW,O-8785,SELL,106,8,1786140799209,8785
NEW,O-8787,SELL,109,3,1786140799209,8787
NEW,O-8788,BUY,106,7,1786140799209,8788
NEW,O-8789,SELL,104,20,1786140799209,8789
NEW,O-8790,SELL,99,17,1786140799209,8790
NEW,O-8791,SELL,101,2,1786140799209,8791
NEW,O-8792,BUY,101,17,1786140799209,8792
NEW,O-8793,BUY,106,3,1786140799209,8793
NEW,O-8794,SELL,107,11,1786140799209,8794
NEW,O-8795,BUY,95,4,1786140799209,8795
NEW,O-8796,SELL,106,11,1786140799209,8796
NEW,O-8797,BUY,110,13,1786140799209,8797
NEW,O-8798,SELL,91,18,1786140799209,8798
NEW,O-8799,SELL,109,1,1786140799209,8799
NEW,O-8800,BUY,91,17,1786140799209,8800
NEW,O-8801,SELL,91,12,1786140799209,8801
NEW,O-8802,BUY,109,14,1786140799209,8802
NEW,O-8804,BUY,110,18,1786140799209,8804
NEW,O-8803,SELL,105,8,1786140799209,8803
NEW,O-8806,BUY,99,8,1786140799209,8806
NEW,O-8805,BUY,108,4,1786140799209,8805
NEW,O-8808,BUY,107,20,1786140799209,8808
NEW,O-8807,SELL,94,11,1786140799209,8807
NEW,O-8809,SELL,106,5,1786140799209,8809
NEW,O-8811,BUY,106,15,1786140799209,8811
NEW,O-8810,BUY,99,15,1786140799209,8810
NEW,O-8812,SELL,92,2,1786140799209,8812
NEW,O-8813,SELL,97,5,1786140799209,8813
NEW,O-8815,BUY,91,7,1786140799209,8815
NEW,O-8814,BUY,92,18,1786140799209,8814
NEW,O-8816,SELL,102,19,1786140799209,8816
NEW,O-8817,SELL,102,2,1786140799209,8817
NEW,O-8818,BUY,97,2,1786140799209,8818
NEW,O-8820,SELL,94,12,1786140799209,8820
NEW,O-8821,SELL,100,2,1786140799209,8821
NEW,O-8819,BUY,100,18,1786140799209,8819
NEW,O-8822,SELL,109,19,1786140799209,8822
NEW,O-8823,BUY,105,13,1786140799209,8823
NEW,O-8824,SELL,109,12,1786140799209,8824
NEW,O-8825,SELL,108,12,1786140799209,8825
NEW,O-8826,BUY,110,10,1786140799209,8826
NEW,O-8828,BUY,92,7,1786140799209,8828
NEW,O-8827,SELL,98,16,1786140799209,8827
NEW,O-8829,SELL,92,17,1786140799209,8829
NEW,O-8830,BUY,90,12,1786140799209,8830
NEW,O-8831,SELL,104,11,1786140799209,8831
NEW,O-8833,BUY,94,20,1786140799209,8833
NEW,O-8832,BUY,102,16,1786140799209,8832
NEW,O-8834,BUY,99,9,1786140799209,8834
NEW,O-8835,BUY,96,10,1786140799209,8835
NEW,O-8836,SELL,110,18,1786140799209,8836
NEW,O-8837,SELL,92,9,1786140799209,8837
NEW,O-8838,BUY,104,12,1786140799209,8838
NEW,O-8839,SELL,110,11,1786140799209,8839
NEW,O-8840,SELL,94,6,1786140799209,8840
NEW,O-8841,SELL,107,13,1786140799209,8841
NEW,O-8842,SELL,92,15,1786140799209,8842
NEW,O-8843,SELL,108,7,1786140799209,8843
NEW,O-8844,BUY,106,8,1786140799209,8844
NEW,O-8845,BUY,101,7,1786140799209,8845
NEW,O-8846,SELL,103,7,1786140799209,8846
NEW,O-8847,SELL,109,4,1786140799209,8847
NEW,O-8848,BUY,98,2,1786140799209,8848
NEW,O-8849,SELL,107,5,1786140799209,8849
NEW,O-8850,BUY,103,7,1786140799209,8850
NEW,O-8851,BUY,103,2,1786140799209,8851
NEW,O-8852,BUY,93,13,1786140799209,8852
NEW,O-8853,BUY,104,9,1786140799209,8853
NEW,O-8854,SELL,107,20,1786140799209,8854
NEW,O-8855,SELL,99,11,1786140799209,8855
NEW,O-8856,SELL,99,13,1786140799209,8856
NEW,O-8857,BUY,99,2,1786140799209,8857
NEW,O-8858,BUY,95,14,1786140799209,8858
NEW,O-8859,SELL,110,9,1786140799209,8859
NEW,O-8860,SELL,91,15,1786140799209,8860
NEW,O-8861,BUY,92,18,1786140799209,8861
NEW,O-8862,BUY,104,4,1786140799209,8862
NEW,O-8863,BUY,104,19,1786140799209,8863
NEW,O-8864,SELL,90,1,1786140799209,8864
NEW,O-8865,BUY,109,1,1786140799209,8865
NEW,O-8866,BUY,106,4,1786140799209,8866
NEW,O-8867,SELL,107,1,1786140799209,8867
NEW,O-8868,SELL,110,8,1786140799209,8868
NEW,O-8869,SELL,94,20,1786140799209,8869
NEW,O-8870,SELL,105,1,1786140799209,8870
NEW,O-8871,SELL,93,5,1786140799209,8871
NEW,O-8872,SELL,90,16,1786140799209,8872
NEW,O-8874,SELL,91,1,1786140799209,8874
NEW,O-8873,BUY,104,14,1786140799209,8873
NEW,O-8875,BUY,95,17,1786140799209,8875
NEW,O-8876,BUY,110,7,1786140799209,8876
NEW,O-8877,BUY,101,3,1786140799209,8877
NEW,O-8878,SELL,101,14,1786140799209,8878
NEW,O-8879,SELL,106,5,1786140799209,8879
NEW,O-8880,BUY,98,17,1786140799209,8880
NEW,O-8881,BUY,101,20,1786140799209,8881
NEW,O-8882,BUY,103,2,1786140799209,8882
NEW,O-8883,BUY,110,10,1786140799209,8883
NEW,O-8884,SELL,105,16,1786140799209,8884
NEW,O-8886,BUY,108,1,1786140799209,8886
NEW,O-8887,SELL,93,12,1786140799209,8887
NEW,O-8885,BUY,97,17,1786140799209,8885
NEW,O-8888,BUY,110,3,1786140799209,8888
NEW,O-8889,BUY,99,1,1786140799209,8889
NEW,O-8891,SELL,110,8,1786140799209,8891
NEW,O-8890,SELL,99,8,1786140799209,8890
NEW,O-8892,SELL,90,20,1786140799209,8892
NEW,O-8893,SELL,101,7,1786140799209,8893
NEW,O-8894,BUY,96,7,1786140799209,8894
NEW,O-8895,BUY,91,9,1786140799209,8895
NEW,O-8896,SELL,98,11,1786140799209,8896
NEW,O-8897,BUY,92,1,1786140799209,8897
NEW,O-8898,BUY,100,3,1786140799209,8898
NEW,O-8899,BUY,107,3,1786140799209,8899
NEW,O-8900,SELL,107,11,1786140799209,8900
NEW,O-8901,BUY,105,5,1786140799209,8901
NEW,O-8902,BUY,106,20,1786140799209,8902
NEW,O-8903,SELL,100,19,1786140799209,8903
NEW,O-8904,BUY,96,1,1786140799209,8904
NEW,O-8905,BUY,105,14,1786140799209,8905
NEW,O-8906,BUY,97,6,1786140799209,8906
NEW,O-8907,SELL,100,17,1786140799209,8907
NEW,O-8908,BUY,91,4,1786140799209,8908
NEW,O-8909,BUY,100,14,1786140799209,8909
NEW,O-8910,BUY,104,5,1786140799209,8910
NEW,O-8911,BUY,105,5,1786140799209,8911
NEW,O-8912,BUY,99,17,1786140799209,8912
NEW,O-8913,SELL,108,10,1786140799209,8913
NEW,O-8915,BUY,94,17,1786140799209,8915
NEW,O-8914,BUY,99,2,1786140799209,8914
NEW,O-8917,SELL,94,18,1786140799209,8917
NEW,O-8916,SELL,102,8,1786140799209,8916
NEW,O-8919,SELL,92,15,1786140799209,8919
NEW,O-8920,SELL,105,9,1786140799209,8920
NEW,O-8918,SELL,110,14,1786140799209,8918
NEW,O-8921,SELL,97,8,1786140799209,8921
NEW,O-8922,BUY,91,19,1786140799209,8922
NEW,O-8924,SELL,104,14,1786140799209,8924
NEW,O-8923,SELL,92,4,1786140799209,8923
NEW,O-8925,BUY,110,9,1786140799209,8925
NEW,O-8926,SELL,92,16,1786140799209,8926
NEW,O-8927,SELL,101,6,1786140799209,8927
NEW,O-8929,BUY,97,15,1786140799209,8929
NEW,O-8928,BUY,110,13,1786140799209,8928
NEW,O-8930,SELL,97,18,1786140799209,8930
NEW,O-8932,BUY,107,9,1786140799209,8932
NEW,O-8931,BUY,90,4,1786140799209,8931
NEW,O-8933,BUY,92,11,1786140799209,8933
NEW,O-8934,SELL,104,17,1786140799209,8934
NEW,O-8935,BUY,105,11,1786140799209,8935
NEW,O-8937,SELL,91,16,1786140799209,8937
NEW,O-8936,SELL,98,5,1786140799209,8936
NEW,O-8939,BUY,90,1,1786140799209,8939
NEW,O-8938,SELL,95,18,1786140799209,8938
NEW,O-8940,SELL,109,3,1786140799209,8940
NEW,O-8942,SELL,92,12,1786140799209,8942
NEW,O-8943,SELL,107,2,1786140799209,8943
NEW,O-8944,SELL,106,5,1786140799209,8944
NEW,O-8941,SELL,92,20,1786140799209,8941
NEW,O-8945,SELL,91,2,1786140799209,8945
NEW,O-8946,SELL,97,12,1786140799209,8946
NEW,O-8947,BUY,98,8,1786140799209,8947
NEW,O-8948,BUY,108,7,1786140799209,8948
NEW,O-8949,BUY,107,19,1786140799209,8949
NEW,O-8951,SELL,101,1,1786140799209,8951
NEW,O-8952,BUY,93,14,1786140799209,8952
NEW,O-8953,BUY,99,8,1786140799209,8953
NEW,O-8950,BUY,90,19,1786140799209,8950
NEW,O-8954,SELL,94,16,1786140799209,8954
NEW,O-8955,SELL,90,5,1786140799209,8955
NEW,O-8957,SELL,107,16,1786140799209,8957
NEW,O-8956,SELL,96,19,1786140799209,8956
NEW,O-8958,SELL,92,13,1786140799209,8958
NEW,O-8959,BUY,98,19,1786140799209,8959
NEW,O-8960,SELL,106,19,1786140799209,8960
NEW,O-8961,SELL,97,8,1786140799209,8961
NEW,O-8962,BUY,99,13,1786140799209,8962
NEW,O-8963,SELL,90,11,1786140799209,8963
NEW,O-8965,SELL,108,17,1786140799209,8965
NEW,O-8964,SELL,91,16,1786140799209,8964
NEW,O-8966,BUY,102,7,1786140799209,8966
NEW,O-8968,SELL,104,5,1786140799209,8968
NEW,O-8967,BUY,94,19,1786140799209,8967
NEW,O-8969,SELL,106,8,1786140799209,8969
NEW,O-8970,SELL,100,3,1786140799209,8970
NEW,O-8971,SELL,107,18,1786140799209,8971
NEW,O-8972,BUY,110,20,1786140799209,8972
NEW,O-8973,BUY,98,11,1786140799209,8973
NEW,O-8975,BUY,101,15,1786140799209,8975
NEW,O-8974,SELL,100,9,1786140799209,8974
NEW,O-8976,BUY,103,13,1786140799209,8976
NEW,O-8977,BUY,93,3,1786140799209,8977
NEW,O-8979,BUY,108,5,1786140799209,8979
NEW,O-8978,BUY,96,19,1786140799209,8978
NEW,O-8980,SELL,100,20,1786140799209,8980
NEW,O-8981,SELL,106,4,1786140799209,8981
NEW,O-8982,BUY,90,4,1786140799209,8982
NEW,O-8983,BUY,106,4,1786140799209,8983
NEW,O-8984,BUY,109,6,1786140799209,8984
NEW,O-8985,BUY,101,9,1786140799209,8985
NEW,O-8987,SELL,99,1,1786140799209,8987
NEW,O-8986,BUY,110,7,1786140799209,8986
NEW,O-8988,BUY,108,14,1786140799209,8988
NEW,O-8989,SELL,95,19,1786140799209,8989
NEW,O-8990,SELL,96,4,1786140799209,8990
NEW,O-8992,BUY,101,13,1786140799209,8992
NEW,O-8993,BUY,101,10,1786140799209,8993
NEW,O-8994,SELL,99,1,1786140799209,8994
NEW,O-8991,BUY,110,1,1786140799209,8991
NEW,O-8995,BUY,110,1,1786140799209,8995
NEW,O-8996,BUY,106,19,1786140799209,8996
NEW,O-8997,SELL,106,17,1786140799209,8997
NEW,O-8998,BUY,97,18,1786140799209,8998
NEW,O-8999,BUY,94,14,1786140799209,8999
NEW,O-9000,SELL,109,19,1786140799209,9000
NEW,O-9001,BUY,106,9,1786140799209,9001
NEW,O-9003,BUY,101,1,1786140799209,9003
NEW,O-9002,BUY,99,3,1786140799209,9002
NEW,O-9004,BUY,90,12,1786140799209,9004
NEW,O-9005,BUY,91,18,1786140799209,9005
NEW,O-9006,SELL,94,4,1786140799209,9006
NEW,O-9008,BUY,92,1,1786140799209,9008
NEW,O-9007,SELL,101,11,1786140799209,9007
NEW,O-9009,BUY,99,10,1786140799209,9009
NEW,O-9011,BUY,101,8,1786140799209,9011
NEW,O-9013,BUY,104,11,1786140799209,9013
NEW,O-9012,BUY,110,2,1786140799209,9012
NEW,O-9014,SELL,92,8,1786140799209,9014
NEW,O-9015,BUY,105,12,1786140799209,9015
NEW,O-9016,SELL,92,11,1786140799209,9016
NEW,O-9017,BUY,105,8,1786140799209,9017
NEW,O-9018,SELL,96,18,1786140799209,9018
NEW,O-9019,BUY,105,13,1786140799209,9019
NEW,O-9010,SELL,105,9,1786140799209,9010
NEW,O-9021,SELL,95,8,1786140799209,9021
NEW,O-9020,SELL,105,12,1786140799209,9020
NEW,O-9023,SELL,102,19,1786140799209,9023
NEW,O-9022,SELL,110,9,1786140799209,9022
NEW,O-9024,SELL,98,18,1786140799209,9024
NEW,O-9026,BUY,110,11,1786140799209,9026
NEW,O-9025,SELL,105,9,1786140799209,9025
NEW,O-9027,SELL,105,17,1786140799209,9027
NEW,O-9028,SELL,102,14,1786140799209,9028
NEW,O-9029,SELL,95,13,1786140799209,9029
NEW,O-9030,BUY,96,17,1786140799209,9030
NEW,O-9033,BUY,97,16,1786140799209,9033
NEW,O-9032,BUY,106,19,1786140799209,9032
NEW,O-9034,SELL,94,14,1786140799209,9034
NEW,O-9035,SELL,100,8,1786140799209,9035
NEW,O-9036,BUY,97,1,1786140799209,9036
NEW,O-9038,BUY,94,15,1786140799209,9038
NEW,O-9031,SELL,109,3,1786140799209,9031
NEW,O-9037,SELL,110,3,1786140799209,9037
NEW,O-9040,BUY,90,7,1786140799209,9040
NEW,O-9039,BUY,105,20,1786140799209,9039
NEW,O-9041,SELL,101,2,1786140799209,9041
NEW,O-9042,SELL,97,4,1786140799209,9042
NEW,O-9044,BUY,110,8,1786140799209,9044
NEW,O-9043,BUY,92,5,1786140799209,9043
NEW,O-9045,BUY,90,8,1786140799209,9045
NEW,O-9046,SELL,97,15,1786140799209,9046
NEW,O-9047,SELL,98,1,1786140799209,9047
NEW,O-9049,SELL,101,17,1786140799209,9049
NEW,O-9048,SELL,96,9,1786140799209,9048
NEW,O-9050,SELL,106,18,1786140799209,9050
NEW,O-9051,SELL,109,5,1786140799209,9051
NEW,O-9052,BUY,98,3,1786140799209,9052
NEW,O-9053,SELL,94,4,1786140799209,9053
NEW,O-9054,SELL,99,5,1786140799209,9054
NEW,O-9055,SELL,103,11,1786140799209,9055
NEW,O-9056,BUY,104,13,1786140799209,9056
NEW,O-9057,BUY,94,10,1786140799209,9057
NEW,O-9058,BUY,94,8,1786140799209,9058
NEW,O-9060,SELL,110,10,1786140799209,9060
NEW,O-9059,SELL,103,10,1786140799209,9059
NEW,O-9061,SELL,107,8,1786140799209,9061
NEW,O-9062,BUY,105,3,1786140799209,9062
NEW,O-9063,BUY,90,8,1786140799209,9063
NEW,O-9065,BUY,110,14,1786140799209,9065
NEW,O-9064,SELL,109,16,1786140799209,9064
NEW,O-9066,SELL,92,2,1786140799209,9066
NEW,O-9067,BUY,102,18,1786140799209,9067
NEW,O-9068,SELL,94,1,1786140799209,9068
NEW,O-9070,BUY,109,12,1786140799209,9070
NEW,O-9069,SELL,90,2,1786140799209,9069
NEW,O-9071,BUY,101,17,1786140799209,9071
NEW,O-9072,SELL,93,16,1786140799209,9072
NEW,O-9073,BUY,95,1,1786140799209,9073
NEW,O-9075,SELL,104,4,1786140799209,9075
NEW,O-9074,BUY,110,8,1786140799209,9074
NEW,O-9077,BUY,96,5,1786140799209,9077
NEW,O-9076,BUY,109,14,1786140799209,9076
NEW,O-9078,BUY,104,20,1786140799209,9078
NEW,O-9079,BUY,101,15,1786140799209,9079
NEW,O-9080,SELL,93,15,1786140799209,9080
NEW,O-9081,SELL,99,8,1786140799209,9081
NEW,O-9082,SELL,94,3,1786140799209,9082
NEW,O-9085,SELL,106,15,1786140799209,9085
NEW,O-9084,SELL,91,20,1786140799209,9084
NEW,O-9083,SELL,93,12,1786140799209,9083
NEW,O-9086,BUY,96,10,1786140799209,9086
NEW,O-9087,BUY,105,17,1786140799209,9087
NEW,O-9088,SELL,93,13,1786140799209,9088
NEW,O-9089,BUY,100,5,1786140799209,9089
NEW,O-9090,SELL,92,3,1786140799209,9090
NEW,O-9092,BUY,109,14,1786140799209,9092
NEW,O-9094,SELL,94,3,1786140799209,9094
NEW,O-9093,SELL,106,8,1786140799209,9093
NEW,O-9095,BUY,93,18,1786140799209,9095
NEW,O-9096,BUY,105,11,1786140799209,9096
NEW,O-9097,SELL,103,9,1786140799209,9097
NEW,O-9098,BUY,109,7,1786140799209,9098
NEW,O-9099,BUY,110,3,1786140799209,9099
NEW,O-9100,BUY,97,3,1786140799209,9100
NEW,O-9091,BUY,110,8,1786140799209,9091
NEW,O-9101,BUY,100,9,1786140799209,9101
NEW,O-9102,SELL,92,18,1786140799209,9102
NEW,O-9103,SELL,110,10,1786140799209,9103
NEW,O-9105,SELL,110,8,1786140799209,9105
NEW,O-9104,SELL,102,19,1786140799209,9104
NEW,O-9106,SELL,101,18,1786140799209,9106
NEW,O-9108,SELL,98,16,1786140799209,9108
NEW,O-9109,SELL,99,12,1786140799209,9109
NEW,O-9110,BUY,92,17,1786140799209,9110
NEW,O-9111,SELL,101,2,1786140799209,9111
NEW,O-9107,SELL,100,16,1786140799209,9107
NEW,O-9112,SELL,108,12,1786140799209,9112
NEW,O-9113,BUY,107,17,1786140799209,9113
NEW,O-9114,SELL,102,14,1786140799209,9114
NEW,O-9115,SELL,96,4,1786140799209,9115
NEW,O-9116,BUY,109,2,1786140799209,9116
NEW,O-9117,SELL,106,18,1786140799209,9117
NEW,O-9118,SELL,106,15,1786140799209,9118
NEW,O-9119,BUY,107,20,1786140799209,9119
NEW,O-9120,SELL,101,17,1786140799209,9120
NEW,O-9121,BUY,92,15,1786140799209,9121
NEW,O-9122,BUY,98,11,1786140799209,9122
NEW,O-9123,SELL,103,10,1786140799209,9123
NEW,O-9124,BUY,95,7,1786140799209,9124
NEW,O-9126,SELL,109,7,1786140799209,9126
NEW,O-9125,SELL,99,17,1786140799209,9125
NEW,O-9127,BUY,93,17,1786140799209,9127
NEW,O-9128,BUY,104,13,1786140799209,9128
NEW,O-9129,BUY,107,12,1786140799209,9129
NEW,O-9130,BUY,109,17,1786140799209,9130
NEW,O-9131,BUY,102,1,1786140799209,9131
NEW,O-9132,BUY,96,13,1786140799209,9132
NEW,O-9134,BUY,108,1,1786140799209,9134
NEW,O-9133,SELL,90,10,1786140799209,9133
NEW,O-9135,SELL,94,16,1786140799209,9135
NEW,O-9136,BUY,102,1,1786140799209,9136
NEW,O-9137,BUY,99,9,1786140799209,9137
NEW,O-9138,BUY,99,9,1786140799209,9138
NEW,O-9139,BUY,108,4,1786140799209,9139
NEW,O-9140,BUY,97,15,1786140799209,9140
NEW,O-9141,BUY,108,12,1786140799209,9141
NEW,O-9142,SELL,98,3,1786140799209,9142
NEW,O-9143,SELL,90,8,1786140799209,9143
NEW,O-9145,BUY,110,5,1786140799209,9145
NEW,O-9144,BUY,105,12,1786140799209,9144
NEW,O-9146,BUY,94,12,1786140799209,9146
NEW,O-9148,SELL,91,8,1786140799209,9148
NEW,O-9147,SELL,94,11,1786140799209,9147
NEW,O-9150,BUY,91,12,1786140799209,9150
NEW,O-9149,SELL,108,19,1786140799209,9149
NEW,O-9151,SELL,98,11,1786140799209,9151
NEW,O-9152,BUY,103,12,1786140799209,9152
NEW,O-9153,BUY,106,6,1786140799209,9153
NEW,O-9154,SELL,95,13,1786140799209,9154
NEW,O-9155,SELL,103,19,1786140799209,9155
NEW,O-9156,BUY,110,1,1786140799209,9156
NEW,O-9157,BUY,103,13,1786140799209,9157
NEW,O-9158,SELL,100,3,1786140799209,9158
NEW,O-9160,SELL,105,9,1786140799209,9160
NEW,O-9159,BUY,103,5,1786140799209,9159
NEW,O-9161,BUY,108,17,1786140799209,9161
NEW,O-9162,BUY,109,16,1786140799209,9162
NEW,O-9163,BUY,104,19,1786140799209,9163
NEW,O-9164,SELL,101,1,1786140799209,9164
NEW,O-9165,BUY,106,13,1786140799209,9165
NEW,O-9166,BUY,106,10,1786140799209,9166
NEW,O-9167,SELL,98,14,1786140799209,9167
NEW,O-9170,BUY,97,19,1786140799209,9170
NEW,O-9168,BUY,91,16,1786140799209,9168
NEW,O-9169,SELL,109,12,1786140799209,9169
NEW,O-9172,BUY,103,3,1786140799209,9172
NEW,O-9171,SELL,95,10,1786140799209,9171
NEW,O-9173,BUY,99,20,1786140799209,9173
NEW,O-9175,SELL,105,5,1786140799209,9175
NEW,O-9176,SELL,94,17,1786140799209,9176
NEW,O-9177,BUY,105,5,1786140799209,9177
NEW,O-9178,SELL,100,20,1786140799209,9178
NEW,O-9174,BUY,98,6,1786140799209,9174
NEW,O-9179,BUY,91,4,1786140799209,9179
NEW,O-9180,BUY,90,11,1786140799209,9180
NEW,O-9181,BUY,95,12,1786140799209,9181
NEW,O-9183,BUY,100,19,1786140799209,9183
NEW,O-9182,BUY,97,14,1786140799209,9182
NEW,O-9184,SELL,110,2,1786140799209,9184
NEW,O-9185,BUY,96,8,1786140799209,9185
NEW,O-9186,BUY,103,9,1786140799209,9186
NEW,O-9187,SELL,100,16,1786140799209,9187
NEW,O-9188,BUY,104,14,1786140799209,9188
NEW,O-9189,BUY,100,16,1786140799209,9189
NEW,O-9190,BUY,102,19,1786140799209,9190
NEW,O-9191,SELL,109,6,1786140799209,9191
NEW,O-9193,SELL,102,5,1786140799209,9193
NEW,O-9192,BUY,93,12,1786140799209,9192
NEW,O-9194,SELL,98,11,1786140799209,9194
NEW,O-9195,SELL,109,16,1786140799209,9195
NEW,O-9196,SELL,110,6,1786140799209,9196
NEW,O-9197,SELL,92,20,1786140799209,9197
NEW,O-9198,SELL,97,8,1786140799209,9198
NEW,O-9199,BUY,98,2,1786140799209,9199
NEW,O-9200,BUY,107,13,1786140799209,9200
NEW,O-9201,BUY,103,18,1786140799209,9201
NEW,O-9202,BUY,94,20,1786140799209,9202
NEW,O-9203,BUY,105,9,1786140799209,9203
NEW,O-9204,BUY,98,6,1786140799209,9204
NEW,O-9205,SELL,95,15,1786140799209,9205
NEW,O-9206,BUY,99,7,1786140799209,9206
NEW,O-9207,SELL,102,9,1786140799209,9207
NEW,O-9208,SELL,104,17,1786140799209,9208
NEW,O-9209,SELL,101,11,1786140799209,9209
NEW,O-9211,BUY,99,2,1786140799209,9211
NEW,O-9210,BUY,107,4,1786140799209,9210
NEW,O-9212,BUY,91,19,1786140799209,9212
NEW,O-9214,BUY,96,17,1786140799209,9214
NEW,O-9213,SELL,90,10,1786140799209,9213
NEW,O-9215,SELL,109,18,1786140799209,9215
NEW,O-9216,BUY,94,17,1786140799209,9216
NEW,O-9217,BUY,99,16,1786140799209,9217
NEW,O-9218,BUY,109,3,1786140799209,9218
NEW,O-9219,SELL,99,13,1786140799209,9219
NEW,O-9221,BUY,104,14,1786140799209,9221
NEW,O-9220,SELL,96,16,1786140799209,9220
NEW,O-9223,BUY,106,17,1786140799209,9223
NEW,O-9222,BUY,94,5,1786140799209,9222
NEW,O-9224,SELL,103,17,1786140799209,9224
NEW,O-9225,SELL,101,9,1786140799209,9225
NEW,O-9226,SELL,93,17,1786140799209,9226
NEW,O-9228,BUY,106,10,1786140799209,9228
NEW,O-9227,BUY,91,18,1786140799209,9227
NEW,O-9229,BUY,107,3,1786140799209,9229
NEW,O-9231,SELL,93,1,1786140799209,9231
NEW,O-9230,SELL,92,14,1786140799209,9230
NEW,O-9233,SELL,96,19,1786140799209,9233
NEW,O-9232,BUY,98,15,1786140799209,9232
NEW,O-9234,SELL,102,4,1786140799209,9234
NEW,O-9235,SELL,100,1,1786140799209,9235
NEW,O-9236,SELL,100,10,1786140799209,9236
NEW,O-9237,SELL,99,16,1786140799209,9237
NEW,O-9238,BUY,102,12,1786140799209,9238
NEW,O-9239,SELL,105,12,1786140799209,9239
NEW,O-9240,BUY,95,18,1786140799209,9240
NEW,O-9241,BUY,109,14,1786140799209,9241
NEW,O-9242,BUY,104,18,1786140799209,9242
NEW,O-9244,BUY,99,8,1786140799209,9244
NEW,O-9243,SELL,93,2,1786140799209,9243
NEW,O-9246,SELL,108,15,1786140799209,9246
NEW,O-9245,SELL,100,15,1786140799209,9245
NEW,O-9247,BUY,107,19,1786140799209,9247
NEW,O-9248,SELL,104,7,1786140799209,9248
NEW,O-9249,SELL,98,11,1786140799209,9249
NEW,O-9251,SELL,94,15,1786140799209,9251
NEW,O-9250,BUY,93,17,1786140799209,9250
NEW,O-9252,BUY,100,6,1786140799209,9252
NEW,O-9253,BUY,99,19,1786140799209,9253
NEW,O-9254,BUY,105,9,1786140799209,9254
NEW,O-9256,SELL,106,20,1786140799209,9256
NEW,O-9255,SELL,99,1,1786140799209,9255
NEW,O-9257,BUY,90,12,1786140799209,9257
NEW,O-9258,BUY,99,9,1786140799209,9258
NEW,O-9259,BUY,103,9,1786140799209,9259
NEW,O-9261,BUY,105,1,1786140799209,9261
NEW,O-9260,SELL,98,19,1786140799209,9260
NEW,O-9262,SELL,105,6,1786140799209,9262
NEW,O-9263,BUY,105,18,1786140799209,9263
NEW,O-9264,BUY,91,5,1786140799209,9264
NEW,O-9265,BUY,106,18,1786140799209,9265
NEW,O-9266,SELL,109,19,1786140799209,9266
NEW,O-9267,BUY,91,7,1786140799209,9267
NEW,O-9268,SELL,110,9,1786140799209,9268
NEW,O-9269,SELL,90,12,1786140799209,9269
NEW,O-9271,BUY,106,3,1786140799209,9271
NEW,O-9270,BUY,94,10,1786140799209,9270
NEW,O-9272,SELL,99,2,1786140799209,9272
NEW,O-9273,BUY,104,20,1786140799209,9273
NEW,O-9274,SELL,102,16,1786140799209,9274
NEW,O-9275,SELL,107,19,1786140799209,9275
NEW,O-9276,SELL,108,9,1786140799209,9276
NEW,O-9277,SELL,103,7,1786140799209,9277
NEW,O-9278,BUY,108,4,1786140799209,9278
NEW,O-9281,BUY,101,1,1786140799209,9281
NEW,O-9279,BUY,110,5,1786140799209,9279
NEW,O-9280,BUY,108,10,1786140799209,9280
NEW,O-9282,BUY,94,14,1786140799209,9282
NEW,O-9283,SELL,108,12,1786140799209,9283
NEW,O-9284,SELL,90,11,1786140799209,9284
NEW,O-9285,SELL,101,15,1786140799209,9285
NEW,O-9287,BUY,91,11,1786140799209,9287
NEW,O-9286,BUY,109,2,1786140799209,9286
NEW,O-9288,SELL,98,17,1786140799209,9288
NEW,O-9289,SELL,103,2,1786140799209,9289
NEW,O-9290,SELL,94,8,1786140799209,9290
NEW,O-9291,BUY,94,15,1786140799209,9291
NEW,O-9294,SELL,109,2,1786140799209,9294
NEW,O-9293,BUY,91,2,1786140799209,9293
NEW,O-9292,SELL,97,6,1786140799209,9292
NEW,O-9295,BUY,97,6,1786140799209,9295
NEW,O-9296,BUY,95,17,1786140799209,9296
NEW,O-9297,BUY,101,9,1786140799209,9297
NEW,O-9298,SELL,105,2,1786140799209,9298
NEW,O-9299,SELL,95,12,1786140799209,9299
NEW,O-9300,BUY,101,18,1786140799209,9300
NEW,O-9302,SELL,110,6,1786140799209,9302
NEW,O-9303,BUY,101,3,1786140799209,9303
NEW,O-9301,SELL,103,19,1786140799209,9301
NEW,O-9304,SELL,106,3,1786140799209,9304
NEW,O-9305,SELL,97,19,1786140799209,9305
NEW,O-9306,SELL,104,19,1786140799209,9306
NEW,O-9307,BUY,103,6,1786140799209,9307
NEW,O-9308,BUY,97,18,1786140799209,9308
NEW,O-9309,BUY,100,1,1786140799209,9309
NEW,O-9310,BUY,107,5,1786140799209,9310
NEW,O-9311,SELL,94,12,1786140799209,9311
NEW,O-9313,BUY,107,8,1786140799209,9313
NEW,O-9312,BUY,103,4,1786140799209,9312
NEW,O-9315,SELL,100,13,1786140799209,9315
NEW,O-9314,SELL,104,10,1786140799209,9314
NEW,O-9316,BUY,109,6,1786140799209,9316
NEW,O-9317,BUY,104,11,1786140799209,9317
NEW,O-9318,SELL,92,2,1786140799209,9318
NEW,O-9320,SELL,90,13,1786140799209,9320
NEW,O-9319,BUY,99,19,1786140799209,9319
NEW,O-9321,SELL,92,4,1786140799209,9321
NEW,O-9323,BUY,107,8,1786140799209,9323
NEW,O-9322,BUY,92,18,1786140799209,9322
NEW,O-9325,BUY,96,13,1786140799209,9325
NEW,O-9324,SELL,95,5,1786140799209,9324
NEW,O-9326,SELL,106,5,1786140799209,9326
NEW,O-9328,SELL,110,2,1786140799209,9328
NEW,O-9327,BUY,94,16,1786140799209,9327
NEW,O-9329,BUY,94,18,1786140799209,9329
NEW,O-9330,BUY,109,19,1786140799209,9330
NEW,O-9331,BUY,103,3,1786140799209,9331
NEW,O-9333,SELL,92,4,1786140799209,9333
NEW,O-9332,SELL,100,8,1786140799209,9332
NEW,O-9334,SELL,97,9,1786140799209,9334
NEW,O-9335,BUY,102,9,1786140799209,9335
NEW,O-9336,BUY,105,4,1786140799209,9336
NEW,O-9338,BUY,93,7,1786140799209,9338
NEW,O-9337,SELL,106,7,1786140799209,9337
NEW,O-9339,SELL,97,2,1786140799209,9339
NEW,O-9340,SELL,93,12,1786140799209,9340
NEW,O-9341,BUY,110,15,1786140799209,9341
NEW,O-9342,BUY,106,2,1786140799209,9342
NEW,O-9343,BUY,96,14,1786140799209,9343
NEW,O-9344,SELL,93,15,1786140799209,9344
NEW,O-9345,BUY,110,20,1786140799209,9345
NEW,O-9346,SELL,100,7,1786140799209,9346
NEW,O-9347,SELL,100,12,1786140799209,9347
NEW,O-9349,SELL,108,3,1786140799209,9349
NEW,O-9350,SELL,96,4,1786140799209,9350
NEW,O-9348,BUY,95,8,1786140799209,9348
NEW,O-9351,BUY,107,12,1786140799209,9351
NEW,O-9353,SELL,93,2,1786140799209,9353
NEW,O-9352,SELL,108,18,1786140799209,9352
NEW,O-9354,SELL,99,10,1786140799209,9354
NEW,O-9355,SELL,92,15,1786140799209,9355
NEW,O-9356,BUY,110,3,1786140799209,9356
NEW,O-9357,SELL,98,10,1786140799209,9357
NEW,O-9358,BUY,98,10,1786140799209,9358
NEW,O-9359,SELL,103,3,1786140799209,9359
NEW,O-9361,SELL,104,12,1786140799209,9361
NEW,O-9360,BUY,100,15,1786140799209,9360
NEW,O-9363,BUY,108,6,1786140799209,9363
NEW,O-9362,BUY,99,17,1786140799209,9362
NEW,O-9365,BUY,109,19,1786140799209,9365
NEW,O-9364,BUY,110,3,1786140799209,9364
NEW,O-9366,SELL,100,18,1786140799209,9366
NEW,O-9367,SELL,110,18,1786140799209,9367
NEW,O-9369,BUY,103,3,1786140799209,9369
NEW,O-9368,BUY,100,15,1786140799209,9368
NEW,O-9370,SELL,103,15,1786140799209,9370
NEW,O-9372,SELL,105,12,1786140799209,9372
NEW,O-9371,SELL,90,4,1786140799209,9371
NEW,O-9374,BUY,104,20,1786140799209,9374
NEW,O-9373,BUY,107,15,1786140799209,9373
NEW,O-9375,SELL,110,12,1786140799209,9375
NEW,O-9376,BUY,103,2,1786140799209,9376
NEW,O-9377,SELL,100,15,1786140799209,9377
NEW,O-9378,BUY,94,11,1786140799209,9378
NEW,O-9379,SELL,109,20,1786140799209,9379
NEW,O-9380,BUY,92,12,1786140799209,9380
NEW,O-9382,BUY,93,20,1786140799209,9382
NEW,O-9381,BUY,106,17,1786140799209,9381
NEW,O-9383,SELL,92,5,1786140799209,9383
NEW,O-9384,BUY,101,13,1786140799209,9384
NEW,O-9386,BUY,91,18,1786140799209,9386
NEW,O-9387,SELL,110,14,1786140799209,9387
NEW,O-9385,BUY,94,16,1786140799209,9385
NEW,O-9388,SELL,97,7,1786140799209,9388
NEW,O-9389,SELL,103,13,1786140799209,9389
NEW,O-9390,BUY,100,2,1786140799209,9390
NEW,O-9391,BUY,97,3,1786140799209,9391
NEW,O-9393,SELL,105,17,1786140799209,9393
NEW,O-9394,BUY,96,12,1786140799209,9394
NEW,O-9395,BUY,108,5,1786140799209,9395
NEW,O-9396,BUY,105,5,1786140799209,9396
NEW,O-9392,BUY,105,5,1786140799209,9392
NEW,O-9398,SELL,96,18,1786140799209,9398
NEW,O-9397,SELL,106,17,1786140799209,9397
NEW,O-9399,BUY,99,5,1786140799209,9399
NEW,O-9400,SELL,97,6,1786140799209,9400
NEW,O-9401,BUY,91,15,1786140799209,9401
NEW,O-9402,SELL,95,9,1786140799209,9402
NEW,O-9403,BUY,90,3,1786140799209,9403
NEW,O-9404,SELL,101,2,1786140799209,9404
NEW,O-9405,SELL,91,15,1786140799209,9405
NEW,O-9406,SELL,90,3,1786140799209,9406
NEW,O-9407,BUY,99,2,1786140799209,9407
NEW,O-9408,BUY,90,19,1786140799209,9408
NEW,O-9410,SELL,98,3,1786140799209,9410
NEW,O-9409,BUY,109,10,1786140799209,9409
NEW,O-9411,BUY,105,4,1786140799209,9411
NEW,O-9412,BUY,102,2,1786140799209,9412
NEW,O-9413,SELL,94,14,1786140799209,9413
NEW,O-9414,SELL,92,12,1786140799209,9414
NEW,O-9415,SELL,108,12,1786140799209,9415
NEW,O-9416,BUY,96,13,1786140799209,9416
NEW,O-9417,BUY,91,18,1786140799209,9417
NEW,O-9418,SELL,99,10,1786140799209,9418
NEW,O-9419,BUY,93,8,1786140799209,9419
NEW,O-9420,BUY,101,8,1786140799209,9420
NEW,O-9423,SELL,92,1,1786140799209,9423
NEW,O-9422,BUY,104,17,1786140799209,9422
NEW,O-9421,SELL,102,18,1786140799209,9421
NEW,O-9425,SELL,104,12,1786140799209,9425
NEW,O-9424,BUY,104,2,1786140799209,9424
NEW,O-9426,SELL,92,3,1786140799209,9426
NEW,O-9427,SELL,110,9,1786140799209,9427
NEW,O-9428,SELL,106,12,1786140799209,9428
NEW,O-9431,SELL,103,15,1786140799209,9431
NEW,O-9429,SELL,93,20,1786140799209,9429
NEW,O-9430,BUY,93,19,1786140799209,9430
NEW,O-9432,BUY,105,13,1786140799209,9432
NEW,O-9433,BUY,96,8,1786140799209,9433
NEW,O-9435,BUY,95,2,1786140799209,9435
NEW,O-9434,SELL,102,10,1786140799209,9434
NEW,O-9436,SELL,97,4,1786140799209,9436
NEW,O-9437,BUY,90,2,1786140799209,9437
NEW,O-9438,SELL,110,18,1786140799209,9438
NEW,O-9440,SELL,109,12,1786140799209,9440
NEW,O-9439,SELL,110,12,1786140799209,9439
NEW,O-9443,BUY,100,7,1786140799209,9443
NEW,O-9441,SELL,93,6,1786140799209,9441
NEW,O-9442,SELL,110,8,1786140799209,9442
NEW,O-9445,SELL,104,7,1786140799209,9445
NEW,O-9446,SELL,92,12,1786140799209,9446
NEW,O-9447,SELL,99,18,1786140799209,9447
NEW,O-9448,BUY,110,2,1786140799209,9448
NEW,O-9449,BUY,97,18,1786140799209,9449
NEW,O-9450,SELL,95,3,1786140799210,9450
NEW,O-9444,SELL,101,20,1786140799209,9444
NEW,O-9451,BUY,90,20,1786140799210,9451
NEW,O-9452,SELL,94,17,1786140799210,9452
NEW,O-9453,BUY,99,2,1786140799210,9453
NEW,O-9454,BUY,95,7,1786140799210,9454
NEW,O-9455,BUY,107,9,1786140799210,9455
NEW,O-9456,BUY,98,13,1786140799210,9456
NEW,O-9457,BUY,110,10,1786140799210,9457
NEW,O-9458,BUY,101,14,1786140799210,9458
NEW,O-9460,SELL,94,10,1786140799210,9460
NEW,O-9459,BUY,109,7,1786140799210,9459
NEW,O-9462,SELL,107,12,1786140799210,9462
NEW,O-9463,SELL,107,14,1786140799210,9463
NEW,O-9465,SELL,90,2,1786140799210,9465
NEW,O-9464,BUY,108,10,1786140799210,9464
NEW,O-9466,SELL,99,4,1786140799210,9466
NEW,O-9467,BUY,100,6,1786140799210,9467
NEW,O-9468,SELL,109,20,1786140799210,9468
NEW,O-9469,SELL,103,15,1786140799210,9469
NEW,O-9461,SELL,99,7,1786140799210,9461
NEW,O-9470,BUY,93,3,1786140799210,9470
NEW,O-9471,BUY,99,16,1786140799210,9471
NEW,O-9472,BUY,106,15,1786140799210,9472
NEW,O-9473,SELL,109,2,1786140799210,9473
NEW,O-9475,SELL,104,16,1786140799210,9475
NEW,O-9474,SELL,94,3,1786140799210,9474
NEW,O-9476,BUY,92,14,1786140799210,9476
NEW,O-9477,SELL,95,13,1786140799210,9477
NEW,O-9478,BUY,101,9,1786140799210,9478
NEW,O-9479,BUY,101,15,1786140799210,9479
NEW,O-9480,SELL,105,17,1786140799210,9480
NEW,O-9481,BUY,106,3,1786140799210,9481
NEW,O-9482,BUY,102,18,1786140799210,9482
NEW,O-9483,BUY,90,20,1786140799210,9483
NEW,O-9485,SELL,100,9,1786140799210,9485
NEW,O-9484,SELL,101,16,1786140799210,9484
NEW,O-9486,BUY,98,14,1786140799210,9486
NEW,O-9487,BUY,91,2,1786140799210,9487
NEW,O-9488,SELL,108,15,1786140799210,9488
NEW,O-9490,SELL,96,9,1786140799210,9490
NEW,O-9489,SELL,105,11,1786140799210,9489
NEW,O-9492,SELL,110,17,1786140799210,9492
NEW,O-9491,BUY,99,18,1786140799210,9491
NEW,O-9493,BUY,102,9,1786140799210,9493
NEW,O-9495,BUY,98,13,1786140799210,9495
NEW,O-9494,BUY,93,8,1786140799210,9494
NEW,O-9496,BUY,109,17,1786140799210,9496
NEW,O-9498,BUY,104,10,1786140799210,9498
NEW,O-9497,SELL,99,20,1786140799210,9497
NEW,O-9499,SELL,101,18,1786140799210,9499
NEW,O-9500,SELL,110,12,1786140799210,9500
NEW,O-9501,BUY,99,7,1786140799210,9501
NEW,O-9502,SELL,92,15,1786140799210,9502
NEW,O-9503,BUY,103,5,1786140799210,9503
NEW,O-9505,BUY,95,12,1786140799210,9505
NEW,O-9504,BUY,95,11,1786140799210,9504
NEW,O-9506,BUY,109,13,1786140799210,9506
NEW,O-9507,BUY,99,13,1786140799210,9507
NEW,O-9508,SELL,97,8,1786140799210,9508
NEW,O-9510,SELL,106,19,1786140799210,9510
NEW,O-9509,BUY,94,15,1786140799210,9509
NEW,O-9512,SELL,107,5,1786140799210,9512
NEW,O-9511,BUY,99,13,1786140799210,9511
NEW,O-9513,SELL,106,2,1786140799210,9513
NEW,O-9515,BUY,100,10,1786140799210,9515
NEW,O-9514,SELL,92,1,1786140799210,9514
NEW,O-9516,BUY,93,16,1786140799210,9516
NEW,O-9518,SELL,93,7,1786140799210,9518
NEW,O-9517,SELL,108,18,1786140799210,9517
NEW,O-9519,SELL,108,8,1786140799210,9519
NEW,O-9520,SELL,93,20,1786140799210,9520
NEW,O-9521,BUY,99,18,1786140799210,9521
NEW,O-9522,BUY,94,7,1786140799210,9522
NEW,O-9523,SELL,98,4,1786140799210,9523
NEW,O-9524,BUY,109,9,1786140799210,9524
NEW,O-9525,SELL,100,18,1786140799210,9525
NEW,O-9526,BUY,99,10,1786140799210,9526
NEW,O-9527,BUY,93,8,1786140799210,9527
NEW,O-9528,BUY,92,17,1786140799210,9528
NEW,O-9529,SELL,95,10,1786140799210,9529
NEW,O-9531,SELL,107,13,1786140799210,9531
NEW,O-9532,SELL,103,10,1786140799210,9532
NEW,O-9530,BUY,93,2,1786140799210,9530
NEW,O-9533,SELL,92,19,1786140799210,9533
NEW,O-9534,BUY,90,5,1786140799210,9534
NEW,O-9535,SELL,93,17,1786140799210,9535
NEW,O-9536,BUY,101,6,1786140799210,9536
NEW,O-9537,SELL,91,7,1786140799210,9537
NEW,O-9538,SELL,90,16,1786140799210,9538
NEW,O-9539,BUY,109,4,1786140799210,9539
NEW,O-9540,BUY,105,20,1786140799210,9540
NEW,O-9541,BUY,105,13,1786140799210,9541
NEW,O-9543,BUY,106,3,1786140799210,9543
NEW,O-9542,BUY,91,16,1786140799210,9542
NEW,O-9544,SELL,103,18,1786140799210,9544
NEW,O-9545,SELL,94,19,1786140799210,9545
NEW,O-9546,SELL,90,6,1786140799210,9546
NEW,O-9547,BUY,90,7,1786140799210,9547
NEW,O-9548,BUY,92,7,1786140799210,9548
NEW,O-9549,BUY,92,18,1786140799210,9549
NEW,O-9550,SELL,93,6,1786140799210,9550
NEW,O-9551,SELL,100,5,1786140799210,9551
NEW,O-9552,BUY,95,5,1786140799210,9552
NEW,O-9553,SELL,106,14,1786140799210,9553
NEW,O-9554,BUY,110,17,1786140799210,9554
NEW,O-9555,SELL,91,14,1786140799210,9555
NEW,O-9556,BUY,92,16,1786140799210,9556
NEW,O-9557,SELL,100,8,1786140799210,9557
NEW,O-9558,SELL,96,4,1786140799210,9558
NEW,O-9559,BUY,96,10,1786140799210,9559
NEW,O-9560,BUY,104,6,1786140799210,9560
NEW,O-9561,SELL,106,10,1786140799210,9561
NEW,O-9562,BUY,91,14,1786140799210,9562
NEW,O-9563,SELL,99,18,1786140799210,9563
NEW,O-9564,BUY,106,18,1786140799210,9564
NEW,O-9566,BUY,91,19,1786140799210,9566
NEW,O-9565,BUY,108,1,1786140799210,9565
NEW,O-9567,BUY,98,10,1786140799210,9567
NEW,O-9568,BUY,94,19,1786140799210,9568
NEW,O-9569,BUY,92,1,1786140799210,9569
NEW,O-9570,BUY,99,8,1786140799210,9570
NEW,O-9571,BUY,100,5,1786140799210,9571
NEW,O-9573,SELL,101,10,1786140799210,9573
NEW,O-9572,SELL,109,12,1786140799210,9572
NEW,O-9575,BUY,96,12,1786140799210,9575
NEW,O-9574,BUY,94,9,1786140799210,9574
NEW,O-9576,BUY,97,18,1786140799210,9576
NEW,O-9577,SELL,97,3,1786140799210,9577
NEW,O-9578,SELL,106,11,1786140799210,9578
NEW,O-9580,SELL,103,16,1786140799210,9580
NEW,O-9579,BUY,110,5,1786140799210,9579
NEW,O-9581,SELL,101,13,1786140799210,9581
NEW,O-9582,SELL,92,19,1786140799210,9582
NEW,O-9583,BUY,110,20,1786140799210,9583
NEW,O-9585,SELL,97,5,1786140799210,9585
NEW,O-9584,BUY,93,20,1786140799210,9584
NEW,O-9586,BUY,106,16,1786140799210,9586
NEW,O-9588,SELL,110,6,1786140799210,9588
NEW,O-9587,SELL,107,9,1786140799210,9587
NEW,O-9590,BUY,101,4,1786140799210,9590
NEW,O-9589,SELL,94,18,1786140799210,9589
NEW,O-9591,BUY,105,9,1786140799210,9591
NEW,O-9593,SELL,103,17,1786140799210,9593
NEW,O-9592,SELL,104,7,1786140799210,9592
NEW,O-9595,BUY,101,15,1786140799210,9595
NEW,O-9594,SELL,107,10,1786140799210,9594
NEW,O-9596,BUY,100,4,1786140799210,9596
NEW,O-9597,SELL,110,16,1786140799210,9597
NEW,O-9598,BUY,106,19,1786140799210,9598
NEW,O-9599,SELL,97,7,1786140799210,9599
NEW,O-9600,BUY,96,20,1786140799210,9600
NEW,O-9601,SELL,101,5,1786140799210,9601
NEW,O-9603,SELL,96,9,1786140799210,9603
NEW,O-9602,SELL,103,3,1786140799210,9602
NEW,O-9604,SELL,99,8,1786140799210,9604
NEW,O-9605,SELL,95,14,1786140799210,9605
NEW,O-9606,SELL,104,3,1786140799210,9606
NEW,O-9608,BUY,103,16,1786140799210,9608
NEW,O-9607,SELL,103,3,1786140799210,9607
NEW,O-9610,BUY,102,11,1786140799210,9610
NEW,O-9609,SELL,108,2,1786140799210,9609
NEW,O-9611,BUY,96,15,1786140799210,9611
NEW,O-9612,SELL,110,2,1786140799210,9612
NEW,O-9613,SELL,95,4,1786140799210,9613
NEW,O-9614,BUY,107,15,1786140799210,9614
NEW,O-9615,BUY,105,16,1786140799210,9615
NEW,O-9617,SELL,91,3,1786140799210,9617
NEW,O-9616,SELL,110,1,1786140799210,9616
NEW,O-9618,BUY,104,18,1786140799210,9618
NEW,O-9619,SELL,109,14,1786140799210,9619
NEW,O-9621,BUY,94,3,1786140799210,9621
NEW,O-9622,SELL,101,4,1786140799210,9622
NEW,O-9623,BUY,92,8,1786140799210,9623
NEW,O-9620,BUY,90,18,1786140799210,9620
NEW,O-9624,SELL,108,5,1786140799210,9624
NEW,O-9626,SELL,95,19,1786140799210,9626
NEW,O-9625,BUY,101,6,1786140799210,9625
NEW,O-9627,BUY,106,19,1786140799210,9627
NEW,O-9628,BUY,91,6,1786140799210,9628
NEW,O-9629,BUY,108,5,1786140799210,9629
NEW,O-9631,BUY,97,19,1786140799210,9631
NEW,O-9630,SELL,108,14,1786140799210,9630
NEW,O-9632,BUY,101,13,1786140799210,9632
NEW,O-9633,BUY,101,18,1786140799210,9633
NEW,O-9634,BUY,101,8,1786140799210,9634
NEW,O-9635,BUY,103,4,1786140799210,9635
NEW,O-9636,BUY,97,16,1786140799210,9636
NEW,O-9637,BUY,94,12,1786140799210,9637
NEW,O-9638,SELL,105,2,1786140799210,9638
NEW,O-9639,SELL,103,18,1786140799210,9639
NEW,O-9641,BUY,98,8,1786140799210,9641
NEW,O-9640,SELL,109,16,1786140799210,9640
NEW,O-9642,BUY,94,9,1786140799210,9642
NEW,O-9643,BUY,99,12,1786140799210,9643
NEW,O-9644,BUY,106,13,1786140799210,9644
NEW,O-9646,BUY,99,18,1786140799210,9646
NEW,O-9645,BUY,95,4,1786140799210,9645
NEW,O-9648,BUY,101,13,1786140799210,9648
NEW,O-9647,BUY,100,13,1786140799210,9647
NEW,O-9649,SELL,98,14,1786140799210,9649
NEW,O-9653,SELL,103,20,1786140799210,9653
NEW,O-9652,SELL,109,17,1786140799210,9652
NEW,O-9650,SELL,105,7,1786140799210,9650
NEW,O-9651,BUY,110,1,1786140799210,9651
NEW,O-9654,SELL,105,10,1786140799210,9654
NEW,O-9655,SELL,104,12,1786140799210,9655
NEW,O-9656,SELL,91,11,1786140799210,9656
NEW,O-9658,BUY,94,19,1786140799210,9658
NEW,O-9659,SELL,108,14,1786140799210,9659
NEW,O-9657,BUY,102,18,1786140799210,9657
NEW,O-9660,BUY,99,18,1786140799210,9660
NEW,O-9661,BUY,105,15,1786140799210,9661
NEW,O-9662,SELL,108,2,1786140799210,9662
NEW,O-9663,SELL,106,10,1786140799210,9663
NEW,O-9664,BUY,101,13,1786140799210,9664
NEW,O-9666,SELL,94,6,1786140799210,9666
NEW,O-9665,SELL,101,15,1786140799210,9665
NEW,O-9667,SELL,102,13,1786140799210,9667
NEW,O-9669,BUY,93,5,1786140799210,9669
NEW,O-9668,BUY,92,15,1786140799210,9668
NEW,O-9671,SELL,110,11,1786140799210,9671
NEW,O-9670,BUY,106,8,1786140799210,9670
NEW,O-9672,SELL,107,2,1786140799210,9672
NEW,O-9673,BUY,109,1,1786140799210,9673
NEW,O-9674,BUY,109,5,1786140799210,9674
NEW,O-9676,BUY,101,3,1786140799210,9676
NEW,O-9677,SELL,97,6,1786140799210,9677
NEW,O-9675,BUY,95,15,1786140799210,9675
NEW,O-9679,SELL,100,9,1786140799210,9679
NEW,O-9678,BUY,107,13,1786140799210,9678
NEW,O-9681,SELL,110,18,1786140799210,9681
NEW,O-9682,BUY,90,10,1786140799210,9682
NEW,O-9680,SELL,98,4,1786140799210,9680
NEW,O-9684,BUY,93,16,1786140799210,9684
NEW,O-9683,SELL,98,13,1786140799210,9683
NEW,O-9686,BUY,108,14,1786140799210,9686
NEW,O-9687,SELL,108,17,1786140799210,9687
NEW,O-9685,SELL,98,5,1786140799210,9685
NEW,O-9689,SELL,100,9,1786140799210,9689
NEW,O-9688,BUY,97,17,1786140799210,9688
NEW,O-9690,BUY,91,6,1786140799210,9690
NEW,O-9691,SELL,103,18,1786140799210,9691
NEW,O-9692,SELL,107,20,1786140799210,9692
NEW,O-9694,BUY,96,8,1786140799210,9694
NEW,O-9693,BUY,99,15,1786140799210,9693
NEW,O-9695,BUY,105,8,1786140799210,9695
NEW,O-9696,SELL,91,15,1786140799210,9696
NEW,O-9697,BUY,107,20,1786140799210,9697
NEW,O-9698,BUY,99,2,1786140799210,9698
NEW,O-9699,BUY,96,18,1786140799210,9699
NEW,O-9700,SELL,105,3,1786140799210,9700
NEW,O-9701,BUY,101,18,1786140799210,9701
NEW,O-9702,SELL,100,9,1786140799210,9702
NEW,O-9704,SELL,101,20,1786140799210,9704
NEW,O-9703,SELL,103,16,1786140799210,9703
NEW,O-9705,BUY,107,12,1786140799210,9705
NEW,O-9706,SELL,95,1,1786140799210,9706
NEW,O-9707,SELL,100,5,1786140799210,9707
NEW,O-9708,BUY,100,9,1786140799210,9708
NEW,O-9709,BUY,104,5,1786140799210,9709
NEW,O-9710,BUY,107,18,1786140799210,9710
NEW,O-9713,BUY,93,8,1786140799210,9713
NEW,O-9712,SELL,91,4,1786140799210,9712
NEW,O-9714,SELL,104,19,1786140799210,9714
NEW,O-9715,SELL,92,9,1786140799210,9715
NEW,O-9711,SELL,101,11,1786140799210,9711
NEW,O-9716,BUY,99,20,1786140799210,9716
NEW,O-9718,SELL,102,5,1786140799210,9718
NEW,O-9720,BUY,97,3,1786140799210,9720
NEW,O-9717,SELL,105,13,1786140799210,9717
NEW,O-9719,BUY,100,20,1786140799210,9719
NEW,O-9722,BUY,94,8,1786140799210,9722
NEW,O-9721,BUY,100,13,1786140799210,9721
NEW,O-9723,SELL,93,12,1786140799210,9723
NEW,O-9724,BUY,104,19,1786140799210,9724
NEW,O-9725,BUY,90,6,1786140799210,9725
NEW,O-9726,BUY,106,12,1786140799210,9726
NEW,O-9727,SELL,110,15,1786140799210,9727
NEW,O-9728,BUY,90,4,1786140799210,9728
NEW,O-9730,BUY,90,1,1786140799210,9730
NEW,O-9729,BUY,90,8,1786140799210,9729
NEW,O-9732,SELL,94,4,1786140799210,9732
NEW,O-9731,SELL,106,16,1786140799210,9731
NEW,O-9734,SELL,90,3,1786140799210,9734
NEW,O-9733,BUY,102,7,1786140799210,9733
NEW,O-9736,SELL,95,2,1786140799210,9736
NEW,O-9735,BUY,96,3,1786140799210,9735
NEW,O-9737,SELL,100,20,1786140799210,9737
NEW,O-9738,BUY,99,4,1786140799210,9738
NEW,O-9740,BUY,107,3,1786140799210,9740
NEW,O-9739,BUY,94,12,1786140799210,9739
NEW,O-9741,BUY,102,5,1786140799210,9741
NEW,O-9743,SELL,108,12,1786140799210,9743
NEW,O-9742,SELL,108,4,1786140799210,9742
NEW,O-9744,SELL,99,10,1786140799210,9744
NEW,O-9745,BUY,90,17,1786140799210,9745
NEW,O-9747,BUY,102,19,1786140799210,9747
NEW,O-9746,BUY,108,18,1786140799210,9746
NEW,O-9749,SELL,91,8,1786140799210,9749
NEW,O-9748,BUY,99,2,1786140799210,9748
NEW,O-9750,BUY,108,9,1786140799210,9750
NEW,O-9751,BUY,104,18,1786140799210,9751
NEW,O-9753,BUY,95,20,1786140799210,9753
NEW,O-9752,BUY,97,16,1786140799210,9752
NEW,O-9754,BUY,92,5,1786140799210,9754
NEW,O-9755,SELL,107,19,1786140799210,9755
NEW,O-9756,SELL,110,8,1786140799210,9756
NEW,O-9757,BUY,98,9,1786140799210,9757
NEW,O-9758,BUY,109,4,1786140799210,9758
NEW,O-9759,SELL,93,4,1786140799210,9759
NEW,O-9760,SELL,101,13,1786140799210,9760
NEW,O-9761,SELL,95,9,1786140799210,9761
NEW,O-9762,BUY,92,10,1786140799210,9762
NEW,O-9764,SELL,106,6,1786140799210,9764
NEW,O-9763,BUY,95,13,1786140799210,9763
NEW,O-9765,BUY,99,1,1786140799210,9765
NEW,O-9767,SELL,105,7,1786140799210,9767
NEW,O-9766,BUY,102,17,1786140799210,9766
NEW,O-9768,BUY,91,20,1786140799210,9768
NEW,O-9770,BUY,105,5,1786140799210,9770
NEW,O-9769,BUY,105,14,1786140799210,9769
NEW,O-9771,SELL,101,12,1786140799210,9771
NEW,O-9773,BUY,103,6,1786140799210,9773
NEW,O-9772,BUY,110,13,1786140799210,9772
NEW,O-9774,SELL,110,5,1786140799210,9774
NEW,O-9775,SELL,94,12,1786140799210,9775
NEW,O-9776,SELL,110,7,1786140799210,9776
NEW,O-9777,BUY,100,8,1786140799210,9777
NEW,O-9778,SELL,91,11,1786140799210,9778
NEW,O-9780,SELL,101,10,1786140799210,9780
NEW,O-9779,SELL,110,7,1786140799210,9779
NEW,O-9781,BUY,105,3,1786140799210,9781
NEW,O-9782,SELL,97,7,1786140799210,9782
NEW,O-9783,SELL,90,17,1786140799210,9783
NEW,O-9784,BUY,99,16,1786140799210,9784
NEW,O-9785,BUY,92,17,1786140799210,9785
NEW,O-9787,BUY,90,7,1786140799210,9787
NEW,O-9786,SELL,98,6,1786140799210,9786
NEW,O-9789,SELL,107,10,1786140799210,9789
NEW,O-9790,SELL,107,10,1786140799210,9790
NEW,O-9788,BUY,97,20,1786140799210,9788
NEW,O-9791,SELL,104,1,1786140799210,9791
NEW,O-9792,SELL,105,6,1786140799210,9792
NEW,O-9793,SELL,103,19,1786140799210,9793
NEW,O-9794,BUY,92,10,1786140799210,9794
NEW,O-9795,BUY,108,16,1786140799210,9795
NEW,O-9796,BUY,107,2,1786140799210,9796
NEW,O-9798,BUY,104,12,1786140799210,9798
NEW,O-9797,SELL,97,14,1786140799210,9797
NEW,O-9799,SELL,110,5,1786140799210,9799
NEW,O-9800,SELL,97,5,1786140799210,9800
NEW,O-9801,SELL,95,4,1786140799210,9801
NEW,O-9802,BUY,103,4,1786140799210,9802
NEW,O-9803,BUY,98,4,1786140799210,9803
NEW,O-9804,BUY,95,14,1786140799210,9804
NEW,O-9805,SELL,105,12,1786140799210,9805
NEW,O-9806,BUY,99,4,1786140799210,9806
NEW,O-9807,BUY,100,13,1786140799210,9807
NEW,O-9808,SELL,109,1,1786140799210,9808
NEW,O-9809,BUY,94,3,1786140799210,9809
NEW,O-9810,SELL,106,1,1786140799210,9810
NEW,O-9811,BUY,90,2,1786140799210,9811
NEW,O-9812,SELL,103,13,1786140799210,9812
NEW,O-9813,SELL,109,15,1786140799210,9813
NEW,O-9814,BUY,105,3,1786140799210,9814
NEW,O-9816,BUY,103,4,1786140799210,9816
NEW,O-9815,SELL,109,17,1786140799210,9815
NEW,O-9817,SELL,102,18,1786140799210,9817
NEW,O-9819,BUY,96,7,1786140799210,9819
NEW,O-9818,BUY,106,2,1786140799210,9818
NEW,O-9820,SELL,108,2,1786140799210,9820
NEW,O-9822,SELL,93,15,1786140799210,9822
NEW,O-9821,SELL,98,20,1786140799210,9821
NEW,O-9823,SELL,107,16,1786140799210,9823
NEW,O-9824,SELL,91,5,1786140799210,9824
NEW,O-9825,SELL,91,13,1786140799210,9825
NEW,O-9826,SELL,107,15,1786140799210,9826
NEW,O-9828,SELL,95,15,1786140799210,9828
NEW,O-9827,BUY,105,6,1786140799210,9827
NEW,O-9829,SELL,108,7,1786140799210,9829
NEW,O-9830,SELL,92,11,1786140799210,9830
NEW,O-9831,SELL,98,5,1786140799210,9831
NEW,O-9832,BUY,93,7,1786140799210,9832
NEW,O-9833,SELL,96,10,1786140799210,9833
NEW,O-9834,BUY,104,5,1786140799210,9834
NEW,O-9835,SELL,91,8,1786140799210,9835
NEW,O-9836,BUY,91,12,1786140799210,9836
NEW,O-9837,BUY,91,3,1786140799210,9837
NEW,O-9838,SELL,100,18,1786140799210,9838
NEW,O-9839,SELL,93,11,1786140799210,9839
NEW,O-9840,BUY,100,16,1786140799210,9840
NEW,O-9841,SELL,96,15,1786140799210,9841
NEW,O-9842,SELL,90,1,1786140799210,9842
NEW,O-9843,SELL,107,1,1786140799210,9843
NEW,O-9844,BUY,107,6,1786140799210,9844
NEW,O-9845,BUY,109,7,1786140799210,9845
NEW,O-9846,SELL,109,15,1786140799210,9846
NEW,O-9847,SELL,102,10,1786140799210,9847
NEW,O-9849,BUY,102,4,1786140799210,9849
NEW,O-9848,SELL,105,19,1786140799210,9848
NEW,O-9850,BUY,93,8,1786140799210,9850
NEW,O-9851,BUY,92,16,1786140799210,9851
NEW,O-9852,SELL,104,15,1786140799210,9852
NEW,O-9853,BUY,93,19,1786140799210,9853
NEW,O-9855,BUY,94,1,1786140799210,9855
NEW,O-9854,SELL,108,14,1786140799210,9854
NEW,O-9856,SELL,100,3,1786140799210,9856
NEW,O-9857,BUY,105,5,1786140799210,9857
NEW,O-9858,BUY,97,20,1786140799210,9858
NEW,O-9859,BUY,90,17,1786140799210,9859
NEW,O-9860,BUY,105,6,1786140799210,9860
NEW,O-9861,SELL,100,2,1786140799210,9861
NEW,O-9862,SELL,93,15,1786140799210,9862
NEW,O-9863,SELL,96,14,1786140799210,9863
NEW,O-9864,SELL,95,20,1786140799210,9864
NEW,O-9865,BUY,101,6,1786140799210,9865
NEW,O-9866,SELL,107,16,1786140799210,9866
NEW,O-9868,SELL,109,8,1786140799210,9868
NEW,O-9867,BUY,106,1,1786140799210,9867
NEW,O-9869,BUY,105,1,1786140799210,9869
NEW,O-9870,BUY,101,10,1786140799210,9870
NEW,O-9871,SELL,105,5,1786140799210,9871
NEW,O-9872,BUY,90,19,1786140799210,9872
NEW,O-9874,BUY,104,18,1786140799210,9874
NEW,O-9873,BUY,106,5,1786140799210,9873
NEW,O-9875,BUY,108,3,1786140799210,9875
NEW,O-9876,BUY,99,15,1786140799210,9876
NEW,O-9877,SELL,90,3,1786140799210,9877
NEW,O-9878,BUY,91,15,1786140799210,9878
NEW,O-9879,SELL,92,9,1786140799210,9879
NEW,O-9880,SELL,96,4,1786140799210,9880
NEW,O-9881,SELL,98,18,1786140799210,9881
NEW,O-9882,SELL,105,14,1786140799210,9882
NEW,O-9883,SELL,105,9,1786140799210,9883
NEW,O-9885,BUY,100,4,1786140799210,9885
NEW,O-9884,SELL,106,19,1786140799210,9884
NEW,O-9886,SELL,99,15,1786140799210,9886
NEW,O-9887,BUY,100,18,1786140799210,9887
NEW,O-9888,SELL,110,3,1786140799210,9888
NEW,O-9889,BUY,97,17,1786140799210,9889
NEW,O-9890,SELL,92,11,1786140799210,9890
NEW,O-9892,SELL,92,4,1786140799210,9892
NEW,O-9891,BUY,106,1,1786140799210,9891
NEW,O-9893,BUY,90,16,1786140799210,9893
NEW,O-9895,SELL,96,19,1786140799210,9895
NEW,O-9894,SELL,90,18,1786140799210,9894
NEW,O-9896,BUY,110,12,1786140799210,9896
NEW,O-9897,BUY,101,13,1786140799210,9897
NEW,O-9898,SELL,102,17,1786140799210,9898
NEW,O-9899,BUY,101,1,1786140799210,9899
NEW,O-9900,SELL,108,13,1786140799210,9900
NEW,O-9901,SELL,98,7,1786140799210,9901
NEW,O-9903,BUY,107,14,1786140799210,9903
NEW,O-9902,BUY,93,9,1786140799210,9902
NEW,O-9904,BUY,93,4,1786140799210,9904
NEW,O-9905,BUY,110,5,1786140799210,9905
NEW,O-9906,SELL,91,15,1786140799210,9906
NEW,O-9907,BUY,107,14,1786140799210,9907
NEW,O-9908,SELL,100,18,1786140799210,9908
NEW,O-9909,BUY,92,16,1786140799210,9909
NEW,O-9910,SELL,109,14,1786140799210,9910
NEW,O-9911,SELL,97,7,1786140799210,9911
NEW,O-9912,SELL,101,12,1786140799210,9912
NEW,O-9913,BUY,101,13,1786140799210,9913
NEW,O-9914,BUY,100,1,1786140799210,9914
NEW,O-9915,SELL,105,19,1786140799210,9915
NEW,O-9916,SELL,91,14,1786140799210,9916
NEW,O-9917,BUY,96,14,1786140799210,9917
NEW,O-9918,BUY,108,7,1786140799210,9918
NEW,O-9919,SELL,90,14,1786140799210,9919
NEW,O-9920,SELL,109,6,1786140799210,9920
NEW,O-9921,BUY,98,18,1786140799210,9921
NEW,O-9922,BUY,92,1,1786140799210,9922
NEW,O-9923,SELL,97,3,1786140799210,9923
NEW,O-9924,BUY,93,9,1786140799210,9924
NEW,O-9925,BUY,95,9,1786140799210,9925
NEW,O-9926,BUY,104,15,1786140799210,9926
NEW,O-9927,SELL,103,5,1786140799210,9927
NEW,O-9928,SELL,100,14,1786140799210,9928
NEW,O-9929,SELL,96,15,1786140799210,9929
NEW,O-9930,BUY,98,4,1786140799210,9930
NEW,O-9931,SELL,109,3,1786140799210,9931
NEW,O-9932,SELL,107,8,1786140799210,9932
NEW,O-9933,SELL,93,8,1786140799210,9933
NEW,O-9934,BUY,93,12,1786140799210,9934
NEW,O-9935,BUY,97,12,1786140799210,9935
NEW,O-9936,SELL,101,17,1786140799210,9936
NEW,O-9937,SELL,101,19,1786140799210,9937
NEW,O-9938,SELL,97,5,1786140799210,9938
NEW,O-9939,SELL,93,11,1786140799210,9939
NEW,O-9940,BUY,96,11,1786140799210,9940
NEW,O-9941,SELL,109,13,1786140799210,9941
NEW,O-9942,BUY,96,9,1786140799210,9942
NEW,O-9943,SELL,95,15,1786140799210,9943
NEW,O-9944,BUY,107,11,1786140799210,9944
NEW,O-9945,SELL,109,5,1786140799210,9945
NEW,O-9946,SELL,90,16,1786140799210,9946
NEW,O-9947,BUY,96,1,1786140799210,9947
NEW,O-9948,SELL,107,15,1786140799210,9948
NEW,O-9949,BUY,98,10,1786140799210,9949
NEW,O-9950,SELL,108,11,1786140799210,9950
NEW,O-9951,BUY,95,11,1786140799210,9951
NEW,O-9952,SELL,92,11,1786140799210,9952
NEW,O-9953,SELL,109,17,1786140799210,9953
NEW,O-9954,BUY,110,8,1786140799210,9954
NEW,O-9955,BUY,100,9,1786140799210,9955
NEW,O-9956,BUY,92,9,1786140799210,9956
NEW,O-9957,SELL,101,13,1786140799210,9957
NEW,O-9958,BUY,102,11,1786140799210,9958
NEW,O-9959,BUY,106,16,1786140799210,9959
NEW,O-9960,BUY,94,5,1786140799210,9960
NEW,O-9961,SELL,94,17,1786140799210,9961
NEW,O-9962,SELL,107,6,1786140799210,9962
NEW,O-9963,BUY,94,15,1786140799210,9963
NEW,O-9964,SELL,105,7,1786140799210,9964
NEW,O-9965,BUY,90,18,1786140799210,9965
NEW,O-9966,BUY,107,11,1786140799210,9966
NEW,O-9967,BUY,90,7,1786140799210,9967
NEW,O-9968,BUY,90,16,1786140799210,9968
NEW,O-9969,BUY,93,12,1786140799210,9969
NEW,O-9970,SELL,96,9,1786140799210,9970
NEW,O-9971,BUY,105,11,1786140799210,9971
NEW,O-9972,BUY,107,9,1786140799210,9972
NEW,O-9973,BUY,106,17,1786140799210,9973
NEW,O-9974,SELL,105,4,1786140799210,9974
NEW,O-9975,SELL,105,3,1786140799210,9975
NEW,O-9976,SELL,100,19,1786140799210,9976
NEW,O-9977,BUY,103,5,1786140799210,9977
NEW,O-9978,SELL,101,6,1786140799210,9978
NEW,O-9979,BUY,94,20,1786140799210,9979
NEW,O-9980,BUY,103,11,1786140799210,9980
NEW,O-9981,BUY,100,10,1786140799210,9981
NEW,O-9982,BUY,90,9,1786140799210,9982
NEW,O-9983,SELL,108,9,1786140799210,9983
NEW,O-9984,BUY,104,6,1786140799210,9984
NEW,O-9985,SELL,94,20,1786140799210,9985
NEW,O-9986,SELL,100,4,1786140799210,9986
NEW,O-9987,SELL,101,15,1786140799210,9987
NEW,O-9988,SELL,107,14,1786140799210,9988
NEW,O-9989,SELL,100,6,1786140799210,9989
NEW,O-9990,SELL,110,10,1786140799210,9990
NEW,O-9991,SELL,109,20,1786140799210,9991
NEW,O-9992,SELL,95,20,1786140799210,9992
NEW,O-9993,SELL,106,13,1786140799210,9993
NEW,O-9994,BUY,107,18,1786140799210,9994
NEW,O-9995,BUY,97,1,1786140799210,9995
NEW,O-9996,BUY,96,4,1786140799210,9996
NEW,O-9997,SELL,96,16,1786140799210,9997
NEW,O-9998,SELL,102,11,1786140799210,9998
NEW,O-9999,SELL,105,13,1786140799210,9999
NEW,O-10000,SELL,95,11,1786140799210,10000
NEW,O-10001,BUY,93,13,1786140799210,10001
NEW,O-10002,SELL,98,19,1786140799210,10002
